#! /home/kishor/vlsi_project/oss-cad-suite-linux-x64-20260105/oss-cad-suite/bin/vvp
:ivl_version "13.0 (devel)" "(s20251012-47-ge5943047d)";
:ivl_delay_selection "TYPICAL";
:vpi_time_precision - 12;
:vpi_module "/home/kishor/vlsi_project/oss-cad-suite-linux-x64-20260105/oss-cad-suite/lib/ivl/system.vpi";
:vpi_module "/home/kishor/vlsi_project/oss-cad-suite-linux-x64-20260105/oss-cad-suite/lib/ivl/vhdl_sys.vpi";
:vpi_module "/home/kishor/vlsi_project/oss-cad-suite-linux-x64-20260105/oss-cad-suite/lib/ivl/vhdl_textio.vpi";
:vpi_module "/home/kishor/vlsi_project/oss-cad-suite-linux-x64-20260105/oss-cad-suite/lib/ivl/v2005_math.vpi";
:vpi_module "/home/kishor/vlsi_project/oss-cad-suite-linux-x64-20260105/oss-cad-suite/lib/ivl/va_math.vpi";
:vpi_module "/home/kishor/vlsi_project/oss-cad-suite-linux-x64-20260105/oss-cad-suite/lib/ivl/v2009.vpi";
S_0x5555827b74f0 .scope package, "$unit" "$unit" 2 1;
 .timescale 0 0;
S_0x5555827b04f0 .scope module, "soc_core" "soc_core" 3 1;
 .timescale 0 0;
    .port_info 0 /INPUT 1 "clk_i";
    .port_info 1 /INPUT 1 "rst_ni";
P_0x5555827aaa30 .param/str "MEM_INIT_FILE" 0 3 2, "\000";
v0x55558288e550_0 .net "apb_paddr", 31 0, v0x5555828595b0_0;  1 drivers
v0x55558288e630_0 .net "apb_penable", 0 0, v0x555582859650_0;  1 drivers
v0x55558288e740_0 .net "apb_pprot", 2 0, v0x5555828591a0_0;  1 drivers
v0x55558288e830_0 .net "apb_prdata", 31 0, v0x5555827a8df0_0;  1 drivers
v0x55558288e920_0 .net "apb_pready", 0 0, v0x5555827a5a80_0;  1 drivers
v0x55558288ea60_0 .net "apb_psel", 0 0, v0x55558285f760_0;  1 drivers
v0x55558288eb50_0 .net "apb_pslverr", 0 0, v0x5555827baa50_0;  1 drivers
v0x55558288ec40_0 .net "apb_pstrb", 3 0, v0x55558285f380_0;  1 drivers
v0x55558288ed50_0 .net "apb_pwdata", 31 0, v0x55558285ef00_0;  1 drivers
v0x55558288ee10_0 .net "apb_pwrite", 0 0, v0x55558285efd0_0;  1 drivers
o0x7f5fca953018 .functor BUFZ 1, c4<z>; HiZ drive
v0x55558288ef00_0 .net "clk_i", 0 0, o0x7f5fca953018;  0 drivers
v0x55558288efa0_0 .net "cpu_eoi", 31 0, v0x55558287dd00_0;  1 drivers
L_0x7f5fca4d0018 .functor BUFT 1, C4<00000000000000000000000000000000>, C4<0>, C4<0>, C4<0>;
v0x55558288f0b0_0 .net "cpu_irq", 31 0, L_0x7f5fca4d0018;  1 drivers
v0x55558288f1c0_0 .net "mem_axi_araddr", 31 0, L_0x5555828a7f70;  1 drivers
v0x55558288f280_0 .net "mem_axi_arprot", 2 0, L_0x5555828a8140;  1 drivers
v0x55558288f340_0 .net "mem_axi_arready", 0 0, v0x555582867d60_0;  1 drivers
v0x55558288f3e0_0 .net "mem_axi_arvalid", 0 0, L_0x5555827116b0;  1 drivers
v0x55558288f480_0 .net "mem_axi_awaddr", 31 0, L_0x5555826f2f00;  1 drivers
L_0x7f5fca4d0498 .functor BUFT 1, C4<000>, C4<0>, C4<0>, C4<0>;
v0x55558288f540_0 .net "mem_axi_awprot", 2 0, L_0x7f5fca4d0498;  1 drivers
v0x55558288f600_0 .net "mem_axi_awready", 0 0, v0x555582867fe0_0;  1 drivers
v0x55558288f6a0_0 .net "mem_axi_awvalid", 0 0, L_0x5555826f30f0;  1 drivers
v0x55558288f740_0 .net "mem_axi_bready", 0 0, L_0x5555828a8cb0;  1 drivers
v0x55558288f7e0_0 .net "mem_axi_bresp", 1 0, v0x5555828681c0_0;  1 drivers
v0x55558288f8a0_0 .net "mem_axi_bvalid", 0 0, v0x555582868280_0;  1 drivers
v0x55558288f940_0 .net "mem_axi_rdata", 31 0, v0x555582868340_0;  1 drivers
v0x55558288f9e0_0 .net "mem_axi_rready", 0 0, L_0x5555828a8b30;  1 drivers
v0x55558288fa80_0 .net "mem_axi_rresp", 1 0, v0x5555828684e0_0;  1 drivers
v0x55558288fb40_0 .net "mem_axi_rvalid", 0 0, v0x5555828685c0_0;  1 drivers
v0x55558288fbe0_0 .net "mem_axi_wdata", 31 0, L_0x5555828a85b0;  1 drivers
v0x55558288fc80_0 .net "mem_axi_wready", 0 0, v0x555582868760_0;  1 drivers
v0x55558288fd20_0 .net "mem_axi_wstrb", 3 0, L_0x5555828a86b0;  1 drivers
v0x55558288fde0_0 .net "mem_axi_wvalid", 0 0, L_0x5555828a8460;  1 drivers
v0x55558288fe80_0 .net "paddr_debug", 31 0, L_0x5555828b64a0;  1 drivers
v0x555582890150_0 .net "paddr_gpio", 31 0, L_0x5555828b55f0;  1 drivers
v0x5555828901f0_0 .net "paddr_spi", 31 0, L_0x5555828b5db0;  1 drivers
v0x555582890290_0 .net "paddr_timer", 31 0, L_0x5555828b5340;  1 drivers
v0x555582890330_0 .net "paddr_uart", 31 0, L_0x5555828b4e80;  1 drivers
v0x5555828903d0_0 .net "penable_debug", 0 0, L_0x5555828b6240;  1 drivers
v0x555582890470_0 .net "penable_gpio", 0 0, L_0x5555828b5660;  1 drivers
v0x555582890510_0 .net "penable_spi", 0 0, L_0x5555828b5b80;  1 drivers
v0x5555828905b0_0 .net "penable_timer", 0 0, L_0x5555828b51c0;  1 drivers
v0x555582890650_0 .net "penable_uart", 0 0, L_0x5555828b4d00;  1 drivers
v0x5555828906f0_0 .net "pprot_debug", 2 0, L_0x5555828b67d0;  1 drivers
v0x5555828907c0_0 .net "pprot_gpio", 2 0, L_0x5555828b5a20;  1 drivers
v0x555582890890_0 .net "pprot_spi", 2 0, L_0x5555828b60b0;  1 drivers
v0x555582890960_0 .net "pprot_timer", 2 0, L_0x5555828b54f0;  1 drivers
v0x555582890a30_0 .net "pprot_uart", 2 0, L_0x5555828b50c0;  1 drivers
L_0x7f5fca4d03c0 .functor BUFT 1, C4<00000000000000000000000000000000>, C4<0>, C4<0>, C4<0>;
v0x555582890b00_0 .net "prdata_debug", 31 0, L_0x7f5fca4d03c0;  1 drivers
L_0x7f5fca4d0210 .functor BUFT 1, C4<00000000000000000000000000000000>, C4<0>, C4<0>, C4<0>;
v0x555582890bd0_0 .net "prdata_gpio", 31 0, L_0x7f5fca4d0210;  1 drivers
L_0x7f5fca4d02e8 .functor BUFT 1, C4<00000000000000000000000000000000>, C4<0>, C4<0>, C4<0>;
v0x555582890ca0_0 .net "prdata_spi", 31 0, L_0x7f5fca4d02e8;  1 drivers
L_0x7f5fca4d0138 .functor BUFT 1, C4<00000000000000000000000000000000>, C4<0>, C4<0>, C4<0>;
v0x555582890d70_0 .net "prdata_timer", 31 0, L_0x7f5fca4d0138;  1 drivers
L_0x7f5fca4d0060 .functor BUFT 1, C4<00000000000000000000000000000000>, C4<0>, C4<0>, C4<0>;
v0x555582890e40_0 .net "prdata_uart", 31 0, L_0x7f5fca4d0060;  1 drivers
L_0x7f5fca4d0408 .functor BUFT 1, C4<1>, C4<0>, C4<0>, C4<0>;
v0x555582890f10_0 .net "pready_debug", 0 0, L_0x7f5fca4d0408;  1 drivers
L_0x7f5fca4d0258 .functor BUFT 1, C4<1>, C4<0>, C4<0>, C4<0>;
v0x555582890fe0_0 .net "pready_gpio", 0 0, L_0x7f5fca4d0258;  1 drivers
L_0x7f5fca4d0330 .functor BUFT 1, C4<1>, C4<0>, C4<0>, C4<0>;
v0x5555828910b0_0 .net "pready_spi", 0 0, L_0x7f5fca4d0330;  1 drivers
L_0x7f5fca4d0180 .functor BUFT 1, C4<1>, C4<0>, C4<0>, C4<0>;
v0x555582891180_0 .net "pready_timer", 0 0, L_0x7f5fca4d0180;  1 drivers
L_0x7f5fca4d00a8 .functor BUFT 1, C4<1>, C4<0>, C4<0>, C4<0>;
v0x555582891250_0 .net "pready_uart", 0 0, L_0x7f5fca4d00a8;  1 drivers
v0x555582891320_0 .net "psel_debug", 0 0, v0x5555827a5280_0;  1 drivers
v0x5555828913c0_0 .net "psel_gpio", 0 0, v0x5555827a5340_0;  1 drivers
v0x555582891490_0 .net "psel_spi", 0 0, v0x5555827a4f60_0;  1 drivers
v0x555582891560_0 .net "psel_timer", 0 0, v0x5555827a4a30_0;  1 drivers
v0x555582891630_0 .net "psel_uart", 0 0, v0x5555827a4af0_0;  1 drivers
L_0x7f5fca4d0450 .functor BUFT 1, C4<0>, C4<0>, C4<0>, C4<0>;
v0x555582891700_0 .net "pslverr_debug", 0 0, L_0x7f5fca4d0450;  1 drivers
L_0x7f5fca4d02a0 .functor BUFT 1, C4<0>, C4<0>, C4<0>, C4<0>;
v0x5555828917d0_0 .net "pslverr_gpio", 0 0, L_0x7f5fca4d02a0;  1 drivers
L_0x7f5fca4d0378 .functor BUFT 1, C4<0>, C4<0>, C4<0>, C4<0>;
v0x5555828918a0_0 .net "pslverr_spi", 0 0, L_0x7f5fca4d0378;  1 drivers
L_0x7f5fca4d01c8 .functor BUFT 1, C4<0>, C4<0>, C4<0>, C4<0>;
v0x555582891940_0 .net "pslverr_timer", 0 0, L_0x7f5fca4d01c8;  1 drivers
L_0x7f5fca4d00f0 .functor BUFT 1, C4<0>, C4<0>, C4<0>, C4<0>;
v0x555582891a10_0 .net "pslverr_uart", 0 0, L_0x7f5fca4d00f0;  1 drivers
v0x555582891ae0_0 .net "pstrb_debug", 3 0, L_0x5555828b6710;  1 drivers
v0x555582891bb0_0 .net "pstrb_gpio", 3 0, L_0x5555828b5960;  1 drivers
v0x555582891c80_0 .net "pstrb_spi", 3 0, L_0x5555828b5ff0;  1 drivers
v0x555582891d50_0 .net "pstrb_timer", 3 0, L_0x5555828b5480;  1 drivers
v0x555582891e20_0 .net "pstrb_uart", 3 0, L_0x5555828b5000;  1 drivers
v0x555582891ef0_0 .net "pwdata_debug", 31 0, L_0x5555828b6560;  1 drivers
v0x555582891f90_0 .net "pwdata_gpio", 31 0, L_0x5555828b5810;  1 drivers
v0x555582892060_0 .net "pwdata_spi", 31 0, L_0x5555828b5e70;  1 drivers
v0x555582892130_0 .net "pwdata_timer", 31 0, L_0x5555828b53b0;  1 drivers
v0x555582892200_0 .net "pwdata_uart", 31 0, L_0x5555828b4f40;  1 drivers
v0x5555828922d0_0 .net "pwrite_debug", 0 0, L_0x5555828b6300;  1 drivers
v0x5555828923a0_0 .net "pwrite_gpio", 0 0, L_0x5555828b56d0;  1 drivers
v0x555582892470_0 .net "pwrite_spi", 0 0, L_0x5555828b5c40;  1 drivers
v0x555582892510_0 .net "pwrite_timer", 0 0, L_0x5555828b5280;  1 drivers
v0x5555828925e0_0 .net "pwrite_uart", 0 0, L_0x5555828b4dc0;  1 drivers
o0x7f5fca953b88 .functor BUFZ 1, c4<z>; HiZ drive
v0x5555828926b0_0 .net "rst_ni", 0 0, o0x7f5fca953b88;  0 drivers
v0x555582892750_0 .net "s0_araddr", 31 0, v0x555582869640_0;  1 drivers
v0x555582892820_0 .net "s0_arprot", 2 0, v0x555582869720_0;  1 drivers
v0x555582892910_0 .net "s0_arready", 0 0, L_0x5555828b2a70;  1 drivers
v0x555582892a00_0 .net "s0_arvalid", 0 0, v0x5555828698c0_0;  1 drivers
v0x555582892af0_0 .net "s0_awaddr", 31 0, v0x555582869980_0;  1 drivers
v0x555582892b90_0 .net "s0_awprot", 2 0, v0x555582869a60_0;  1 drivers
v0x555582892c80_0 .net "s0_awready", 0 0, L_0x5555828b2650;  1 drivers
v0x555582892d70_0 .net "s0_awvalid", 0 0, v0x555582869c00_0;  1 drivers
v0x555582892e60_0 .net "s0_bready", 0 0, v0x555582869cc0_0;  1 drivers
L_0x7f5fca4d16e0 .functor BUFT 1, C4<00>, C4<0>, C4<0>, C4<0>;
v0x555582892f50_0 .net "s0_bresp", 1 0, L_0x7f5fca4d16e0;  1 drivers
v0x555582893040_0 .net "s0_bvalid", 0 0, L_0x5555828b2a00;  1 drivers
v0x555582893130_0 .net "s0_rdata", 31 0, L_0x5555828b2bd0;  1 drivers
v0x555582893220_0 .net "s0_rready", 0 0, v0x55558286a000_0;  1 drivers
L_0x7f5fca4d1728 .functor BUFT 1, C4<00>, C4<0>, C4<0>, C4<0>;
v0x555582893310_0 .net "s0_rresp", 1 0, L_0x7f5fca4d1728;  1 drivers
v0x555582893400_0 .net "s0_rvalid", 0 0, L_0x5555828b2b10;  1 drivers
v0x5555828934f0_0 .net "s0_wdata", 31 0, v0x55558286a260_0;  1 drivers
v0x5555828935e0_0 .net "s0_wready", 0 0, L_0x5555828b28f0;  1 drivers
v0x5555828936d0_0 .net "s0_wstrb", 3 0, v0x55558286a400_0;  1 drivers
v0x5555828937c0_0 .net "s0_wvalid", 0 0, v0x55558286a4e0_0;  1 drivers
v0x5555828938b0_0 .net "s1_araddr", 31 0, v0x55558286a5a0_0;  1 drivers
v0x555582893950_0 .net "s1_arprot", 2 0, v0x55558286a680_0;  1 drivers
v0x555582893a40_0 .net "s1_arready", 0 0, L_0x5555828b3380;  1 drivers
v0x555582893b30_0 .net "s1_arvalid", 0 0, v0x55558286a820_0;  1 drivers
v0x555582893c20_0 .net "s1_awaddr", 31 0, v0x55558286a8e0_0;  1 drivers
v0x555582893cc0_0 .net "s1_awprot", 2 0, v0x55558286a9c0_0;  1 drivers
v0x555582893db0_0 .net "s1_awready", 0 0, L_0x5555828b2f60;  1 drivers
v0x555582893ea0_0 .net "s1_awvalid", 0 0, v0x55558286ab60_0;  1 drivers
v0x555582893f90_0 .net "s1_bready", 0 0, v0x55558286ac20_0;  1 drivers
L_0x7f5fca4d1770 .functor BUFT 1, C4<00>, C4<0>, C4<0>, C4<0>;
v0x555582894080_0 .net "s1_bresp", 1 0, L_0x7f5fca4d1770;  1 drivers
v0x555582894170_0 .net "s1_bvalid", 0 0, L_0x5555828b3310;  1 drivers
v0x555582894260_0 .net "s1_rdata", 31 0, L_0x5555828b34e0;  1 drivers
v0x555582894350_0 .net "s1_rready", 0 0, v0x55558286af60_0;  1 drivers
L_0x7f5fca4d17b8 .functor BUFT 1, C4<00>, C4<0>, C4<0>, C4<0>;
v0x555582894440_0 .net "s1_rresp", 1 0, L_0x7f5fca4d17b8;  1 drivers
v0x555582894530_0 .net "s1_rvalid", 0 0, L_0x5555828b3420;  1 drivers
v0x555582894620_0 .net "s1_wdata", 31 0, v0x55558286b1c0_0;  1 drivers
v0x555582894710_0 .net "s1_wready", 0 0, L_0x5555828b3200;  1 drivers
v0x555582894800_0 .net "s1_wstrb", 3 0, v0x55558286b360_0;  1 drivers
v0x5555828948f0_0 .net "s1_wvalid", 0 0, v0x55558286b440_0;  1 drivers
v0x5555828949e0_0 .net "s2_araddr", 31 0, v0x55558286b500_0;  1 drivers
v0x555582894a80_0 .net "s2_arprot", 2 0, v0x55558286b5e0_0;  1 drivers
v0x555582894b70_0 .net "s2_arready", 0 0, L_0x5555828b3c90;  1 drivers
v0x555582894c60_0 .net "s2_arvalid", 0 0, v0x55558286b780_0;  1 drivers
v0x555582894d50_0 .net "s2_awaddr", 31 0, v0x55558286b840_0;  1 drivers
v0x555582894df0_0 .net "s2_awprot", 2 0, v0x55558286b920_0;  1 drivers
v0x555582894ee0_0 .net "s2_awready", 0 0, L_0x5555828b3870;  1 drivers
v0x555582894fd0_0 .net "s2_awvalid", 0 0, v0x55558286bac0_0;  1 drivers
v0x5555828958d0_0 .net "s2_bready", 0 0, v0x55558286bb80_0;  1 drivers
L_0x7f5fca4d1800 .functor BUFT 1, C4<00>, C4<0>, C4<0>, C4<0>;
v0x5555828959c0_0 .net "s2_bresp", 1 0, L_0x7f5fca4d1800;  1 drivers
v0x555582895ab0_0 .net "s2_bvalid", 0 0, L_0x5555828b3c20;  1 drivers
v0x555582895ba0_0 .net "s2_rdata", 31 0, L_0x5555828b3df0;  1 drivers
v0x555582895c90_0 .net "s2_rready", 0 0, v0x55558286bec0_0;  1 drivers
L_0x7f5fca4d1848 .functor BUFT 1, C4<00>, C4<0>, C4<0>, C4<0>;
v0x555582895d80_0 .net "s2_rresp", 1 0, L_0x7f5fca4d1848;  1 drivers
v0x555582895e70_0 .net "s2_rvalid", 0 0, L_0x5555828b3d30;  1 drivers
v0x555582895f60_0 .net "s2_wdata", 31 0, v0x55558286c120_0;  1 drivers
v0x555582896050_0 .net "s2_wready", 0 0, L_0x5555828b3b10;  1 drivers
v0x555582896140_0 .net "s2_wstrb", 3 0, v0x55558286c2c0_0;  1 drivers
v0x555582896230_0 .net "s2_wvalid", 0 0, v0x55558286c3a0_0;  1 drivers
v0x555582896320_0 .net "s3_araddr", 31 0, v0x55558286c460_0;  1 drivers
v0x555582896410_0 .net "s3_arprot", 2 0, v0x55558286c520_0;  1 drivers
v0x555582896500_0 .net "s3_arready", 0 0, L_0x5555828b4bf0;  1 drivers
v0x5555828965f0_0 .net "s3_arvalid", 0 0, v0x55558286c660_0;  1 drivers
v0x5555828966e0_0 .net "s3_awaddr", 31 0, v0x55558286c700_0;  1 drivers
v0x5555828967d0_0 .net "s3_awprot", 2 0, v0x55558286c7d0_0;  1 drivers
v0x5555828968c0_0 .net "s3_awready", 0 0, L_0x5555828b41d0;  1 drivers
v0x5555828969b0_0 .net "s3_awvalid", 0 0, v0x55558286c970_0;  1 drivers
v0x555582896aa0_0 .net "s3_bready", 0 0, v0x55558286ca40_0;  1 drivers
v0x555582896b90_0 .net "s3_bresp", 1 0, v0x55558285d3e0_0;  1 drivers
v0x555582896c80_0 .net "s3_bvalid", 0 0, v0x55558285d4c0_0;  1 drivers
v0x555582896d70_0 .net "s3_rdata", 31 0, v0x55558285d000_0;  1 drivers
v0x555582896e60_0 .net "s3_rready", 0 0, v0x55558286cd80_0;  1 drivers
v0x555582896f50_0 .net "s3_rresp", 1 0, v0x55558285cc20_0;  1 drivers
v0x555582897040_0 .net "s3_rvalid", 0 0, v0x55558285cd00_0;  1 drivers
v0x555582897130_0 .net "s3_wdata", 31 0, v0x55558286cff0_0;  1 drivers
v0x555582897220_0 .net "s3_wready", 0 0, L_0x5555828b44c0;  1 drivers
v0x555582897310_0 .net "s3_wstrb", 3 0, v0x55558286d190_0;  1 drivers
v0x555582897400_0 .net "s3_wvalid", 0 0, v0x55558286d260_0;  1 drivers
v0x5555828974f0_0 .net "trap", 0 0, v0x555582886920_0;  1 drivers
L_0x5555828b2c40 .part v0x555582869980_0, 0, 16;
L_0x5555828b2d30 .part v0x555582869640_0, 0, 16;
L_0x5555828b3550 .part v0x55558286a8e0_0, 0, 17;
L_0x5555828b3640 .part v0x55558286a5a0_0, 0, 17;
L_0x5555828b3e60 .part v0x55558286b840_0, 0, 24;
L_0x5555828b3f50 .part v0x55558286b500_0, 0, 24;
S_0x5555828407c0 .scope module, "u_apb_xbar" "apb_interconnect" 3 365, 4 21 0, S_0x5555827b04f0;
 .timescale -9 -12;
    .port_info 0 /INPUT 1 "clk";
    .port_info 1 /INPUT 1 "resetn";
    .port_info 2 /INPUT 1 "psel_i";
    .port_info 3 /INPUT 1 "penable_i";
    .port_info 4 /INPUT 1 "pwrite_i";
    .port_info 5 /INPUT 32 "paddr_i";
    .port_info 6 /INPUT 32 "pwdata_i";
    .port_info 7 /INPUT 4 "pstrb_i";
    .port_info 8 /INPUT 3 "pprot_i";
    .port_info 9 /OUTPUT 32 "prdata_o";
    .port_info 10 /OUTPUT 1 "pready_o";
    .port_info 11 /OUTPUT 1 "pslverr_o";
    .port_info 12 /OUTPUT 1 "psel_uart";
    .port_info 13 /OUTPUT 1 "penable_uart";
    .port_info 14 /OUTPUT 1 "pwrite_uart";
    .port_info 15 /OUTPUT 32 "paddr_uart";
    .port_info 16 /OUTPUT 32 "pwdata_uart";
    .port_info 17 /OUTPUT 4 "pstrb_uart";
    .port_info 18 /OUTPUT 3 "pprot_uart";
    .port_info 19 /INPUT 32 "prdata_uart";
    .port_info 20 /INPUT 1 "pready_uart";
    .port_info 21 /INPUT 1 "pslverr_uart";
    .port_info 22 /OUTPUT 1 "psel_timer";
    .port_info 23 /OUTPUT 1 "penable_timer";
    .port_info 24 /OUTPUT 1 "pwrite_timer";
    .port_info 25 /OUTPUT 32 "paddr_timer";
    .port_info 26 /OUTPUT 32 "pwdata_timer";
    .port_info 27 /OUTPUT 4 "pstrb_timer";
    .port_info 28 /OUTPUT 3 "pprot_timer";
    .port_info 29 /INPUT 32 "prdata_timer";
    .port_info 30 /INPUT 1 "pready_timer";
    .port_info 31 /INPUT 1 "pslverr_timer";
    .port_info 32 /OUTPUT 1 "psel_gpio";
    .port_info 33 /OUTPUT 1 "penable_gpio";
    .port_info 34 /OUTPUT 1 "pwrite_gpio";
    .port_info 35 /OUTPUT 32 "paddr_gpio";
    .port_info 36 /OUTPUT 32 "pwdata_gpio";
    .port_info 37 /OUTPUT 4 "pstrb_gpio";
    .port_info 38 /OUTPUT 3 "pprot_gpio";
    .port_info 39 /INPUT 32 "prdata_gpio";
    .port_info 40 /INPUT 1 "pready_gpio";
    .port_info 41 /INPUT 1 "pslverr_gpio";
    .port_info 42 /OUTPUT 1 "psel_spi";
    .port_info 43 /OUTPUT 1 "penable_spi";
    .port_info 44 /OUTPUT 1 "pwrite_spi";
    .port_info 45 /OUTPUT 32 "paddr_spi";
    .port_info 46 /OUTPUT 32 "pwdata_spi";
    .port_info 47 /OUTPUT 4 "pstrb_spi";
    .port_info 48 /OUTPUT 3 "pprot_spi";
    .port_info 49 /INPUT 32 "prdata_spi";
    .port_info 50 /INPUT 1 "pready_spi";
    .port_info 51 /INPUT 1 "pslverr_spi";
    .port_info 52 /OUTPUT 1 "psel_debug";
    .port_info 53 /OUTPUT 1 "penable_debug";
    .port_info 54 /OUTPUT 1 "pwrite_debug";
    .port_info 55 /OUTPUT 32 "paddr_debug";
    .port_info 56 /OUTPUT 32 "pwdata_debug";
    .port_info 57 /OUTPUT 4 "pstrb_debug";
    .port_info 58 /OUTPUT 3 "pprot_debug";
    .port_info 59 /INPUT 32 "prdata_debug";
    .port_info 60 /INPUT 1 "pready_debug";
    .port_info 61 /INPUT 1 "pslverr_debug";
enum0x5555827419e0 .enum4 (3)
   "SEL_UART" 3'b000,
   "SEL_TIMER" 3'b001,
   "SEL_GPIO" 3'b010,
   "SEL_SPI" 3'b011,
   "SEL_DEBUG" 3'b100,
   "SEL_NONE" 3'b111
 ;
L_0x5555828b4d00 .functor BUFZ 1, v0x555582859650_0, C4<0>, C4<0>, C4<0>;
L_0x5555828b4dc0 .functor BUFZ 1, v0x55558285efd0_0, C4<0>, C4<0>, C4<0>;
L_0x5555828b4e80 .functor BUFZ 32, v0x5555828595b0_0, C4<00000000000000000000000000000000>, C4<00000000000000000000000000000000>, C4<00000000000000000000000000000000>;
L_0x5555828b4f40 .functor BUFZ 32, v0x55558285ef00_0, C4<00000000000000000000000000000000>, C4<00000000000000000000000000000000>, C4<00000000000000000000000000000000>;
L_0x5555828b5000 .functor BUFZ 4, v0x55558285f380_0, C4<0000>, C4<0000>, C4<0000>;
L_0x5555828b50c0 .functor BUFZ 3, v0x5555828591a0_0, C4<000>, C4<000>, C4<000>;
L_0x5555828b51c0 .functor BUFZ 1, v0x555582859650_0, C4<0>, C4<0>, C4<0>;
L_0x5555828b5280 .functor BUFZ 1, v0x55558285efd0_0, C4<0>, C4<0>, C4<0>;
L_0x5555828b5340 .functor BUFZ 32, v0x5555828595b0_0, C4<00000000000000000000000000000000>, C4<00000000000000000000000000000000>, C4<00000000000000000000000000000000>;
L_0x5555828b53b0 .functor BUFZ 32, v0x55558285ef00_0, C4<00000000000000000000000000000000>, C4<00000000000000000000000000000000>, C4<00000000000000000000000000000000>;
L_0x5555828b5480 .functor BUFZ 4, v0x55558285f380_0, C4<0000>, C4<0000>, C4<0000>;
L_0x5555828b54f0 .functor BUFZ 3, v0x5555828591a0_0, C4<000>, C4<000>, C4<000>;
L_0x5555828b5660 .functor BUFZ 1, v0x555582859650_0, C4<0>, C4<0>, C4<0>;
L_0x5555828b56d0 .functor BUFZ 1, v0x55558285efd0_0, C4<0>, C4<0>, C4<0>;
L_0x5555828b55f0 .functor BUFZ 32, v0x5555828595b0_0, C4<00000000000000000000000000000000>, C4<00000000000000000000000000000000>, C4<00000000000000000000000000000000>;
L_0x5555828b5810 .functor BUFZ 32, v0x55558285ef00_0, C4<00000000000000000000000000000000>, C4<00000000000000000000000000000000>, C4<00000000000000000000000000000000>;
L_0x5555828b5960 .functor BUFZ 4, v0x55558285f380_0, C4<0000>, C4<0000>, C4<0000>;
L_0x5555828b5a20 .functor BUFZ 3, v0x5555828591a0_0, C4<000>, C4<000>, C4<000>;
L_0x5555828b5b80 .functor BUFZ 1, v0x555582859650_0, C4<0>, C4<0>, C4<0>;
L_0x5555828b5c40 .functor BUFZ 1, v0x55558285efd0_0, C4<0>, C4<0>, C4<0>;
L_0x5555828b5db0 .functor BUFZ 32, v0x5555828595b0_0, C4<00000000000000000000000000000000>, C4<00000000000000000000000000000000>, C4<00000000000000000000000000000000>;
L_0x5555828b5e70 .functor BUFZ 32, v0x55558285ef00_0, C4<00000000000000000000000000000000>, C4<00000000000000000000000000000000>, C4<00000000000000000000000000000000>;
L_0x5555828b5ff0 .functor BUFZ 4, v0x55558285f380_0, C4<0000>, C4<0000>, C4<0000>;
L_0x5555828b60b0 .functor BUFZ 3, v0x5555828591a0_0, C4<000>, C4<000>, C4<000>;
L_0x5555828b6240 .functor BUFZ 1, v0x555582859650_0, C4<0>, C4<0>, C4<0>;
L_0x5555828b6300 .functor BUFZ 1, v0x55558285efd0_0, C4<0>, C4<0>, C4<0>;
L_0x5555828b64a0 .functor BUFZ 32, v0x5555828595b0_0, C4<00000000000000000000000000000000>, C4<00000000000000000000000000000000>, C4<00000000000000000000000000000000>;
L_0x5555828b6560 .functor BUFZ 32, v0x55558285ef00_0, C4<00000000000000000000000000000000>, C4<00000000000000000000000000000000>, C4<00000000000000000000000000000000>;
L_0x5555828b6710 .functor BUFZ 4, v0x55558285f380_0, C4<0000>, C4<0000>, C4<0000>;
L_0x5555828b67d0 .functor BUFZ 3, v0x5555828591a0_0, C4<000>, C4<000>, C4<000>;
v0x5555827f20c0_0 .net "clk", 0 0, o0x7f5fca953018;  alias, 0 drivers
v0x5555827a3e30_0 .net "paddr_debug", 31 0, L_0x5555828b64a0;  alias, 1 drivers
v0x55558283c5b0_0 .net "paddr_gpio", 31 0, L_0x5555828b55f0;  alias, 1 drivers
v0x55558283d510_0 .net "paddr_i", 31 0, v0x5555828595b0_0;  alias, 1 drivers
v0x555582823d50_0 .net "paddr_spi", 31 0, L_0x5555828b5db0;  alias, 1 drivers
v0x555582825450_0 .net "paddr_timer", 31 0, L_0x5555828b5340;  alias, 1 drivers
v0x5555827b4500_0 .net "paddr_uart", 31 0, L_0x5555828b4e80;  alias, 1 drivers
v0x555582799e10_0 .net "penable_debug", 0 0, L_0x5555828b6240;  alias, 1 drivers
v0x5555827999f0_0 .net "penable_gpio", 0 0, L_0x5555828b5660;  alias, 1 drivers
v0x555582799ab0_0 .net "penable_i", 0 0, v0x555582859650_0;  alias, 1 drivers
v0x555582799580_0 .net "penable_spi", 0 0, L_0x5555828b5b80;  alias, 1 drivers
v0x555582799640_0 .net "penable_timer", 0 0, L_0x5555828b51c0;  alias, 1 drivers
v0x555582799180_0 .net "penable_uart", 0 0, L_0x5555828b4d00;  alias, 1 drivers
v0x555582799240_0 .net "pprot_debug", 2 0, L_0x5555828b67d0;  alias, 1 drivers
v0x555582797ee0_0 .net "pprot_gpio", 2 0, L_0x5555828b5a20;  alias, 1 drivers
v0x55558283e350_0 .net "pprot_i", 2 0, v0x5555828591a0_0;  alias, 1 drivers
v0x55558283e080_0 .net "pprot_spi", 2 0, L_0x5555828b60b0;  alias, 1 drivers
v0x555582845f90_0 .net "pprot_timer", 2 0, L_0x5555828b54f0;  alias, 1 drivers
v0x555582845cc0_0 .net "pprot_uart", 2 0, L_0x5555828b50c0;  alias, 1 drivers
v0x555582774af0_0 .net "prdata_debug", 31 0, L_0x7f5fca4d03c0;  alias, 1 drivers
v0x55558276f2f0_0 .net "prdata_gpio", 31 0, L_0x7f5fca4d0210;  alias, 1 drivers
v0x5555827a8df0_0 .var "prdata_o", 31 0;
v0x5555827b9910_0 .net "prdata_spi", 31 0, L_0x7f5fca4d02e8;  alias, 1 drivers
v0x5555827a6760_0 .net "prdata_timer", 31 0, L_0x7f5fca4d0138;  alias, 1 drivers
v0x5555827a6360_0 .net "prdata_uart", 31 0, L_0x7f5fca4d0060;  alias, 1 drivers
v0x5555827a5f80_0 .net "pready_debug", 0 0, L_0x7f5fca4d0408;  alias, 1 drivers
v0x5555827a6040_0 .net "pready_gpio", 0 0, L_0x7f5fca4d0258;  alias, 1 drivers
v0x5555827a5a80_0 .var "pready_o", 0 0;
v0x5555827a5b40_0 .net "pready_spi", 0 0, L_0x7f5fca4d0330;  alias, 1 drivers
v0x5555827a5680_0 .net "pready_timer", 0 0, L_0x7f5fca4d0180;  alias, 1 drivers
v0x5555827a5740_0 .net "pready_uart", 0 0, L_0x7f5fca4d00a8;  alias, 1 drivers
v0x5555827a5280_0 .var "psel_debug", 0 0;
v0x5555827a5340_0 .var "psel_gpio", 0 0;
v0x5555827a4ea0_0 .net "psel_i", 0 0, v0x55558285f760_0;  alias, 1 drivers
v0x5555827a4f60_0 .var "psel_spi", 0 0;
v0x5555827a4a30_0 .var "psel_timer", 0 0;
v0x5555827a4af0_0 .var "psel_uart", 0 0;
v0x555582836580_0 .net "pslverr_debug", 0 0, L_0x7f5fca4d0450;  alias, 1 drivers
v0x555582836640_0 .net "pslverr_gpio", 0 0, L_0x7f5fca4d02a0;  alias, 1 drivers
v0x5555827baa50_0 .var "pslverr_o", 0 0;
v0x5555827bab10_0 .net "pslverr_spi", 0 0, L_0x7f5fca4d0378;  alias, 1 drivers
v0x5555827b8b70_0 .net "pslverr_timer", 0 0, L_0x7f5fca4d01c8;  alias, 1 drivers
v0x5555827b8c30_0 .net "pslverr_uart", 0 0, L_0x7f5fca4d00f0;  alias, 1 drivers
v0x5555826f2f70_0 .net "pstrb_debug", 3 0, L_0x5555828b6710;  alias, 1 drivers
v0x5555826f3050_0 .net "pstrb_gpio", 3 0, L_0x5555828b5960;  alias, 1 drivers
v0x555582840380_0 .net "pstrb_i", 3 0, v0x55558285f380_0;  alias, 1 drivers
v0x555582840460_0 .net "pstrb_spi", 3 0, L_0x5555828b5ff0;  alias, 1 drivers
v0x55558283fc00_0 .net "pstrb_timer", 3 0, L_0x5555828b5480;  alias, 1 drivers
v0x55558283fce0_0 .net "pstrb_uart", 3 0, L_0x5555828b5000;  alias, 1 drivers
v0x555582848400_0 .net "pwdata_debug", 31 0, L_0x5555828b6560;  alias, 1 drivers
v0x5555828484e0_0 .net "pwdata_gpio", 31 0, L_0x5555828b5810;  alias, 1 drivers
v0x555582847fc0_0 .net "pwdata_i", 31 0, v0x55558285ef00_0;  alias, 1 drivers
v0x5555828480a0_0 .net "pwdata_spi", 31 0, L_0x5555828b5e70;  alias, 1 drivers
v0x555582847840_0 .net "pwdata_timer", 31 0, L_0x5555828b53b0;  alias, 1 drivers
v0x555582847920_0 .net "pwdata_uart", 31 0, L_0x5555828b4f40;  alias, 1 drivers
v0x5555827a9610_0 .net "pwrite_debug", 0 0, L_0x5555828b6300;  alias, 1 drivers
v0x5555827a96d0_0 .net "pwrite_gpio", 0 0, L_0x5555828b56d0;  alias, 1 drivers
v0x5555827a91d0_0 .net "pwrite_i", 0 0, v0x55558285efd0_0;  alias, 1 drivers
v0x5555827a9290_0 .net "pwrite_spi", 0 0, L_0x5555828b5c40;  alias, 1 drivers
v0x5555827aa620_0 .net "pwrite_timer", 0 0, L_0x5555828b5280;  alias, 1 drivers
v0x5555827aa6c0_0 .net "pwrite_uart", 0 0, L_0x5555828b4dc0;  alias, 1 drivers
v0x5555827aa240_0 .net "resetn", 0 0, o0x7f5fca953b88;  alias, 0 drivers
v0x5555827aa300_0 .var "slave_sel", 2 0;
E_0x5555827119e0/0 .event anyedge, v0x5555827aa300_0, v0x5555827a6360_0, v0x5555827a5740_0, v0x5555827b8c30_0;
E_0x5555827119e0/1 .event anyedge, v0x5555827a6760_0, v0x5555827a5680_0, v0x5555827b8b70_0, v0x55558276f2f0_0;
E_0x5555827119e0/2 .event anyedge, v0x5555827a6040_0, v0x555582836640_0, v0x5555827b9910_0, v0x5555827a5b40_0;
E_0x5555827119e0/3 .event anyedge, v0x5555827bab10_0, v0x555582774af0_0, v0x5555827a5f80_0, v0x555582836580_0;
E_0x5555827119e0 .event/or E_0x5555827119e0/0, E_0x5555827119e0/1, E_0x5555827119e0/2, E_0x5555827119e0/3;
E_0x555582711920 .event anyedge, v0x5555827a4ea0_0, v0x5555827aa300_0;
E_0x555582711840 .event anyedge, v0x55558283d510_0;
S_0x5555827a2880 .scope module, "u_axi2apb" "axi2apb_bridge" 3 331, 5 20 0, S_0x5555827b04f0;
 .timescale -9 -12;
    .port_info 0 /INPUT 1 "clk";
    .port_info 1 /INPUT 1 "resetn";
    .port_info 2 /INPUT 1 "axi_awvalid";
    .port_info 3 /OUTPUT 1 "axi_awready";
    .port_info 4 /INPUT 32 "axi_awaddr";
    .port_info 5 /INPUT 3 "axi_awprot";
    .port_info 6 /INPUT 1 "axi_wvalid";
    .port_info 7 /OUTPUT 1 "axi_wready";
    .port_info 8 /INPUT 32 "axi_wdata";
    .port_info 9 /INPUT 4 "axi_wstrb";
    .port_info 10 /OUTPUT 1 "axi_bvalid";
    .port_info 11 /INPUT 1 "axi_bready";
    .port_info 12 /OUTPUT 2 "axi_bresp";
    .port_info 13 /INPUT 1 "axi_arvalid";
    .port_info 14 /OUTPUT 1 "axi_arready";
    .port_info 15 /INPUT 32 "axi_araddr";
    .port_info 16 /INPUT 3 "axi_arprot";
    .port_info 17 /OUTPUT 1 "axi_rvalid";
    .port_info 18 /INPUT 1 "axi_rready";
    .port_info 19 /OUTPUT 32 "axi_rdata";
    .port_info 20 /OUTPUT 2 "axi_rresp";
    .port_info 21 /OUTPUT 1 "apb_psel";
    .port_info 22 /OUTPUT 1 "apb_penable";
    .port_info 23 /OUTPUT 1 "apb_pwrite";
    .port_info 24 /OUTPUT 32 "apb_paddr";
    .port_info 25 /OUTPUT 32 "apb_pwdata";
    .port_info 26 /OUTPUT 4 "apb_pstrb";
    .port_info 27 /OUTPUT 3 "apb_pprot";
    .port_info 28 /INPUT 32 "apb_prdata";
    .port_info 29 /INPUT 1 "apb_pready";
    .port_info 30 /INPUT 1 "apb_pslverr";
enum0x55558254ee90 .enum4 (3)
   "ST_IDLE" 3'b000,
   "ST_APB_SETUP" 3'b001,
   "ST_APB_ACCESS" 3'b010,
   "ST_WR_RESP" 3'b011,
   "ST_RD_RESP" 3'b100
 ;
L_0x5555828b41d0 .functor AND 1, L_0x5555828b4040, L_0x5555828b4130, C4<1>, C4<1>;
L_0x5555828b44c0 .functor AND 1, L_0x5555828b42e0, L_0x5555828b4420, C4<1>, C4<1>;
L_0x5555828b47f0 .functor AND 1, L_0x5555828b45d0, L_0x5555828b46c0, C4<1>, C4<1>;
L_0x5555828b49f0 .functor AND 1, L_0x5555828b47f0, L_0x5555828b4900, C4<1>, C4<1>;
L_0x5555828b4bf0 .functor AND 1, L_0x5555828b49f0, L_0x5555828b4b00, C4<1>, C4<1>;
L_0x7f5fca4d1890 .functor BUFT 1, C4<000>, C4<0>, C4<0>, C4<0>;
v0x5555826ab210_0 .net/2u *"_ivl_0", 2 0, L_0x7f5fca4d1890;  1 drivers
v0x55558279d170_0 .net *"_ivl_10", 0 0, L_0x5555828b42e0;  1 drivers
v0x5555827a0990_0 .net *"_ivl_13", 0 0, L_0x5555828b4420;  1 drivers
L_0x7f5fca4d1920 .functor BUFT 1, C4<000>, C4<0>, C4<0>, C4<0>;
v0x5555827a0a30_0 .net/2u *"_ivl_16", 2 0, L_0x7f5fca4d1920;  1 drivers
v0x5555827a0590_0 .net *"_ivl_18", 0 0, L_0x5555828b45d0;  1 drivers
v0x55558279e6b0_0 .net *"_ivl_2", 0 0, L_0x5555828b4040;  1 drivers
v0x55558279e770_0 .net *"_ivl_21", 0 0, L_0x5555828b46c0;  1 drivers
v0x555582838b80_0 .net *"_ivl_23", 0 0, L_0x5555828b47f0;  1 drivers
v0x555582838c20_0 .net *"_ivl_25", 0 0, L_0x5555828b4900;  1 drivers
v0x555582838740_0 .net *"_ivl_27", 0 0, L_0x5555828b49f0;  1 drivers
v0x555582838800_0 .net *"_ivl_29", 0 0, L_0x5555828b4b00;  1 drivers
v0x555582837f30_0 .net *"_ivl_5", 0 0, L_0x5555828b4130;  1 drivers
L_0x7f5fca4d18d8 .functor BUFT 1, C4<000>, C4<0>, C4<0>, C4<0>;
v0x555582837fd0_0 .net/2u *"_ivl_8", 2 0, L_0x7f5fca4d18d8;  1 drivers
v0x5555828595b0_0 .var "apb_paddr", 31 0;
v0x555582859650_0 .var "apb_penable", 0 0;
v0x5555828591a0_0 .var "apb_pprot", 2 0;
v0x555582859240_0 .net "apb_prdata", 31 0, v0x5555827a8df0_0;  alias, 1 drivers
v0x55558285f6c0_0 .net "apb_pready", 0 0, v0x5555827a5a80_0;  alias, 1 drivers
v0x55558285f760_0 .var "apb_psel", 0 0;
v0x55558285f2e0_0 .net "apb_pslverr", 0 0, v0x5555827baa50_0;  alias, 1 drivers
v0x55558285f380_0 .var "apb_pstrb", 3 0;
v0x55558285ef00_0 .var "apb_pwdata", 31 0;
v0x55558285efd0_0 .var "apb_pwrite", 0 0;
v0x55558285eb20_0 .var "apb_rdata_reg", 31 0;
v0x55558285ebc0_0 .var "apb_slverr_reg", 0 0;
v0x55558285e740_0 .var "aw_addr_reg", 31 0;
v0x55558285e7e0_0 .var "aw_captured", 0 0;
v0x555582858d90_0 .var "aw_prot_reg", 2 0;
v0x555582858e70_0 .net "axi_araddr", 31 0, v0x55558286c460_0;  alias, 1 drivers
v0x55558285e360_0 .net "axi_arprot", 2 0, v0x55558286c520_0;  alias, 1 drivers
v0x55558285e420_0 .net "axi_arready", 0 0, L_0x5555828b4bf0;  alias, 1 drivers
v0x55558285df80_0 .net "axi_arvalid", 0 0, v0x55558286c660_0;  alias, 1 drivers
v0x55558285e020_0 .net "axi_awaddr", 31 0, v0x55558286c700_0;  alias, 1 drivers
v0x55558285dba0_0 .net "axi_awprot", 2 0, v0x55558286c7d0_0;  alias, 1 drivers
v0x55558285dc60_0 .net "axi_awready", 0 0, L_0x5555828b41d0;  alias, 1 drivers
v0x55558285d7c0_0 .net "axi_awvalid", 0 0, v0x55558286c970_0;  alias, 1 drivers
v0x55558285d860_0 .net "axi_bready", 0 0, v0x55558286ca40_0;  alias, 1 drivers
v0x55558285d3e0_0 .var "axi_bresp", 1 0;
v0x55558285d4c0_0 .var "axi_bvalid", 0 0;
v0x55558285d000_0 .var "axi_rdata", 31 0;
v0x55558285d0e0_0 .net "axi_rready", 0 0, v0x55558286cd80_0;  alias, 1 drivers
v0x55558285cc20_0 .var "axi_rresp", 1 0;
v0x55558285cd00_0 .var "axi_rvalid", 0 0;
v0x55558285c840_0 .net "axi_wdata", 31 0, v0x55558286cff0_0;  alias, 1 drivers
v0x55558285c920_0 .net "axi_wready", 0 0, L_0x5555828b44c0;  alias, 1 drivers
v0x55558285c460_0 .net "axi_wstrb", 3 0, v0x55558286d190_0;  alias, 1 drivers
v0x55558285c540_0 .net "axi_wvalid", 0 0, v0x55558286d260_0;  alias, 1 drivers
v0x55558285c080_0 .net "clk", 0 0, o0x7f5fca953018;  alias, 0 drivers
v0x55558285c150_0 .var "is_write_txn", 0 0;
v0x555582858980_0 .net "resetn", 0 0, o0x7f5fca953b88;  alias, 0 drivers
v0x555582858a20_0 .var "state", 2 0;
v0x55558285bca0_0 .var "w_captured", 0 0;
v0x55558285bd60_0 .var "w_data_reg", 31 0;
v0x55558285b8c0_0 .var "w_strb_reg", 3 0;
E_0x55558253cc00 .event posedge, v0x5555827f20c0_0;
L_0x5555828b4040 .cmp/eq 3, v0x555582858a20_0, L_0x7f5fca4d1890;
L_0x5555828b4130 .reduce/nor v0x55558285e7e0_0;
L_0x5555828b42e0 .cmp/eq 3, v0x555582858a20_0, L_0x7f5fca4d18d8;
L_0x5555828b4420 .reduce/nor v0x55558285bca0_0;
L_0x5555828b45d0 .cmp/eq 3, v0x555582858a20_0, L_0x7f5fca4d1920;
L_0x5555828b46c0 .reduce/nor v0x55558285e7e0_0;
L_0x5555828b4900 .reduce/nor v0x55558285bca0_0;
L_0x5555828b4b00 .reduce/nor v0x55558286c970_0;
S_0x55558285b4e0 .scope module, "u_axi_xbar" "axi_interconnect" 3 185, 6 13 0, S_0x5555827b04f0;
 .timescale -9 -12;
    .port_info 0 /INPUT 1 "clk";
    .port_info 1 /INPUT 1 "resetn";
    .port_info 2 /INPUT 1 "m_axi_awvalid";
    .port_info 3 /OUTPUT 1 "m_axi_awready";
    .port_info 4 /INPUT 32 "m_axi_awaddr";
    .port_info 5 /INPUT 3 "m_axi_awprot";
    .port_info 6 /INPUT 1 "m_axi_wvalid";
    .port_info 7 /OUTPUT 1 "m_axi_wready";
    .port_info 8 /INPUT 32 "m_axi_wdata";
    .port_info 9 /INPUT 4 "m_axi_wstrb";
    .port_info 10 /OUTPUT 2 "m_axi_bresp";
    .port_info 11 /OUTPUT 1 "m_axi_bvalid";
    .port_info 12 /INPUT 1 "m_axi_bready";
    .port_info 13 /INPUT 1 "m_axi_arvalid";
    .port_info 14 /OUTPUT 1 "m_axi_arready";
    .port_info 15 /INPUT 32 "m_axi_araddr";
    .port_info 16 /INPUT 3 "m_axi_arprot";
    .port_info 17 /OUTPUT 1 "m_axi_rvalid";
    .port_info 18 /INPUT 1 "m_axi_rready";
    .port_info 19 /OUTPUT 2 "m_axi_rresp";
    .port_info 20 /OUTPUT 32 "m_axi_rdata";
    .port_info 21 /OUTPUT 1 "s0_axi_awvalid";
    .port_info 22 /INPUT 1 "s0_axi_awready";
    .port_info 23 /OUTPUT 32 "s0_axi_awaddr";
    .port_info 24 /OUTPUT 3 "s0_axi_awprot";
    .port_info 25 /OUTPUT 1 "s0_axi_wvalid";
    .port_info 26 /INPUT 1 "s0_axi_wready";
    .port_info 27 /OUTPUT 32 "s0_axi_wdata";
    .port_info 28 /OUTPUT 4 "s0_axi_wstrb";
    .port_info 29 /INPUT 1 "s0_axi_bvalid";
    .port_info 30 /OUTPUT 1 "s0_axi_bready";
    .port_info 31 /INPUT 2 "s0_axi_bresp";
    .port_info 32 /OUTPUT 1 "s0_axi_arvalid";
    .port_info 33 /INPUT 1 "s0_axi_arready";
    .port_info 34 /OUTPUT 32 "s0_axi_araddr";
    .port_info 35 /OUTPUT 3 "s0_axi_arprot";
    .port_info 36 /INPUT 1 "s0_axi_rvalid";
    .port_info 37 /OUTPUT 1 "s0_axi_rready";
    .port_info 38 /INPUT 2 "s0_axi_rresp";
    .port_info 39 /INPUT 32 "s0_axi_rdata";
    .port_info 40 /OUTPUT 1 "s1_axi_awvalid";
    .port_info 41 /INPUT 1 "s1_axi_awready";
    .port_info 42 /OUTPUT 32 "s1_axi_awaddr";
    .port_info 43 /OUTPUT 3 "s1_axi_awprot";
    .port_info 44 /OUTPUT 1 "s1_axi_wvalid";
    .port_info 45 /INPUT 1 "s1_axi_wready";
    .port_info 46 /OUTPUT 32 "s1_axi_wdata";
    .port_info 47 /OUTPUT 4 "s1_axi_wstrb";
    .port_info 48 /INPUT 1 "s1_axi_bvalid";
    .port_info 49 /OUTPUT 1 "s1_axi_bready";
    .port_info 50 /INPUT 2 "s1_axi_bresp";
    .port_info 51 /OUTPUT 1 "s1_axi_arvalid";
    .port_info 52 /INPUT 1 "s1_axi_arready";
    .port_info 53 /OUTPUT 32 "s1_axi_araddr";
    .port_info 54 /OUTPUT 3 "s1_axi_arprot";
    .port_info 55 /INPUT 1 "s1_axi_rvalid";
    .port_info 56 /OUTPUT 1 "s1_axi_rready";
    .port_info 57 /INPUT 2 "s1_axi_rresp";
    .port_info 58 /INPUT 32 "s1_axi_rdata";
    .port_info 59 /OUTPUT 1 "s2_axi_awvalid";
    .port_info 60 /INPUT 1 "s2_axi_awready";
    .port_info 61 /OUTPUT 32 "s2_axi_awaddr";
    .port_info 62 /OUTPUT 3 "s2_axi_awprot";
    .port_info 63 /OUTPUT 1 "s2_axi_wvalid";
    .port_info 64 /INPUT 1 "s2_axi_wready";
    .port_info 65 /OUTPUT 32 "s2_axi_wdata";
    .port_info 66 /OUTPUT 4 "s2_axi_wstrb";
    .port_info 67 /INPUT 1 "s2_axi_bvalid";
    .port_info 68 /OUTPUT 1 "s2_axi_bready";
    .port_info 69 /INPUT 2 "s2_axi_bresp";
    .port_info 70 /OUTPUT 1 "s2_axi_arvalid";
    .port_info 71 /INPUT 1 "s2_axi_arready";
    .port_info 72 /OUTPUT 32 "s2_axi_araddr";
    .port_info 73 /OUTPUT 3 "s2_axi_arprot";
    .port_info 74 /INPUT 1 "s2_axi_rvalid";
    .port_info 75 /OUTPUT 1 "s2_axi_rready";
    .port_info 76 /INPUT 2 "s2_axi_rresp";
    .port_info 77 /INPUT 32 "s2_axi_rdata";
    .port_info 78 /OUTPUT 1 "s3_axi_awvalid";
    .port_info 79 /INPUT 1 "s3_axi_awready";
    .port_info 80 /OUTPUT 32 "s3_axi_awaddr";
    .port_info 81 /OUTPUT 3 "s3_axi_awprot";
    .port_info 82 /OUTPUT 1 "s3_axi_wvalid";
    .port_info 83 /INPUT 1 "s3_axi_wready";
    .port_info 84 /OUTPUT 32 "s3_axi_wdata";
    .port_info 85 /OUTPUT 4 "s3_axi_wstrb";
    .port_info 86 /INPUT 1 "s3_axi_bvalid";
    .port_info 87 /OUTPUT 1 "s3_axi_bready";
    .port_info 88 /INPUT 2 "s3_axi_bresp";
    .port_info 89 /OUTPUT 1 "s3_axi_arvalid";
    .port_info 90 /INPUT 1 "s3_axi_arready";
    .port_info 91 /OUTPUT 32 "s3_axi_araddr";
    .port_info 92 /OUTPUT 3 "s3_axi_arprot";
    .port_info 93 /INPUT 1 "s3_axi_rvalid";
    .port_info 94 /OUTPUT 1 "s3_axi_rready";
    .port_info 95 /INPUT 2 "s3_axi_rresp";
    .port_info 96 /INPUT 32 "s3_axi_rdata";
P_0x555582864ed0 .param/l "SEL_S0" 1 6 168, C4<00>;
P_0x555582864f10 .param/l "SEL_S1" 1 6 169, C4<01>;
P_0x555582864f50 .param/l "SEL_S2" 1 6 170, C4<10>;
P_0x555582864f90 .param/l "SEL_S3" 1 6 171, C4<11>;
enum0x555582549f70 .enum4 (2)
   "W_IDLE" 2'b00,
   "W_DATA" 2'b01,
   "W_RESP" 2'b10,
   "W_DECERR" 2'b11
 ;
enum0x55558254a4e0 .enum4 (2)
   "R_IDLE" 2'b00,
   "R_WAIT" 2'b01,
   "R_DECERR" 2'b10
 ;
L_0x5555828ad0e0 .functor AND 1, L_0x5555828acf00, L_0x5555828acff0, C4<1>, C4<1>;
L_0x5555828ad3d0 .functor AND 1, L_0x5555828ad1f0, L_0x5555828ad2e0, C4<1>, C4<1>;
L_0x5555828ad700 .functor AND 1, L_0x5555828ad4e0, L_0x5555828ad5d0, C4<1>, C4<1>;
L_0x5555828ada40 .functor AND 1, L_0x5555828ad810, L_0x5555828ad900, C4<1>, C4<1>;
L_0x5555828ae0b0 .functor AND 1, L_0x5555828ae210, L_0x5555828ae300, C4<1>, C4<1>;
L_0x5555828ae990 .functor AND 1, L_0x5555828ae510, L_0x5555828ae600, C4<1>, C4<1>;
L_0x5555828aeae0 .functor OR 1, L_0x5555828ae0b0, L_0x5555828ae990, C4<0>, C4<0>;
L_0x5555828aee70 .functor AND 1, L_0x5555828aebf0, L_0x5555828aece0, C4<1>, C4<1>;
L_0x5555828aefd0 .functor OR 1, L_0x5555828aeae0, L_0x5555828aee70, C4<0>, C4<0>;
L_0x5555828af370 .functor AND 1, L_0x5555828af0e0, L_0x5555828af1d0, C4<1>, C4<1>;
L_0x5555828af4e0 .functor OR 1, L_0x5555828aefd0, L_0x5555828af370, C4<0>, C4<0>;
L_0x5555828af890 .functor AND 1, L_0x5555828af5f0, L_0x5555828af7a0, C4<1>, C4<1>;
L_0x5555828afcc0 .functor AND 1, L_0x5555828afa10, L_0x5555828afbd0, C4<1>, C4<1>;
L_0x5555828b0090 .functor AND 1, L_0x5555828afdd0, L_0x5555828affa0, C4<1>, C4<1>;
L_0x5555828af9a0 .functor AND 1, L_0x5555828b0220, L_0x5555828b0400, C4<1>, C4<1>;
L_0x5555828b10e0 .functor AND 1, L_0x5555828b0de0, L_0x5555828b0ff0, C4<1>, C4<1>;
L_0x5555828b1590 .functor AND 1, L_0x5555828b1280, L_0x5555828b14a0, C4<1>, C4<1>;
L_0x5555828b16a0 .functor OR 1, L_0x5555828b10e0, L_0x5555828b1590, C4<0>, C4<0>;
L_0x5555828b1a80 .functor AND 1, L_0x5555828b1850, L_0x5555828b1370, C4<1>, C4<1>;
L_0x5555828b1b90 .functor OR 1, L_0x5555828b16a0, L_0x5555828b1a80, C4<0>, C4<0>;
L_0x5555828b1fe0 .functor AND 1, L_0x5555828b17b0, L_0x5555828b1ef0, C4<1>, C4<1>;
L_0x5555828b20f0 .functor OR 1, L_0x5555828b1b90, L_0x5555828b1fe0, C4<0>, C4<0>;
L_0x7f5fca4d0b10 .functor BUFT 1, C4<00000000000000000000000000000000>, C4<0>, C4<0>, C4<0>;
v0x55558279f110_0 .net/2u *"_ivl_0", 31 0, L_0x7f5fca4d0b10;  1 drivers
L_0x7f5fca4d0ba0 .functor BUFT 1, C4<00>, C4<0>, C4<0>, C4<0>;
v0x55558279f1f0_0 .net/2u *"_ivl_10", 1 0, L_0x7f5fca4d0ba0;  1 drivers
v0x55558280e530_0 .net *"_ivl_101", 0 0, L_0x5555828af370;  1 drivers
v0x55558280e620_0 .net *"_ivl_103", 0 0, L_0x5555828af4e0;  1 drivers
L_0x7f5fca4d10f8 .functor BUFT 1, C4<00000000000000000000000000000000>, C4<0>, C4<0>, C4<0>;
v0x55558281be50_0 .net/2u *"_ivl_106", 31 0, L_0x7f5fca4d10f8;  1 drivers
v0x5555826c7980_0 .net *"_ivl_108", 0 0, L_0x5555828af5f0;  1 drivers
L_0x7f5fca4d1140 .functor BUFT 1, C4<00000000000000010000000000000000>, C4<0>, C4<0>, C4<0>;
v0x5555826c7a40_0 .net/2u *"_ivl_110", 31 0, L_0x7f5fca4d1140;  1 drivers
v0x55558283ee00_0 .net *"_ivl_112", 0 0, L_0x5555828af7a0;  1 drivers
v0x55558283eec0_0 .net *"_ivl_115", 0 0, L_0x5555828af890;  1 drivers
L_0x7f5fca4d1188 .functor BUFT 1, C4<00>, C4<0>, C4<0>, C4<0>;
v0x55558283ff20_0 .net/2u *"_ivl_116", 1 0, L_0x7f5fca4d1188;  1 drivers
L_0x7f5fca4d11d0 .functor BUFT 1, C4<00000000000000010000000000000000>, C4<0>, C4<0>, C4<0>;
v0x555582840000_0 .net/2u *"_ivl_118", 31 0, L_0x7f5fca4d11d0;  1 drivers
L_0x7f5fca4d0be8 .functor BUFT 1, C4<00000000000000010000000000000000>, C4<0>, C4<0>, C4<0>;
v0x55558283f800_0 .net/2u *"_ivl_12", 31 0, L_0x7f5fca4d0be8;  1 drivers
v0x55558283f8e0_0 .net *"_ivl_120", 0 0, L_0x5555828afa10;  1 drivers
L_0x7f5fca4d1218 .functor BUFT 1, C4<00000000000000110000000000000000>, C4<0>, C4<0>, C4<0>;
v0x555582846a40_0 .net/2u *"_ivl_122", 31 0, L_0x7f5fca4d1218;  1 drivers
v0x555582846b00_0 .net *"_ivl_124", 0 0, L_0x5555828afbd0;  1 drivers
v0x555582847b60_0 .net *"_ivl_127", 0 0, L_0x5555828afcc0;  1 drivers
L_0x7f5fca4d1260 .functor BUFT 1, C4<01>, C4<0>, C4<0>, C4<0>;
v0x555582847c20_0 .net/2u *"_ivl_128", 1 0, L_0x7f5fca4d1260;  1 drivers
L_0x7f5fca4d12a8 .functor BUFT 1, C4<01000000000000000000000000000000>, C4<0>, C4<0>, C4<0>;
v0x5555827b3250_0 .net/2u *"_ivl_130", 31 0, L_0x7f5fca4d12a8;  1 drivers
v0x5555827b3330_0 .net *"_ivl_132", 0 0, L_0x5555828afdd0;  1 drivers
L_0x7f5fca4d12f0 .functor BUFT 1, C4<01000001000000000000000000000000>, C4<0>, C4<0>, C4<0>;
v0x5555827b1120_0 .net/2u *"_ivl_134", 31 0, L_0x7f5fca4d12f0;  1 drivers
v0x5555827b11e0_0 .net *"_ivl_136", 0 0, L_0x5555828affa0;  1 drivers
v0x5555827afe50_0 .net *"_ivl_139", 0 0, L_0x5555828b0090;  1 drivers
v0x5555827aff10_0 .net *"_ivl_14", 0 0, L_0x5555828ad1f0;  1 drivers
L_0x7f5fca4d1338 .functor BUFT 1, C4<10>, C4<0>, C4<0>, C4<0>;
v0x5555827ac6f0_0 .net/2u *"_ivl_140", 1 0, L_0x7f5fca4d1338;  1 drivers
L_0x7f5fca4d1380 .functor BUFT 1, C4<00100000000000000000000000000000>, C4<0>, C4<0>, C4<0>;
v0x5555827ac7d0_0 .net/2u *"_ivl_142", 31 0, L_0x7f5fca4d1380;  1 drivers
v0x5555827abe90_0 .net *"_ivl_144", 0 0, L_0x5555828b0220;  1 drivers
L_0x7f5fca4d13c8 .functor BUFT 1, C4<00100000000000010000000000000000>, C4<0>, C4<0>, C4<0>;
v0x5555827abf50_0 .net/2u *"_ivl_146", 31 0, L_0x7f5fca4d13c8;  1 drivers
v0x55558279cc40_0 .net *"_ivl_148", 0 0, L_0x5555828b0400;  1 drivers
v0x55558279cce0_0 .net *"_ivl_151", 0 0, L_0x5555828af9a0;  1 drivers
L_0x7f5fca4d1410 .functor BUFT 1, C4<11>, C4<0>, C4<0>, C4<0>;
v0x5555827a24b0_0 .net/2u *"_ivl_152", 1 0, L_0x7f5fca4d1410;  1 drivers
L_0x7f5fca4d1458 .functor BUFT 1, C4<00>, C4<0>, C4<0>, C4<0>;
v0x5555827a2590_0 .net/2u *"_ivl_154", 1 0, L_0x7f5fca4d1458;  1 drivers
v0x5555827a1d90_0 .net *"_ivl_156", 1 0, L_0x5555828b0590;  1 drivers
v0x5555827a1e70_0 .net *"_ivl_158", 1 0, L_0x5555828b0820;  1 drivers
L_0x7f5fca4d0c30 .functor BUFT 1, C4<00000000000000110000000000000000>, C4<0>, C4<0>, C4<0>;
v0x5555826ebea0_0 .net/2u *"_ivl_16", 31 0, L_0x7f5fca4d0c30;  1 drivers
v0x5555827a1610_0 .net *"_ivl_160", 1 0, L_0x5555828b09b0;  1 drivers
L_0x7f5fca4d14a0 .functor BUFT 1, C4<00000000000000000000000000000000>, C4<0>, C4<0>, C4<0>;
v0x5555827a16f0_0 .net/2u *"_ivl_164", 31 0, L_0x7f5fca4d14a0;  1 drivers
v0x5555827a0160_0 .net *"_ivl_166", 0 0, L_0x5555828b0de0;  1 drivers
L_0x7f5fca4d14e8 .functor BUFT 1, C4<00000000000000010000000000000000>, C4<0>, C4<0>, C4<0>;
v0x5555827a0220_0 .net/2u *"_ivl_168", 31 0, L_0x7f5fca4d14e8;  1 drivers
v0x55558279e2b0_0 .net *"_ivl_170", 0 0, L_0x5555828b0ff0;  1 drivers
v0x55558279e350_0 .net *"_ivl_173", 0 0, L_0x5555828b10e0;  1 drivers
L_0x7f5fca4d1530 .functor BUFT 1, C4<00000000000000010000000000000000>, C4<0>, C4<0>, C4<0>;
v0x555582837010_0 .net/2u *"_ivl_174", 31 0, L_0x7f5fca4d1530;  1 drivers
v0x5555828370f0_0 .net *"_ivl_176", 0 0, L_0x5555828b1280;  1 drivers
L_0x7f5fca4d1578 .functor BUFT 1, C4<00000000000000110000000000000000>, C4<0>, C4<0>, C4<0>;
v0x5555828382e0_0 .net/2u *"_ivl_178", 31 0, L_0x7f5fca4d1578;  1 drivers
v0x5555828383a0_0 .net *"_ivl_18", 0 0, L_0x5555828ad2e0;  1 drivers
v0x555582837b30_0 .net *"_ivl_180", 0 0, L_0x5555828b14a0;  1 drivers
v0x555582837bf0_0 .net *"_ivl_183", 0 0, L_0x5555828b1590;  1 drivers
v0x5555828221c0_0 .net *"_ivl_185", 0 0, L_0x5555828b16a0;  1 drivers
L_0x7f5fca4d15c0 .functor BUFT 1, C4<01000000000000000000000000000000>, C4<0>, C4<0>, C4<0>;
v0x555582822280_0 .net/2u *"_ivl_186", 31 0, L_0x7f5fca4d15c0;  1 drivers
v0x5555828148a0_0 .net *"_ivl_188", 0 0, L_0x5555828b1850;  1 drivers
L_0x7f5fca4d1608 .functor BUFT 1, C4<01000001000000000000000000000000>, C4<0>, C4<0>, C4<0>;
v0x555582814940_0 .net/2u *"_ivl_190", 31 0, L_0x7f5fca4d1608;  1 drivers
v0x55558284e410_0 .net *"_ivl_192", 0 0, L_0x5555828b1370;  1 drivers
v0x55558284e4d0_0 .net *"_ivl_195", 0 0, L_0x5555828b1a80;  1 drivers
v0x555582850e30_0 .net *"_ivl_197", 0 0, L_0x5555828b1b90;  1 drivers
L_0x7f5fca4d1650 .functor BUFT 1, C4<00100000000000000000000000000000>, C4<0>, C4<0>, C4<0>;
v0x555582850ef0_0 .net/2u *"_ivl_198", 31 0, L_0x7f5fca4d1650;  1 drivers
v0x55558284f290_0 .net *"_ivl_2", 0 0, L_0x5555828acf00;  1 drivers
v0x55558284f330_0 .net *"_ivl_200", 0 0, L_0x5555828b17b0;  1 drivers
L_0x7f5fca4d1698 .functor BUFT 1, C4<00100000000000010000000000000000>, C4<0>, C4<0>, C4<0>;
v0x55558271e8e0_0 .net/2u *"_ivl_202", 31 0, L_0x7f5fca4d1698;  1 drivers
v0x55558271e9c0_0 .net *"_ivl_204", 0 0, L_0x5555828b1ef0;  1 drivers
v0x55558271ea80_0 .net *"_ivl_207", 0 0, L_0x5555828b1fe0;  1 drivers
v0x55558271eb40_0 .net *"_ivl_209", 0 0, L_0x5555828b20f0;  1 drivers
v0x55558271ec00_0 .net *"_ivl_21", 0 0, L_0x5555828ad3d0;  1 drivers
L_0x7f5fca4d0c78 .functor BUFT 1, C4<01>, C4<0>, C4<0>, C4<0>;
v0x55558271ecc0_0 .net/2u *"_ivl_22", 1 0, L_0x7f5fca4d0c78;  1 drivers
L_0x7f5fca4d0cc0 .functor BUFT 1, C4<01000000000000000000000000000000>, C4<0>, C4<0>, C4<0>;
v0x55558259d5f0_0 .net/2u *"_ivl_24", 31 0, L_0x7f5fca4d0cc0;  1 drivers
v0x55558259d6d0_0 .net *"_ivl_26", 0 0, L_0x5555828ad4e0;  1 drivers
L_0x7f5fca4d0d08 .functor BUFT 1, C4<01000001000000000000000000000000>, C4<0>, C4<0>, C4<0>;
v0x55558259d790_0 .net/2u *"_ivl_28", 31 0, L_0x7f5fca4d0d08;  1 drivers
v0x55558257f270_0 .net *"_ivl_30", 0 0, L_0x5555828ad5d0;  1 drivers
v0x55558259d830_0 .net *"_ivl_33", 0 0, L_0x5555828ad700;  1 drivers
L_0x7f5fca4d0d50 .functor BUFT 1, C4<10>, C4<0>, C4<0>, C4<0>;
v0x55558259d8f0_0 .net/2u *"_ivl_34", 1 0, L_0x7f5fca4d0d50;  1 drivers
L_0x7f5fca4d0d98 .functor BUFT 1, C4<00100000000000000000000000000000>, C4<0>, C4<0>, C4<0>;
v0x55558259d9d0_0 .net/2u *"_ivl_36", 31 0, L_0x7f5fca4d0d98;  1 drivers
v0x555582591760_0 .net *"_ivl_38", 0 0, L_0x5555828ad810;  1 drivers
L_0x7f5fca4d0b58 .functor BUFT 1, C4<00000000000000010000000000000000>, C4<0>, C4<0>, C4<0>;
v0x555582591820_0 .net/2u *"_ivl_4", 31 0, L_0x7f5fca4d0b58;  1 drivers
L_0x7f5fca4d0de0 .functor BUFT 1, C4<00100000000000010000000000000000>, C4<0>, C4<0>, C4<0>;
v0x555582591900_0 .net/2u *"_ivl_40", 31 0, L_0x7f5fca4d0de0;  1 drivers
v0x5555825919e0_0 .net *"_ivl_42", 0 0, L_0x5555828ad900;  1 drivers
v0x555582591aa0_0 .net *"_ivl_45", 0 0, L_0x5555828ada40;  1 drivers
L_0x7f5fca4d0e28 .functor BUFT 1, C4<11>, C4<0>, C4<0>, C4<0>;
v0x555582591b60_0 .net/2u *"_ivl_46", 1 0, L_0x7f5fca4d0e28;  1 drivers
L_0x7f5fca4d0e70 .functor BUFT 1, C4<00>, C4<0>, C4<0>, C4<0>;
v0x555582517d40_0 .net/2u *"_ivl_48", 1 0, L_0x7f5fca4d0e70;  1 drivers
v0x555582517e00_0 .net *"_ivl_50", 1 0, L_0x5555828adb50;  1 drivers
v0x555582517ee0_0 .net *"_ivl_52", 1 0, L_0x5555828adce0;  1 drivers
v0x555582517fc0_0 .net *"_ivl_54", 1 0, L_0x5555828ade80;  1 drivers
L_0x7f5fca4d0eb8 .functor BUFT 1, C4<00000000000000000000000000000000>, C4<0>, C4<0>, C4<0>;
v0x5555825180a0_0 .net/2u *"_ivl_58", 31 0, L_0x7f5fca4d0eb8;  1 drivers
v0x5555827030a0_0 .net *"_ivl_6", 0 0, L_0x5555828acff0;  1 drivers
v0x555582703160_0 .net *"_ivl_60", 0 0, L_0x5555828ae210;  1 drivers
L_0x7f5fca4d0f00 .functor BUFT 1, C4<00000000000000010000000000000000>, C4<0>, C4<0>, C4<0>;
v0x555582703220_0 .net/2u *"_ivl_62", 31 0, L_0x7f5fca4d0f00;  1 drivers
v0x555582703300_0 .net *"_ivl_64", 0 0, L_0x5555828ae300;  1 drivers
v0x5555827033c0_0 .net *"_ivl_67", 0 0, L_0x5555828ae0b0;  1 drivers
L_0x7f5fca4d0f48 .functor BUFT 1, C4<00000000000000010000000000000000>, C4<0>, C4<0>, C4<0>;
v0x555582703480_0 .net/2u *"_ivl_68", 31 0, L_0x7f5fca4d0f48;  1 drivers
v0x555582866f00_0 .net *"_ivl_70", 0 0, L_0x5555828ae510;  1 drivers
L_0x7f5fca4d0f90 .functor BUFT 1, C4<00000000000000110000000000000000>, C4<0>, C4<0>, C4<0>;
v0x555582866fa0_0 .net/2u *"_ivl_72", 31 0, L_0x7f5fca4d0f90;  1 drivers
v0x555582867040_0 .net *"_ivl_74", 0 0, L_0x5555828ae600;  1 drivers
v0x5555828670e0_0 .net *"_ivl_77", 0 0, L_0x5555828ae990;  1 drivers
v0x555582867180_0 .net *"_ivl_79", 0 0, L_0x5555828aeae0;  1 drivers
L_0x7f5fca4d0fd8 .functor BUFT 1, C4<01000000000000000000000000000000>, C4<0>, C4<0>, C4<0>;
v0x555582867220_0 .net/2u *"_ivl_80", 31 0, L_0x7f5fca4d0fd8;  1 drivers
v0x5555828672c0_0 .net *"_ivl_82", 0 0, L_0x5555828aebf0;  1 drivers
L_0x7f5fca4d1020 .functor BUFT 1, C4<01000001000000000000000000000000>, C4<0>, C4<0>, C4<0>;
v0x555582867360_0 .net/2u *"_ivl_84", 31 0, L_0x7f5fca4d1020;  1 drivers
v0x555582867400_0 .net *"_ivl_86", 0 0, L_0x5555828aece0;  1 drivers
v0x5555828674a0_0 .net *"_ivl_89", 0 0, L_0x5555828aee70;  1 drivers
v0x555582867540_0 .net *"_ivl_9", 0 0, L_0x5555828ad0e0;  1 drivers
v0x5555828675e0_0 .net *"_ivl_91", 0 0, L_0x5555828aefd0;  1 drivers
L_0x7f5fca4d1068 .functor BUFT 1, C4<00100000000000000000000000000000>, C4<0>, C4<0>, C4<0>;
v0x555582867680_0 .net/2u *"_ivl_92", 31 0, L_0x7f5fca4d1068;  1 drivers
v0x555582867720_0 .net *"_ivl_94", 0 0, L_0x5555828af0e0;  1 drivers
L_0x7f5fca4d10b0 .functor BUFT 1, C4<00100000000000010000000000000000>, C4<0>, C4<0>, C4<0>;
v0x5555828677c0_0 .net/2u *"_ivl_96", 31 0, L_0x7f5fca4d10b0;  1 drivers
v0x555582867860_0 .net *"_ivl_98", 0 0, L_0x5555828af1d0;  1 drivers
v0x555582867900_0 .net "ar_decerr", 0 0, L_0x5555828b22c0;  1 drivers
v0x5555828679a0_0 .net "ar_slave_sel", 1 0, L_0x5555828b0c50;  1 drivers
v0x555582867a40_0 .net "aw_decerr", 0 0, L_0x5555828aedd0;  1 drivers
v0x555582867ae0_0 .net "aw_slave_sel", 1 0, L_0x5555828ae010;  1 drivers
v0x555582867b80_0 .net "clk", 0 0, o0x7f5fca953018;  alias, 0 drivers
v0x555582867c20_0 .net "m_axi_araddr", 31 0, L_0x5555828a7f70;  alias, 1 drivers
v0x555582867cc0_0 .net "m_axi_arprot", 2 0, L_0x5555828a8140;  alias, 1 drivers
v0x555582867d60_0 .var "m_axi_arready", 0 0;
v0x555582867e00_0 .net "m_axi_arvalid", 0 0, L_0x5555827116b0;  alias, 1 drivers
v0x555582867ea0_0 .net "m_axi_awaddr", 31 0, L_0x5555826f2f00;  alias, 1 drivers
v0x555582867f40_0 .net "m_axi_awprot", 2 0, L_0x7f5fca4d0498;  alias, 1 drivers
v0x555582867fe0_0 .var "m_axi_awready", 0 0;
v0x555582868080_0 .net "m_axi_awvalid", 0 0, L_0x5555826f30f0;  alias, 1 drivers
v0x555582868120_0 .net "m_axi_bready", 0 0, L_0x5555828a8cb0;  alias, 1 drivers
v0x5555828681c0_0 .var "m_axi_bresp", 1 0;
v0x555582868280_0 .var "m_axi_bvalid", 0 0;
v0x555582868340_0 .var "m_axi_rdata", 31 0;
v0x555582868420_0 .net "m_axi_rready", 0 0, L_0x5555828a8b30;  alias, 1 drivers
v0x5555828684e0_0 .var "m_axi_rresp", 1 0;
v0x5555828685c0_0 .var "m_axi_rvalid", 0 0;
v0x555582868680_0 .net "m_axi_wdata", 31 0, L_0x5555828a85b0;  alias, 1 drivers
v0x555582868760_0 .var "m_axi_wready", 0 0;
v0x555582868820_0 .net "m_axi_wstrb", 3 0, L_0x5555828a86b0;  alias, 1 drivers
v0x555582868900_0 .net "m_axi_wvalid", 0 0, L_0x5555828a8460;  alias, 1 drivers
v0x5555828689c0_0 .var "r_addr_reg", 31 0;
v0x555582868aa0_0 .var "r_prot_reg", 2 0;
v0x555582868b80_0 .var "r_slave_reg", 1 0;
v0x555582869470_0 .var "r_state", 1 0;
v0x555582869550_0 .net "resetn", 0 0, o0x7f5fca953b88;  alias, 0 drivers
v0x555582869640_0 .var "s0_axi_araddr", 31 0;
v0x555582869720_0 .var "s0_axi_arprot", 2 0;
v0x555582869800_0 .net "s0_axi_arready", 0 0, L_0x5555828b2a70;  alias, 1 drivers
v0x5555828698c0_0 .var "s0_axi_arvalid", 0 0;
v0x555582869980_0 .var "s0_axi_awaddr", 31 0;
v0x555582869a60_0 .var "s0_axi_awprot", 2 0;
v0x555582869b40_0 .net "s0_axi_awready", 0 0, L_0x5555828b2650;  alias, 1 drivers
v0x555582869c00_0 .var "s0_axi_awvalid", 0 0;
v0x555582869cc0_0 .var "s0_axi_bready", 0 0;
v0x555582869d80_0 .net "s0_axi_bresp", 1 0, L_0x7f5fca4d16e0;  alias, 1 drivers
v0x555582869e60_0 .net "s0_axi_bvalid", 0 0, L_0x5555828b2a00;  alias, 1 drivers
v0x555582869f20_0 .net "s0_axi_rdata", 31 0, L_0x5555828b2bd0;  alias, 1 drivers
v0x55558286a000_0 .var "s0_axi_rready", 0 0;
v0x55558286a0c0_0 .net "s0_axi_rresp", 1 0, L_0x7f5fca4d1728;  alias, 1 drivers
v0x55558286a1a0_0 .net "s0_axi_rvalid", 0 0, L_0x5555828b2b10;  alias, 1 drivers
v0x55558286a260_0 .var "s0_axi_wdata", 31 0;
v0x55558286a340_0 .net "s0_axi_wready", 0 0, L_0x5555828b28f0;  alias, 1 drivers
v0x55558286a400_0 .var "s0_axi_wstrb", 3 0;
v0x55558286a4e0_0 .var "s0_axi_wvalid", 0 0;
v0x55558286a5a0_0 .var "s1_axi_araddr", 31 0;
v0x55558286a680_0 .var "s1_axi_arprot", 2 0;
v0x55558286a760_0 .net "s1_axi_arready", 0 0, L_0x5555828b3380;  alias, 1 drivers
v0x55558286a820_0 .var "s1_axi_arvalid", 0 0;
v0x55558286a8e0_0 .var "s1_axi_awaddr", 31 0;
v0x55558286a9c0_0 .var "s1_axi_awprot", 2 0;
v0x55558286aaa0_0 .net "s1_axi_awready", 0 0, L_0x5555828b2f60;  alias, 1 drivers
v0x55558286ab60_0 .var "s1_axi_awvalid", 0 0;
v0x55558286ac20_0 .var "s1_axi_bready", 0 0;
v0x55558286ace0_0 .net "s1_axi_bresp", 1 0, L_0x7f5fca4d1770;  alias, 1 drivers
v0x55558286adc0_0 .net "s1_axi_bvalid", 0 0, L_0x5555828b3310;  alias, 1 drivers
v0x55558286ae80_0 .net "s1_axi_rdata", 31 0, L_0x5555828b34e0;  alias, 1 drivers
v0x55558286af60_0 .var "s1_axi_rready", 0 0;
v0x55558286b020_0 .net "s1_axi_rresp", 1 0, L_0x7f5fca4d17b8;  alias, 1 drivers
v0x55558286b100_0 .net "s1_axi_rvalid", 0 0, L_0x5555828b3420;  alias, 1 drivers
v0x55558286b1c0_0 .var "s1_axi_wdata", 31 0;
v0x55558286b2a0_0 .net "s1_axi_wready", 0 0, L_0x5555828b3200;  alias, 1 drivers
v0x55558286b360_0 .var "s1_axi_wstrb", 3 0;
v0x55558286b440_0 .var "s1_axi_wvalid", 0 0;
v0x55558286b500_0 .var "s2_axi_araddr", 31 0;
v0x55558286b5e0_0 .var "s2_axi_arprot", 2 0;
v0x55558286b6c0_0 .net "s2_axi_arready", 0 0, L_0x5555828b3c90;  alias, 1 drivers
v0x55558286b780_0 .var "s2_axi_arvalid", 0 0;
v0x55558286b840_0 .var "s2_axi_awaddr", 31 0;
v0x55558286b920_0 .var "s2_axi_awprot", 2 0;
v0x55558286ba00_0 .net "s2_axi_awready", 0 0, L_0x5555828b3870;  alias, 1 drivers
v0x55558286bac0_0 .var "s2_axi_awvalid", 0 0;
v0x55558286bb80_0 .var "s2_axi_bready", 0 0;
v0x55558286bc40_0 .net "s2_axi_bresp", 1 0, L_0x7f5fca4d1800;  alias, 1 drivers
v0x55558286bd20_0 .net "s2_axi_bvalid", 0 0, L_0x5555828b3c20;  alias, 1 drivers
v0x55558286bde0_0 .net "s2_axi_rdata", 31 0, L_0x5555828b3df0;  alias, 1 drivers
v0x55558286bec0_0 .var "s2_axi_rready", 0 0;
v0x55558286bf80_0 .net "s2_axi_rresp", 1 0, L_0x7f5fca4d1848;  alias, 1 drivers
v0x55558286c060_0 .net "s2_axi_rvalid", 0 0, L_0x5555828b3d30;  alias, 1 drivers
v0x55558286c120_0 .var "s2_axi_wdata", 31 0;
v0x55558286c200_0 .net "s2_axi_wready", 0 0, L_0x5555828b3b10;  alias, 1 drivers
v0x55558286c2c0_0 .var "s2_axi_wstrb", 3 0;
v0x55558286c3a0_0 .var "s2_axi_wvalid", 0 0;
v0x55558286c460_0 .var "s3_axi_araddr", 31 0;
v0x55558286c520_0 .var "s3_axi_arprot", 2 0;
v0x55558286c5c0_0 .net "s3_axi_arready", 0 0, L_0x5555828b4bf0;  alias, 1 drivers
v0x55558286c660_0 .var "s3_axi_arvalid", 0 0;
v0x55558286c700_0 .var "s3_axi_awaddr", 31 0;
v0x55558286c7d0_0 .var "s3_axi_awprot", 2 0;
v0x55558286c8a0_0 .net "s3_axi_awready", 0 0, L_0x5555828b41d0;  alias, 1 drivers
v0x55558286c970_0 .var "s3_axi_awvalid", 0 0;
v0x55558286ca40_0 .var "s3_axi_bready", 0 0;
v0x55558286cb10_0 .net "s3_axi_bresp", 1 0, v0x55558285d3e0_0;  alias, 1 drivers
v0x55558286cbe0_0 .net "s3_axi_bvalid", 0 0, v0x55558285d4c0_0;  alias, 1 drivers
v0x55558286ccb0_0 .net "s3_axi_rdata", 31 0, v0x55558285d000_0;  alias, 1 drivers
v0x55558286cd80_0 .var "s3_axi_rready", 0 0;
v0x55558286ce50_0 .net "s3_axi_rresp", 1 0, v0x55558285cc20_0;  alias, 1 drivers
v0x55558286cf20_0 .net "s3_axi_rvalid", 0 0, v0x55558285cd00_0;  alias, 1 drivers
v0x55558286cff0_0 .var "s3_axi_wdata", 31 0;
v0x55558286d0c0_0 .net "s3_axi_wready", 0 0, L_0x5555828b44c0;  alias, 1 drivers
v0x55558286d190_0 .var "s3_axi_wstrb", 3 0;
v0x55558286d260_0 .var "s3_axi_wvalid", 0 0;
v0x55558286d330_0 .var "w_addr_reg", 31 0;
v0x55558286d3d0_0 .var "w_prot_reg", 2 0;
v0x55558286d470_0 .var "w_slave_reg", 1 0;
v0x55558286d510_0 .var "w_state", 1 0;
E_0x5555828638c0/0 .event anyedge, v0x555582869470_0, v0x555582868b80_0, v0x555582869f20_0, v0x55558286a0c0_0;
E_0x5555828638c0/1 .event anyedge, v0x55558286a1a0_0, v0x555582868420_0, v0x55558286ae80_0, v0x55558286b020_0;
E_0x5555828638c0/2 .event anyedge, v0x55558286b100_0, v0x55558286bde0_0, v0x55558286bf80_0, v0x55558286c060_0;
E_0x5555828638c0/3 .event anyedge, v0x55558285d000_0, v0x55558285cc20_0, v0x55558285cd00_0;
E_0x5555828638c0 .event/or E_0x5555828638c0/0, E_0x5555828638c0/1, E_0x5555828638c0/2, E_0x5555828638c0/3;
E_0x5555828644b0/0 .event anyedge, v0x555582869470_0, v0x555582867e00_0, v0x555582867900_0, v0x5555828679a0_0;
E_0x5555828644b0/1 .event anyedge, v0x555582867c20_0, v0x555582867cc0_0, v0x555582869800_0, v0x55558286a760_0;
E_0x5555828644b0/2 .event anyedge, v0x55558286b6c0_0, v0x55558285e420_0, v0x555582868b80_0, v0x555582868aa0_0;
E_0x5555828644b0 .event/or E_0x5555828644b0/0, E_0x5555828644b0/1, E_0x5555828644b0/2;
E_0x5555827b6a20/0 .event anyedge, v0x55558286d510_0, v0x55558286d470_0, v0x555582869e60_0, v0x555582869d80_0;
E_0x5555827b6a20/1 .event anyedge, v0x555582868120_0, v0x55558286adc0_0, v0x55558286ace0_0, v0x55558286bd20_0;
E_0x5555827b6a20/2 .event anyedge, v0x55558286bc40_0, v0x55558285d4c0_0, v0x55558285d3e0_0;
E_0x5555827b6a20 .event/or E_0x5555827b6a20/0, E_0x5555827b6a20/1, E_0x5555827b6a20/2;
E_0x5555827b5cf0/0 .event anyedge, v0x55558286d510_0, v0x55558286d470_0, v0x555582868900_0, v0x555582868680_0;
E_0x5555827b5cf0/1 .event anyedge, v0x555582868820_0, v0x55558286a340_0, v0x55558286b2a0_0, v0x55558286c200_0;
E_0x5555827b5cf0/2 .event anyedge, v0x55558285c920_0;
E_0x5555827b5cf0 .event/or E_0x5555827b5cf0/0, E_0x5555827b5cf0/1, E_0x5555827b5cf0/2;
E_0x5555827b5db0/0 .event anyedge, v0x55558286d510_0, v0x555582868080_0, v0x555582867a40_0, v0x555582867ae0_0;
E_0x5555827b5db0/1 .event anyedge, v0x555582867ea0_0, v0x555582867f40_0, v0x555582869b40_0, v0x55558286aaa0_0;
E_0x5555827b5db0/2 .event anyedge, v0x55558286ba00_0, v0x55558285dc60_0;
E_0x5555827b5db0 .event/or E_0x5555827b5db0/0, E_0x5555827b5db0/1, E_0x5555827b5db0/2;
L_0x5555828acf00 .cmp/ge 32, L_0x5555826f2f00, L_0x7f5fca4d0b10;
L_0x5555828acff0 .cmp/gt 32, L_0x7f5fca4d0b58, L_0x5555826f2f00;
L_0x5555828ad1f0 .cmp/ge 32, L_0x5555826f2f00, L_0x7f5fca4d0be8;
L_0x5555828ad2e0 .cmp/gt 32, L_0x7f5fca4d0c30, L_0x5555826f2f00;
L_0x5555828ad4e0 .cmp/ge 32, L_0x5555826f2f00, L_0x7f5fca4d0cc0;
L_0x5555828ad5d0 .cmp/gt 32, L_0x7f5fca4d0d08, L_0x5555826f2f00;
L_0x5555828ad810 .cmp/ge 32, L_0x5555826f2f00, L_0x7f5fca4d0d98;
L_0x5555828ad900 .cmp/gt 32, L_0x7f5fca4d0de0, L_0x5555826f2f00;
L_0x5555828adb50 .functor MUXZ 2, L_0x7f5fca4d0e70, L_0x7f5fca4d0e28, L_0x5555828ada40, C4<>;
L_0x5555828adce0 .functor MUXZ 2, L_0x5555828adb50, L_0x7f5fca4d0d50, L_0x5555828ad700, C4<>;
L_0x5555828ade80 .functor MUXZ 2, L_0x5555828adce0, L_0x7f5fca4d0c78, L_0x5555828ad3d0, C4<>;
L_0x5555828ae010 .functor MUXZ 2, L_0x5555828ade80, L_0x7f5fca4d0ba0, L_0x5555828ad0e0, C4<>;
L_0x5555828ae210 .cmp/ge 32, L_0x5555826f2f00, L_0x7f5fca4d0eb8;
L_0x5555828ae300 .cmp/gt 32, L_0x7f5fca4d0f00, L_0x5555826f2f00;
L_0x5555828ae510 .cmp/ge 32, L_0x5555826f2f00, L_0x7f5fca4d0f48;
L_0x5555828ae600 .cmp/gt 32, L_0x7f5fca4d0f90, L_0x5555826f2f00;
L_0x5555828aebf0 .cmp/ge 32, L_0x5555826f2f00, L_0x7f5fca4d0fd8;
L_0x5555828aece0 .cmp/gt 32, L_0x7f5fca4d1020, L_0x5555826f2f00;
L_0x5555828af0e0 .cmp/ge 32, L_0x5555826f2f00, L_0x7f5fca4d1068;
L_0x5555828af1d0 .cmp/gt 32, L_0x7f5fca4d10b0, L_0x5555826f2f00;
L_0x5555828aedd0 .reduce/nor L_0x5555828af4e0;
L_0x5555828af5f0 .cmp/ge 32, L_0x5555828a7f70, L_0x7f5fca4d10f8;
L_0x5555828af7a0 .cmp/gt 32, L_0x7f5fca4d1140, L_0x5555828a7f70;
L_0x5555828afa10 .cmp/ge 32, L_0x5555828a7f70, L_0x7f5fca4d11d0;
L_0x5555828afbd0 .cmp/gt 32, L_0x7f5fca4d1218, L_0x5555828a7f70;
L_0x5555828afdd0 .cmp/ge 32, L_0x5555828a7f70, L_0x7f5fca4d12a8;
L_0x5555828affa0 .cmp/gt 32, L_0x7f5fca4d12f0, L_0x5555828a7f70;
L_0x5555828b0220 .cmp/ge 32, L_0x5555828a7f70, L_0x7f5fca4d1380;
L_0x5555828b0400 .cmp/gt 32, L_0x7f5fca4d13c8, L_0x5555828a7f70;
L_0x5555828b0590 .functor MUXZ 2, L_0x7f5fca4d1458, L_0x7f5fca4d1410, L_0x5555828af9a0, C4<>;
L_0x5555828b0820 .functor MUXZ 2, L_0x5555828b0590, L_0x7f5fca4d1338, L_0x5555828b0090, C4<>;
L_0x5555828b09b0 .functor MUXZ 2, L_0x5555828b0820, L_0x7f5fca4d1260, L_0x5555828afcc0, C4<>;
L_0x5555828b0c50 .functor MUXZ 2, L_0x5555828b09b0, L_0x7f5fca4d1188, L_0x5555828af890, C4<>;
L_0x5555828b0de0 .cmp/ge 32, L_0x5555828a7f70, L_0x7f5fca4d14a0;
L_0x5555828b0ff0 .cmp/gt 32, L_0x7f5fca4d14e8, L_0x5555828a7f70;
L_0x5555828b1280 .cmp/ge 32, L_0x5555828a7f70, L_0x7f5fca4d1530;
L_0x5555828b14a0 .cmp/gt 32, L_0x7f5fca4d1578, L_0x5555828a7f70;
L_0x5555828b1850 .cmp/ge 32, L_0x5555828a7f70, L_0x7f5fca4d15c0;
L_0x5555828b1370 .cmp/gt 32, L_0x7f5fca4d1608, L_0x5555828a7f70;
L_0x5555828b17b0 .cmp/ge 32, L_0x5555828a7f70, L_0x7f5fca4d1650;
L_0x5555828b1ef0 .cmp/gt 32, L_0x7f5fca4d1698, L_0x5555828a7f70;
L_0x5555828b22c0 .reduce/nor L_0x5555828b20f0;
S_0x55558286e170 .scope module, "u_bootrom" "axi_ram" 3 253, 7 7 0, S_0x5555827b04f0;
 .timescale -9 -12;
    .port_info 0 /INPUT 1 "clk";
    .port_info 1 /INPUT 1 "resetn";
    .port_info 2 /INPUT 16 "axi_awaddr";
    .port_info 3 /INPUT 3 "axi_awprot";
    .port_info 4 /INPUT 1 "axi_awvalid";
    .port_info 5 /OUTPUT 1 "axi_awready";
    .port_info 6 /INPUT 32 "axi_wdata";
    .port_info 7 /INPUT 1 "axi_wvalid";
    .port_info 8 /OUTPUT 1 "axi_wready";
    .port_info 9 /INPUT 4 "axi_wstrb";
    .port_info 10 /OUTPUT 1 "axi_bvalid";
    .port_info 11 /INPUT 1 "axi_bready";
    .port_info 12 /OUTPUT 2 "axi_bresp";
    .port_info 13 /INPUT 16 "axi_araddr";
    .port_info 14 /INPUT 3 "axi_arprot";
    .port_info 15 /INPUT 1 "axi_arvalid";
    .port_info 16 /OUTPUT 1 "axi_arready";
    .port_info 17 /OUTPUT 32 "axi_rdata";
    .port_info 18 /OUTPUT 1 "axi_rvalid";
    .port_info 19 /INPUT 1 "axi_rready";
    .port_info 20 /OUTPUT 2 "axi_rresp";
P_0x555582847440 .param/l "ADDR_WIDTH" 0 7 8, +C4<00000000000000000000000000010000>;
P_0x555582847480 .param/l "DATA_WIDTH" 0 7 9, +C4<00000000000000000000000000100000>;
P_0x5555828474c0 .param/l "MEM_DEPTH" 1 7 58, +C4<00000000000000000100000000000000>;
P_0x555582847500 .param/str "MEM_INIT_FILE" 0 7 10, "\000";
L_0x5555828b2650 .functor AND 1, L_0x5555828b2510, L_0x5555828b25b0, C4<1>, C4<1>;
L_0x5555828b28f0 .functor AND 1, L_0x5555828b2760, L_0x5555828b2800, C4<1>, C4<1>;
L_0x5555828b2a00 .functor BUFZ 1, v0x555582870060_0, C4<0>, C4<0>, C4<0>;
L_0x5555828b2b10 .functor BUFZ 1, v0x555582870380_0, C4<0>, C4<0>, C4<0>;
L_0x5555828b2bd0 .functor BUFZ 32, v0x555582870240_0, C4<00000000000000000000000000000000>, C4<00000000000000000000000000000000>, C4<00000000000000000000000000000000>;
v0x55558286eaf0_0 .net *"_ivl_11", 0 0, L_0x5555828b2760;  1 drivers
v0x55558286ebd0_0 .net *"_ivl_13", 0 0, L_0x5555828b2800;  1 drivers
v0x55558286ec90_0 .net *"_ivl_5", 0 0, L_0x5555828b2510;  1 drivers
v0x55558286ed60_0 .net *"_ivl_7", 0 0, L_0x5555828b25b0;  1 drivers
v0x55558286ee20_0 .var "aw_addr_reg", 13 0;
v0x55558286ef50_0 .var "aw_done", 0 0;
v0x55558286f010_0 .net "axi_araddr", 15 0, L_0x5555828b2d30;  1 drivers
v0x55558286f0f0_0 .net "axi_arprot", 2 0, v0x555582869720_0;  alias, 1 drivers
v0x55558286f1b0_0 .net "axi_arready", 0 0, L_0x5555828b2a70;  alias, 1 drivers
v0x55558286f280_0 .net "axi_arvalid", 0 0, v0x5555828698c0_0;  alias, 1 drivers
v0x55558286f350_0 .net "axi_awaddr", 15 0, L_0x5555828b2c40;  1 drivers
v0x55558286f3f0_0 .net "axi_awprot", 2 0, v0x555582869a60_0;  alias, 1 drivers
v0x55558286f4c0_0 .net "axi_awready", 0 0, L_0x5555828b2650;  alias, 1 drivers
v0x55558286f590_0 .net "axi_awvalid", 0 0, v0x555582869c00_0;  alias, 1 drivers
v0x55558286f660_0 .net "axi_bready", 0 0, v0x555582869cc0_0;  alias, 1 drivers
v0x55558286f730_0 .net "axi_bresp", 1 0, L_0x7f5fca4d16e0;  alias, 1 drivers
v0x55558286f800_0 .net "axi_bvalid", 0 0, L_0x5555828b2a00;  alias, 1 drivers
v0x55558286f9e0_0 .net "axi_rdata", 31 0, L_0x5555828b2bd0;  alias, 1 drivers
v0x55558286fab0_0 .net "axi_rready", 0 0, v0x55558286a000_0;  alias, 1 drivers
v0x55558286fb80_0 .net "axi_rresp", 1 0, L_0x7f5fca4d1728;  alias, 1 drivers
v0x55558286fc50_0 .net "axi_rvalid", 0 0, L_0x5555828b2b10;  alias, 1 drivers
v0x55558286fd20_0 .net "axi_wdata", 31 0, v0x55558286a260_0;  alias, 1 drivers
v0x55558286fdf0_0 .net "axi_wready", 0 0, L_0x5555828b28f0;  alias, 1 drivers
v0x55558286fec0_0 .net "axi_wstrb", 3 0, v0x55558286a400_0;  alias, 1 drivers
v0x55558286ff90_0 .net "axi_wvalid", 0 0, v0x55558286a4e0_0;  alias, 1 drivers
v0x555582870060_0 .var "bvalid_reg", 0 0;
v0x555582870100_0 .net "clk", 0 0, o0x7f5fca953018;  alias, 0 drivers
v0x5555828701a0 .array "memory", 16383 0, 31 0;
v0x555582870240_0 .var "rdata_reg", 31 0;
v0x5555828702e0_0 .net "resetn", 0 0, o0x7f5fca953b88;  alias, 0 drivers
v0x555582870380_0 .var "rvalid_reg", 0 0;
v0x555582870420_0 .var "w_data_reg", 31 0;
v0x5555828704c0_0 .var "w_done", 0 0;
v0x555582870560_0 .var "w_strb_reg", 3 0;
L_0x5555828b2510 .reduce/nor v0x55558286ef50_0;
L_0x5555828b25b0 .reduce/nor v0x555582870060_0;
L_0x5555828b2760 .reduce/nor v0x5555828704c0_0;
L_0x5555828b2800 .reduce/nor v0x555582870060_0;
L_0x5555828b2a70 .reduce/nor v0x555582870380_0;
S_0x55558286e7f0 .scope begin, "$ivl_for_loop0" "$ivl_for_loop0" 7 63, 7 63 0, S_0x55558286e170;
 .timescale -9 -12;
v0x55558286e9f0_0 .var/2s "i", 31 0;
S_0x5555828708c0 .scope module, "u_cpu" "picorv32_axi" 3 158, 8 27 0, S_0x5555827b04f0;
 .timescale -9 -12;
    .port_info 0 /INPUT 1 "clk";
    .port_info 1 /INPUT 1 "resetn";
    .port_info 2 /OUTPUT 1 "trap";
    .port_info 3 /INPUT 32 "irq";
    .port_info 4 /OUTPUT 32 "eoi";
    .port_info 5 /OUTPUT 1 "mem_axi_awvalid";
    .port_info 6 /INPUT 1 "mem_axi_awready";
    .port_info 7 /OUTPUT 32 "mem_axi_awaddr";
    .port_info 8 /OUTPUT 3 "mem_axi_awprot";
    .port_info 9 /OUTPUT 1 "mem_axi_wvalid";
    .port_info 10 /INPUT 1 "mem_axi_wready";
    .port_info 11 /OUTPUT 32 "mem_axi_wdata";
    .port_info 12 /OUTPUT 4 "mem_axi_wstrb";
    .port_info 13 /INPUT 1 "mem_axi_bvalid";
    .port_info 14 /OUTPUT 1 "mem_axi_bready";
    .port_info 15 /OUTPUT 1 "mem_axi_arvalid";
    .port_info 16 /INPUT 1 "mem_axi_arready";
    .port_info 17 /OUTPUT 32 "mem_axi_araddr";
    .port_info 18 /OUTPUT 3 "mem_axi_arprot";
    .port_info 19 /INPUT 1 "mem_axi_rvalid";
    .port_info 20 /OUTPUT 1 "mem_axi_rready";
    .port_info 21 /INPUT 32 "mem_axi_rdata";
    .port_info 22 /OUTPUT 1 "trace_valid";
    .port_info 23 /OUTPUT 36 "trace_data";
P_0x555582870aa0 .param/l "BARREL_SHIFTER" 0 8 33, C4<0>;
P_0x555582870ae0 .param/l "CATCH_ILLINSN" 0 8 38, C4<0>;
P_0x555582870b20 .param/l "CATCH_MISALIGN" 0 8 37, C4<0>;
P_0x555582870b60 .param/l "COMPRESSED_ISA" 0 8 36, C4<0>;
P_0x555582870ba0 .param/l "ENABLE_COUNTERS" 0 8 28, C4<1>;
P_0x555582870be0 .param/l "ENABLE_COUNTERS64" 0 8 29, C4<0>;
P_0x555582870c20 .param/l "ENABLE_DIV" 0 8 42, C4<0>;
P_0x555582870c60 .param/l "ENABLE_FAST_MUL" 0 8 41, C4<0>;
P_0x555582870ca0 .param/l "ENABLE_IRQ" 0 8 43, C4<0>;
P_0x555582870ce0 .param/l "ENABLE_IRQ_QREGS" 0 8 44, C4<0>;
P_0x555582870d20 .param/l "ENABLE_IRQ_TIMER" 0 8 45, C4<0>;
P_0x555582870d60 .param/l "ENABLE_MUL" 0 8 40, C4<0>;
P_0x555582870da0 .param/l "ENABLE_PCPI" 0 8 39, C4<0>;
P_0x555582870de0 .param/l "ENABLE_REGS_16_31" 0 8 30, C4<1>;
P_0x555582870e20 .param/l "ENABLE_REGS_DUALPORT" 0 8 31, C4<1>;
P_0x555582870e60 .param/l "ENABLE_TRACE" 0 8 46, C4<0>;
P_0x555582870ea0 .param/l "LATCHED_IRQ" 0 8 49, C4<11111111111111111111111111111111>;
P_0x555582870ee0 .param/l "MASKED_IRQ" 0 8 48, C4<00000000000000000000000000000000>;
P_0x555582870f20 .param/l "PROGADDR_IRQ" 0 8 51, C4<00000000000000000000000000010000>;
P_0x555582870f60 .param/l "PROGADDR_RESET" 0 8 50, C4<00000000000000000000000000000000>;
P_0x555582870fa0 .param/l "REGS_INIT_ZERO" 0 8 47, C4<0>;
P_0x555582870fe0 .param/l "STACKADDR" 0 8 52, C4<00000000000000101111111111111100>;
P_0x555582871020 .param/l "TWO_CYCLE_ALU" 0 8 35, C4<0>;
P_0x555582871060 .param/l "TWO_CYCLE_COMPARE" 0 8 34, C4<0>;
P_0x5555828710a0 .param/l "TWO_STAGE_SHIFT" 0 8 32, C4<0>;
v0x555582886d40_0 .net "clk", 0 0, o0x7f5fca953018;  alias, 0 drivers
v0x555582886e00_0 .net "eoi", 31 0, v0x55558287dd00_0;  alias, 1 drivers
v0x555582886ef0_0 .net "irq", 31 0, L_0x7f5fca4d0018;  alias, 1 drivers
v0x555582886ff0_0 .net "mem_addr", 31 0, v0x555582882410_0;  1 drivers
v0x555582887090_0 .net "mem_axi_araddr", 31 0, L_0x5555828a7f70;  alias, 1 drivers
v0x5555828871d0_0 .net "mem_axi_arprot", 2 0, L_0x5555828a8140;  alias, 1 drivers
v0x5555828872e0_0 .net "mem_axi_arready", 0 0, v0x555582867d60_0;  alias, 1 drivers
v0x5555828873d0_0 .net "mem_axi_arvalid", 0 0, L_0x5555827116b0;  alias, 1 drivers
v0x5555828874c0_0 .net "mem_axi_awaddr", 31 0, L_0x5555826f2f00;  alias, 1 drivers
v0x555582887580_0 .net "mem_axi_awprot", 2 0, L_0x7f5fca4d0498;  alias, 1 drivers
v0x555582887690_0 .net "mem_axi_awready", 0 0, v0x555582867fe0_0;  alias, 1 drivers
v0x555582887780_0 .net "mem_axi_awvalid", 0 0, L_0x5555826f30f0;  alias, 1 drivers
v0x555582887870_0 .net "mem_axi_bready", 0 0, L_0x5555828a8cb0;  alias, 1 drivers
v0x555582887960_0 .net "mem_axi_bvalid", 0 0, v0x555582868280_0;  alias, 1 drivers
v0x555582887a50_0 .net "mem_axi_rdata", 31 0, v0x555582868340_0;  alias, 1 drivers
v0x555582887b60_0 .net "mem_axi_rready", 0 0, L_0x5555828a8b30;  alias, 1 drivers
v0x555582887c50_0 .net "mem_axi_rvalid", 0 0, v0x5555828685c0_0;  alias, 1 drivers
v0x555582887e50_0 .net "mem_axi_wdata", 31 0, L_0x5555828a85b0;  alias, 1 drivers
v0x555582887f60_0 .net "mem_axi_wready", 0 0, v0x555582868760_0;  alias, 1 drivers
v0x555582888050_0 .net "mem_axi_wstrb", 3 0, L_0x5555828a86b0;  alias, 1 drivers
v0x555582888160_0 .net "mem_axi_wvalid", 0 0, L_0x5555828a8460;  alias, 1 drivers
v0x555582888250_0 .net "mem_instr", 0 0, v0x5555828829f0_0;  1 drivers
v0x555582888340_0 .net "mem_rdata", 31 0, L_0x5555828a8f50;  1 drivers
v0x555582888450_0 .net "mem_ready", 0 0, L_0x5555828a8ba0;  1 drivers
v0x555582888540_0 .net "mem_valid", 0 0, v0x555582883860_0;  1 drivers
v0x555582888630_0 .net "mem_wdata", 31 0, v0x555582883930_0;  1 drivers
v0x555582888740_0 .net "mem_wstrb", 3 0, v0x555582883ac0_0;  1 drivers
v0x555582888850_0 .net "pcpi_insn", 31 0, v0x5555828842f0_0;  1 drivers
v0x555582888910_0 .var "pcpi_rd", 31 0;
v0x5555828889b0_0 .var "pcpi_ready", 0 0;
v0x555582888a50_0 .net "pcpi_rs1", 31 0, L_0x5555828a9660;  1 drivers
v0x555582888af0_0 .net "pcpi_rs2", 31 0, L_0x5555828a96d0;  1 drivers
v0x555582888b90_0 .net "pcpi_valid", 0 0, v0x555582884e30_0;  1 drivers
v0x555582888c30_0 .var "pcpi_wait", 0 0;
v0x555582888cd0_0 .var "pcpi_wr", 0 0;
v0x555582888d70_0 .net "resetn", 0 0, o0x7f5fca953b88;  alias, 0 drivers
v0x555582888e10_0 .net "trace_data", 35 0, v0x5555828867c0_0;  1 drivers
v0x555582888eb0_0 .net "trace_valid", 0 0, v0x555582886860_0;  1 drivers
v0x555582888f50_0 .net "trap", 0 0, v0x555582886920_0;  alias, 1 drivers
S_0x555582871c20 .scope module, "axi_adapter" "picorv32_axi_adapter" 8 105, 9 27 0, S_0x5555828708c0;
 .timescale -9 -12;
    .port_info 0 /INPUT 1 "clk";
    .port_info 1 /INPUT 1 "resetn";
    .port_info 2 /OUTPUT 1 "mem_axi_awvalid";
    .port_info 3 /INPUT 1 "mem_axi_awready";
    .port_info 4 /OUTPUT 32 "mem_axi_awaddr";
    .port_info 5 /OUTPUT 3 "mem_axi_awprot";
    .port_info 6 /OUTPUT 1 "mem_axi_wvalid";
    .port_info 7 /INPUT 1 "mem_axi_wready";
    .port_info 8 /OUTPUT 32 "mem_axi_wdata";
    .port_info 9 /OUTPUT 4 "mem_axi_wstrb";
    .port_info 10 /INPUT 1 "mem_axi_bvalid";
    .port_info 11 /OUTPUT 1 "mem_axi_bready";
    .port_info 12 /OUTPUT 1 "mem_axi_arvalid";
    .port_info 13 /INPUT 1 "mem_axi_arready";
    .port_info 14 /OUTPUT 32 "mem_axi_araddr";
    .port_info 15 /OUTPUT 3 "mem_axi_arprot";
    .port_info 16 /INPUT 1 "mem_axi_rvalid";
    .port_info 17 /OUTPUT 1 "mem_axi_rready";
    .port_info 18 /INPUT 32 "mem_axi_rdata";
    .port_info 19 /INPUT 1 "mem_valid";
    .port_info 20 /INPUT 1 "mem_instr";
    .port_info 21 /OUTPUT 1 "mem_ready";
    .port_info 22 /INPUT 32 "mem_addr";
    .port_info 23 /INPUT 32 "mem_wdata";
    .port_info 24 /INPUT 4 "mem_wstrb";
    .port_info 25 /OUTPUT 32 "mem_rdata";
L_0x5555826c7890 .functor AND 1, v0x555582883860_0, L_0x5555828a7aa0, C4<1>, C4<1>;
L_0x5555826f30f0 .functor AND 1, L_0x5555826c7890, L_0x5555828a7b90, C4<1>, C4<1>;
L_0x5555826f2f00 .functor BUFZ 32, v0x555582882410_0, C4<00000000000000000000000000000000>, C4<00000000000000000000000000000000>, C4<00000000000000000000000000000000>;
L_0x555582711c60 .functor AND 1, v0x555582883860_0, L_0x5555828a7d10, C4<1>, C4<1>;
L_0x5555827116b0 .functor AND 1, L_0x555582711c60, L_0x5555828a7e40, C4<1>, C4<1>;
L_0x5555828a7f70 .functor BUFZ 32, v0x555582882410_0, C4<00000000000000000000000000000000>, C4<00000000000000000000000000000000>, C4<00000000000000000000000000000000>;
L_0x5555828a8350 .functor AND 1, v0x555582883860_0, L_0x5555828a8270, C4<1>, C4<1>;
L_0x5555828a8460 .functor AND 1, L_0x5555828a8350, L_0x5555828a83c0, C4<1>, C4<1>;
L_0x5555828a85b0 .functor BUFZ 32, v0x555582883930_0, C4<00000000000000000000000000000000>, C4<00000000000000000000000000000000>, C4<00000000000000000000000000000000>;
L_0x5555828a86b0 .functor BUFZ 4, v0x555582883ac0_0, C4<0000>, C4<0000>, C4<0000>;
L_0x5555828a8810 .functor AND 1, v0x555582868280_0, L_0x5555828a8cb0, C4<1>, C4<1>;
L_0x5555828a89a0 .functor AND 1, v0x5555828685c0_0, L_0x5555828a8b30, C4<1>, C4<1>;
L_0x5555828a8ba0 .functor OR 1, L_0x5555828a8810, L_0x5555828a89a0, C4<0>, C4<0>;
L_0x5555828a8cb0 .functor AND 1, v0x555582883860_0, L_0x5555828a8c10, C4<1>, C4<1>;
L_0x5555828a8b30 .functor AND 1, v0x555582883860_0, L_0x5555828a8da0, C4<1>, C4<1>;
L_0x5555828a8f50 .functor BUFZ 32, v0x555582868340_0, C4<00000000000000000000000000000000>, C4<00000000000000000000000000000000>, C4<00000000000000000000000000000000>;
v0x555582872150_0 .net *"_ivl_1", 0 0, L_0x5555828a7aa0;  1 drivers
v0x555582872230_0 .net *"_ivl_13", 0 0, L_0x5555828a7d10;  1 drivers
v0x5555828722f0_0 .net *"_ivl_15", 0 0, L_0x555582711c60;  1 drivers
v0x5555828723c0_0 .net *"_ivl_17", 0 0, L_0x5555828a7e40;  1 drivers
L_0x7f5fca4d04e0 .functor BUFT 1, C4<100>, C4<0>, C4<0>, C4<0>;
v0x555582872480_0 .net/2u *"_ivl_22", 2 0, L_0x7f5fca4d04e0;  1 drivers
L_0x7f5fca4d0528 .functor BUFT 1, C4<000>, C4<0>, C4<0>, C4<0>;
v0x5555828725b0_0 .net/2u *"_ivl_24", 2 0, L_0x7f5fca4d0528;  1 drivers
v0x555582872690_0 .net *"_ivl_29", 0 0, L_0x5555828a8270;  1 drivers
v0x555582872750_0 .net *"_ivl_3", 0 0, L_0x5555826c7890;  1 drivers
v0x555582872810_0 .net *"_ivl_31", 0 0, L_0x5555828a8350;  1 drivers
v0x5555828728d0_0 .net *"_ivl_33", 0 0, L_0x5555828a83c0;  1 drivers
v0x555582872990_0 .net *"_ivl_41", 0 0, L_0x5555828a8810;  1 drivers
v0x555582872a50_0 .net *"_ivl_43", 0 0, L_0x5555828a89a0;  1 drivers
v0x555582872b10_0 .net *"_ivl_47", 0 0, L_0x5555828a8c10;  1 drivers
v0x555582872bd0_0 .net *"_ivl_5", 0 0, L_0x5555828a7b90;  1 drivers
v0x555582872c90_0 .net *"_ivl_51", 0 0, L_0x5555828a8da0;  1 drivers
v0x555582872d50_0 .var "ack_arvalid", 0 0;
v0x555582872e10_0 .var "ack_awvalid", 0 0;
v0x555582872ed0_0 .var "ack_wvalid", 0 0;
v0x555582872f90_0 .net "clk", 0 0, o0x7f5fca953018;  alias, 0 drivers
v0x555582873030_0 .net "mem_addr", 31 0, v0x555582882410_0;  alias, 1 drivers
v0x555582873110_0 .net "mem_axi_araddr", 31 0, L_0x5555828a7f70;  alias, 1 drivers
v0x5555828731d0_0 .net "mem_axi_arprot", 2 0, L_0x5555828a8140;  alias, 1 drivers
v0x555582873290_0 .net "mem_axi_arready", 0 0, v0x555582867d60_0;  alias, 1 drivers
v0x555582873360_0 .net "mem_axi_arvalid", 0 0, L_0x5555827116b0;  alias, 1 drivers
v0x555582873430_0 .net "mem_axi_awaddr", 31 0, L_0x5555826f2f00;  alias, 1 drivers
v0x555582873500_0 .net "mem_axi_awprot", 2 0, L_0x7f5fca4d0498;  alias, 1 drivers
v0x5555828735d0_0 .net "mem_axi_awready", 0 0, v0x555582867fe0_0;  alias, 1 drivers
v0x5555828736a0_0 .net "mem_axi_awvalid", 0 0, L_0x5555826f30f0;  alias, 1 drivers
v0x555582873770_0 .net "mem_axi_bready", 0 0, L_0x5555828a8cb0;  alias, 1 drivers
v0x555582873840_0 .net "mem_axi_bvalid", 0 0, v0x555582868280_0;  alias, 1 drivers
v0x555582873910_0 .net "mem_axi_rdata", 31 0, v0x555582868340_0;  alias, 1 drivers
v0x5555828739e0_0 .net "mem_axi_rready", 0 0, L_0x5555828a8b30;  alias, 1 drivers
v0x555582873ab0_0 .net "mem_axi_rvalid", 0 0, v0x5555828685c0_0;  alias, 1 drivers
v0x555582873d90_0 .net "mem_axi_wdata", 31 0, L_0x5555828a85b0;  alias, 1 drivers
v0x555582873e60_0 .net "mem_axi_wready", 0 0, v0x555582868760_0;  alias, 1 drivers
v0x555582873f30_0 .net "mem_axi_wstrb", 3 0, L_0x5555828a86b0;  alias, 1 drivers
v0x555582874000_0 .net "mem_axi_wvalid", 0 0, L_0x5555828a8460;  alias, 1 drivers
v0x5555828740d0_0 .net "mem_instr", 0 0, v0x5555828829f0_0;  alias, 1 drivers
v0x555582874170_0 .net "mem_rdata", 31 0, L_0x5555828a8f50;  alias, 1 drivers
v0x555582874210_0 .net "mem_ready", 0 0, L_0x5555828a8ba0;  alias, 1 drivers
v0x5555828742b0_0 .net "mem_valid", 0 0, v0x555582883860_0;  alias, 1 drivers
v0x555582874350_0 .net "mem_wdata", 31 0, v0x555582883930_0;  alias, 1 drivers
v0x5555828743f0_0 .net "mem_wstrb", 3 0, v0x555582883ac0_0;  alias, 1 drivers
v0x555582874490_0 .net "resetn", 0 0, o0x7f5fca953b88;  alias, 0 drivers
v0x555582874530_0 .var "xfer_done", 0 0;
L_0x5555828a7aa0 .reduce/or v0x555582883ac0_0;
L_0x5555828a7b90 .reduce/nor v0x555582872e10_0;
L_0x5555828a7d10 .reduce/nor v0x555582883ac0_0;
L_0x5555828a7e40 .reduce/nor v0x555582872d50_0;
L_0x5555828a8140 .functor MUXZ 3, L_0x7f5fca4d0528, L_0x7f5fca4d04e0, v0x5555828829f0_0, C4<>;
L_0x5555828a8270 .reduce/or v0x555582883ac0_0;
L_0x5555828a83c0 .reduce/nor v0x555582872ed0_0;
L_0x5555828a8c10 .reduce/or v0x555582883ac0_0;
L_0x5555828a8da0 .reduce/nor v0x555582883ac0_0;
S_0x5555828748f0 .scope module, "picorv32_core" "picorv32" 8 160, 10 62 0, S_0x5555828708c0;
 .timescale -9 -12;
    .port_info 0 /INPUT 1 "clk";
    .port_info 1 /INPUT 1 "resetn";
    .port_info 2 /OUTPUT 1 "trap";
    .port_info 3 /OUTPUT 1 "mem_valid";
    .port_info 4 /OUTPUT 1 "mem_instr";
    .port_info 5 /INPUT 1 "mem_ready";
    .port_info 6 /OUTPUT 32 "mem_addr";
    .port_info 7 /OUTPUT 32 "mem_wdata";
    .port_info 8 /OUTPUT 4 "mem_wstrb";
    .port_info 9 /INPUT 32 "mem_rdata";
    .port_info 10 /OUTPUT 1 "mem_la_read";
    .port_info 11 /OUTPUT 1 "mem_la_write";
    .port_info 12 /OUTPUT 32 "mem_la_addr";
    .port_info 13 /OUTPUT 32 "mem_la_wdata";
    .port_info 14 /OUTPUT 4 "mem_la_wstrb";
    .port_info 15 /OUTPUT 1 "pcpi_valid";
    .port_info 16 /OUTPUT 32 "pcpi_insn";
    .port_info 17 /OUTPUT 32 "pcpi_rs1";
    .port_info 18 /OUTPUT 32 "pcpi_rs2";
    .port_info 19 /INPUT 1 "pcpi_wr";
    .port_info 20 /INPUT 32 "pcpi_rd";
    .port_info 21 /INPUT 1 "pcpi_wait";
    .port_info 22 /INPUT 1 "pcpi_ready";
    .port_info 23 /INPUT 32 "irq";
    .port_info 24 /OUTPUT 32 "eoi";
    .port_info 25 /OUTPUT 1 "trace_valid";
    .port_info 26 /OUTPUT 36 "trace_data";
P_0x555582874aa0 .param/l "BARREL_SHIFTER" 0 10 68, C4<0>;
P_0x555582874ae0 .param/l "CATCH_ILLINSN" 0 10 73, C4<0>;
P_0x555582874b20 .param/l "CATCH_MISALIGN" 0 10 72, C4<0>;
P_0x555582874b60 .param/l "COMPRESSED_ISA" 0 10 71, C4<0>;
P_0x555582874ba0 .param/l "ENABLE_COUNTERS" 0 10 63, C4<1>;
P_0x555582874be0 .param/l "ENABLE_COUNTERS64" 0 10 64, C4<0>;
P_0x555582874c20 .param/l "ENABLE_DIV" 0 10 78, C4<0>;
P_0x555582874c60 .param/l "ENABLE_FAST_MUL" 0 10 77, C4<0>;
P_0x555582874ca0 .param/l "ENABLE_IRQ" 0 10 79, C4<0>;
P_0x555582874ce0 .param/l "ENABLE_IRQ_QREGS" 0 10 80, C4<0>;
P_0x555582874d20 .param/l "ENABLE_IRQ_TIMER" 0 10 81, C4<0>;
P_0x555582874d60 .param/l "ENABLE_MUL" 0 10 76, C4<0>;
P_0x555582874da0 .param/l "ENABLE_PCPI" 0 10 74, C4<0>;
P_0x555582874de0 .param/l "ENABLE_REGS_16_31" 0 10 65, C4<1>;
P_0x555582874e20 .param/l "ENABLE_REGS_DUALPORT" 0 10 66, C4<1>;
P_0x555582874e60 .param/l "ENABLE_TRACE" 0 10 82, C4<0>;
P_0x555582874ea0 .param/l "LATCHED_IRQ" 0 10 85, C4<11111111111111111111111111111111>;
P_0x555582874ee0 .param/l "LATCHED_MEM_RDATA" 0 10 75, C4<0>;
P_0x555582874f20 .param/l "MASKED_IRQ" 0 10 84, C4<00000000000000000000000000000000>;
P_0x555582874f60 .param/l "PROGADDR_IRQ" 0 10 87, C4<00000000000000000000000000010000>;
P_0x555582874fa0 .param/l "PROGADDR_RESET" 0 10 86, C4<00000000000000000000000000000000>;
P_0x555582874fe0 .param/l "REGS_INIT_ZERO" 0 10 83, C4<0>;
P_0x555582875020 .param/l "STACKADDR" 0 10 88, C4<00000000000000101111111111111100>;
P_0x555582875060 .param/l "TRACE_ADDR" 1 10 180, C4<001000000000000000000000000000000000>;
P_0x5555828750a0 .param/l "TRACE_BRANCH" 1 10 179, C4<000100000000000000000000000000000000>;
P_0x5555828750e0 .param/l "TRACE_IRQ" 1 10 181, C4<100000000000000000000000000000000000>;
P_0x555582875120 .param/l "TWO_CYCLE_ALU" 0 10 70, C4<0>;
P_0x555582875160 .param/l "TWO_CYCLE_COMPARE" 0 10 69, C4<0>;
P_0x5555828751a0 .param/l "TWO_STAGE_SHIFT" 0 10 67, C4<0>;
P_0x5555828751e0 .param/l "WITH_PCPI" 1 10 177, C4<0>;
P_0x555582875220 .param/l "cpu_state_exec" 1 10 1238, C4<00001000>;
P_0x555582875260 .param/l "cpu_state_fetch" 1 10 1235, C4<01000000>;
P_0x5555828752a0 .param/l "cpu_state_ld_rs1" 1 10 1236, C4<00100000>;
P_0x5555828752e0 .param/l "cpu_state_ld_rs2" 1 10 1237, C4<00010000>;
P_0x555582875320 .param/l "cpu_state_ldmem" 1 10 1241, C4<00000001>;
P_0x555582875360 .param/l "cpu_state_shift" 1 10 1239, C4<00000100>;
P_0x5555828753a0 .param/l "cpu_state_stmem" 1 10 1240, C4<00000010>;
P_0x5555828753e0 .param/l "cpu_state_trap" 1 10 1234, C4<10000000>;
P_0x555582875420 .param/l "irq_buserror" 1 10 171, +C4<00000000000000000000000000000010>;
P_0x555582875460 .param/l "irq_ebreak" 1 10 170, +C4<00000000000000000000000000000001>;
P_0x5555828754a0 .param/l "irq_timer" 1 10 169, +C4<00000000000000000000000000000000>;
P_0x5555828754e0 .param/l "irqregs_offset" 1 10 173, +C4<00000000000000000000000000100000>;
P_0x555582875520 .param/l "regfile_size" 1 10 174, +C4<00000000000000000000000000100000>;
P_0x555582875560 .param/l "regindex_bits" 1 10 175, +C4<00000000000000000000000000000101>;
L_0x5555828a9050 .functor BUFZ 1, v0x555582883860_0, C4<0>, C4<0>, C4<0>;
L_0x5555828a91d0 .functor BUFZ 1, v0x5555828829f0_0, C4<0>, C4<0>, C4<0>;
L_0x5555828a9240 .functor BUFZ 1, L_0x5555828a8ba0, C4<0>, C4<0>, C4<0>;
L_0x5555828a9340 .functor BUFZ 32, v0x555582882410_0, C4<00000000000000000000000000000000>, C4<00000000000000000000000000000000>, C4<00000000000000000000000000000000>;
L_0x5555828a93b0 .functor BUFZ 32, v0x555582883930_0, C4<00000000000000000000000000000000>, C4<00000000000000000000000000000000>, C4<00000000000000000000000000000000>;
L_0x5555828a94b0 .functor BUFZ 4, v0x555582883ac0_0, C4<0000>, C4<0000>, C4<0000>;
L_0x5555828a9560 .functor BUFZ 32, L_0x5555828a8f50, C4<00000000000000000000000000000000>, C4<00000000000000000000000000000000>, C4<00000000000000000000000000000000>;
L_0x5555828a9660 .functor BUFZ 32, v0x55558287eb80_0, C4<00000000000000000000000000000000>, C4<00000000000000000000000000000000>, C4<00000000000000000000000000000000>;
L_0x5555828a96d0 .functor BUFZ 32, v0x55558287ec60_0, C4<00000000000000000000000000000000>, C4<00000000000000000000000000000000>, C4<00000000000000000000000000000000>;
L_0x5555828a9740 .functor AND 1, v0x555582883860_0, L_0x5555828a8ba0, C4<1>, C4<1>;
L_0x7f5fca4d0840 .functor BUFT 1, C4<0>, C4<0>, C4<0>, C4<0>;
L_0x5555828a9810 .functor AND 1, L_0x7f5fca4d0840, v0x5555828826f0_0, C4<1>, C4<1>;
L_0x5555828a9880 .functor OR 1, L_0x5555828a9740, L_0x5555828a9810, C4<0>, C4<0>;
L_0x5555828a9b40 .functor AND 1, L_0x5555828a9880, L_0x5555828a9aa0, C4<1>, C4<1>;
L_0x5555828a9c00 .functor OR 1, v0x5555828826f0_0, v0x555582882630_0, C4<0>, C4<0>;
L_0x5555828a98f0 .functor OR 1, L_0x5555828a9c00, v0x5555828827b0_0, C4<0>, C4<0>;
L_0x5555828a9de0 .functor AND 1, L_0x5555828a9b40, L_0x5555828a98f0, C4<1>, C4<1>;
L_0x5555828aa070 .functor AND 1, L_0x5555828a9f80, v0x5555828826f0_0, C4<1>, C4<1>;
L_0x5555828aa1c0 .functor OR 1, L_0x5555828a9de0, L_0x5555828aa070, C4<0>, C4<0>;
L_0x5555828aa320 .functor AND 1, o0x7f5fca953b88, L_0x5555828aa1c0, C4<1>, C4<1>;
L_0x5555828aa6a0 .functor AND 1, L_0x5555828aa5b0, L_0x5555828a9880, C4<1>, C4<1>;
L_0x5555828aa810 .functor OR 1, L_0x5555828aa3e0, L_0x5555828aa6a0, C4<0>, C4<0>;
L_0x5555828aa920 .functor AND 1, L_0x5555828aa320, L_0x5555828aa810, C4<1>, C4<1>;
L_0x5555828aac80 .functor AND 1, o0x7f5fca953b88, L_0x5555828aabe0, C4<1>, C4<1>;
L_0x5555828aad40 .functor AND 1, L_0x5555828aac80, v0x5555828827b0_0, C4<1>, C4<1>;
L_0x5555828ab070 .functor AND 1, L_0x5555828aaed0, L_0x5555828aafd0, C4<1>, C4<1>;
L_0x5555828ab0e0 .functor OR 1, v0x5555828826f0_0, v0x555582882570_0, C4<0>, C4<0>;
L_0x5555828ab280 .functor OR 1, L_0x5555828ab0e0, v0x555582882630_0, C4<0>, C4<0>;
L_0x5555828ab340 .functor AND 1, L_0x5555828ab070, L_0x5555828ab280, C4<1>, C4<1>;
L_0x7f5fca4d08d0 .functor BUFT 1, C4<0>, C4<0>, C4<0>, C4<0>;
L_0x5555828ab540 .functor OR 1, L_0x5555828ab340, L_0x7f5fca4d08d0, C4<0>, C4<0>;
L_0x5555828ab650 .functor AND 1, o0x7f5fca953b88, L_0x5555828ab540, C4<1>, C4<1>;
L_0x5555828ab810 .functor OR 1, v0x555582882570_0, v0x5555828826f0_0, C4<0>, C4<0>;
L_0x7f5fca4d09a8 .functor BUFT 1, C4<0>, C4<0>, C4<0>, C4<0>;
L_0x5555828ab920 .functor OR 1, L_0x5555828a9880, L_0x7f5fca4d09a8, C4<0>, C4<0>;
L_0x5555828aba30 .functor BUFZ 32, L_0x5555828ac2a0, C4<00000000000000000000000000000000>, C4<00000000000000000000000000000000>, C4<00000000000000000000000000000000>;
L_0x5555828ac710 .functor AND 1, v0x5555828821d0_0, v0x555582881c70_0, C4<1>, C4<1>;
L_0x7f5fca4d0a38 .functor BUFT 1, C4<11111111111111111111111111111110>, C4<0>, C4<0>, C4<0>;
L_0x5555828ac8a0 .functor AND 32, v0x55558287ed40_0, L_0x7f5fca4d0a38, C4<11111111111111111111111111111111>, C4<11111111111111111111111111111111>;
L_0x5555828acc00 .functor AND 1, L_0x5555828aca50, v0x55558287dac0_0, C4<1>, C4<1>;
L_0x7f5fca4d0ac8 .functor BUFT 1, C4<1>, C4<0>, C4<0>, C4<0>;
L_0x5555828acdf0 .functor AND 1, L_0x5555828acc00, L_0x7f5fca4d0ac8, C4<1>, C4<1>;
v0x5555828760f0_0 .net *"_ivl_100", 29 0, L_0x5555828ab990;  1 drivers
L_0x7f5fca4d0918 .functor BUFT 1, C4<00>, C4<0>, C4<0>, C4<0>;
v0x555582877e10_0 .net/2u *"_ivl_102", 1 0, L_0x7f5fca4d0918;  1 drivers
v0x555582877ef0_0 .net *"_ivl_104", 31 0, L_0x5555828abaf0;  1 drivers
v0x555582877fe0_0 .net *"_ivl_107", 29 0, L_0x5555828abcb0;  1 drivers
L_0x7f5fca4d0960 .functor BUFT 1, C4<00>, C4<0>, C4<0>, C4<0>;
v0x5555828780c0_0 .net/2u *"_ivl_108", 1 0, L_0x7f5fca4d0960;  1 drivers
v0x5555828781f0_0 .net *"_ivl_110", 31 0, L_0x5555828abda0;  1 drivers
v0x5555828782d0_0 .net/2u *"_ivl_114", 0 0, L_0x7f5fca4d09a8;  1 drivers
v0x5555828783b0_0 .net *"_ivl_117", 0 0, L_0x5555828ab920;  1 drivers
v0x555582878470_0 .net *"_ivl_124", 3 0, L_0x5555828ac4d0;  1 drivers
v0x555582878550_0 .net *"_ivl_129", 0 0, L_0x5555828ac710;  1 drivers
v0x555582878610_0 .net/2u *"_ivl_130", 31 0, L_0x7f5fca4d0a38;  1 drivers
v0x5555828786f0_0 .net *"_ivl_132", 31 0, L_0x5555828ac8a0;  1 drivers
L_0x7f5fca4d0a80 .functor BUFT 1, C4<01000000>, C4<0>, C4<0>, C4<0>;
v0x5555828787d0_0 .net/2u *"_ivl_136", 7 0, L_0x7f5fca4d0a80;  1 drivers
v0x5555828788b0_0 .net *"_ivl_138", 0 0, L_0x5555828aca50;  1 drivers
v0x555582878970_0 .net *"_ivl_141", 0 0, L_0x5555828acc00;  1 drivers
v0x555582878a30_0 .net/2u *"_ivl_142", 0 0, L_0x7f5fca4d0ac8;  1 drivers
v0x555582878b10_0 .net *"_ivl_25", 0 0, L_0x5555828a9740;  1 drivers
v0x555582878bd0_0 .net *"_ivl_27", 0 0, L_0x5555828a9810;  1 drivers
v0x555582878c90_0 .net *"_ivl_30", 3 0, L_0x5555828a9960;  1 drivers
v0x555582878d70_0 .net *"_ivl_35", 0 0, L_0x5555828a9aa0;  1 drivers
v0x555582878e30_0 .net *"_ivl_37", 0 0, L_0x5555828a9b40;  1 drivers
v0x555582878ef0_0 .net *"_ivl_39", 0 0, L_0x5555828a9c00;  1 drivers
v0x555582878fb0_0 .net *"_ivl_41", 0 0, L_0x5555828a98f0;  1 drivers
v0x555582879070_0 .net *"_ivl_43", 0 0, L_0x5555828a9de0;  1 drivers
v0x555582879130_0 .net *"_ivl_45", 0 0, L_0x5555828a9f80;  1 drivers
v0x5555828791f0_0 .net *"_ivl_47", 0 0, L_0x5555828aa070;  1 drivers
v0x5555828792b0_0 .net *"_ivl_49", 0 0, L_0x5555828aa1c0;  1 drivers
v0x555582879370_0 .net *"_ivl_51", 0 0, L_0x5555828aa320;  1 drivers
v0x555582879430_0 .net *"_ivl_53", 0 0, L_0x5555828aa3e0;  1 drivers
v0x5555828794f0_0 .net *"_ivl_55", 1 0, L_0x5555828aa4d0;  1 drivers
v0x5555828795d0_0 .net *"_ivl_57", 0 0, L_0x5555828aa5b0;  1 drivers
v0x555582879690_0 .net *"_ivl_59", 0 0, L_0x5555828aa6a0;  1 drivers
v0x555582879750_0 .net *"_ivl_61", 0 0, L_0x5555828aa810;  1 drivers
L_0x7f5fca4d0888 .functor BUFT 1, C4<1>, C4<0>, C4<0>, C4<0>;
v0x555582879a20_0 .net/2u *"_ivl_64", 0 0, L_0x7f5fca4d0888;  1 drivers
v0x555582879b00_0 .net *"_ivl_69", 0 0, L_0x5555828aabe0;  1 drivers
v0x555582879bc0_0 .net *"_ivl_71", 0 0, L_0x5555828aac80;  1 drivers
v0x555582879c80_0 .net *"_ivl_75", 0 0, L_0x5555828aaed0;  1 drivers
v0x555582879d40_0 .net *"_ivl_77", 0 0, L_0x5555828aafd0;  1 drivers
v0x555582879e00_0 .net *"_ivl_79", 0 0, L_0x5555828ab070;  1 drivers
v0x555582879ec0_0 .net *"_ivl_81", 0 0, L_0x5555828ab0e0;  1 drivers
v0x555582879f80_0 .net *"_ivl_83", 0 0, L_0x5555828ab280;  1 drivers
v0x55558287a040_0 .net *"_ivl_85", 0 0, L_0x5555828ab340;  1 drivers
v0x55558287a100_0 .net/2u *"_ivl_86", 0 0, L_0x7f5fca4d08d0;  1 drivers
v0x55558287a1e0_0 .net *"_ivl_89", 0 0, L_0x5555828ab540;  1 drivers
v0x55558287a2a0_0 .net *"_ivl_93", 0 0, L_0x5555828ab810;  1 drivers
v0x55558287a360_0 .net *"_ivl_95", 29 0, L_0x5555828ab880;  1 drivers
L_0x7f5fca4d1968 .functor BUFT 1, C4<000000000000000000000000000000>, C4<0>, C4<0>, C4<0>;
v0x55558287a440_0 .net *"_ivl_96", 29 0, L_0x7f5fca4d1968;  1 drivers
v0x55558287a520_0 .var "alu_add_sub", 31 0;
v0x55558287a600_0 .var "alu_eq", 0 0;
v0x55558287a6c0_0 .var "alu_lts", 0 0;
v0x55558287a780_0 .var "alu_ltu", 0 0;
v0x55558287a840_0 .var "alu_out", 31 0;
v0x55558287a920_0 .var "alu_out_0", 0 0;
v0x55558287a9e0_0 .var "alu_out_0_q", 0 0;
v0x55558287aaa0_0 .var "alu_out_q", 31 0;
v0x55558287ab80_0 .var "alu_shl", 31 0;
v0x55558287ac60_0 .var "alu_shr", 31 0;
v0x55558287ad40_0 .var "alu_wait", 0 0;
v0x55558287ae00_0 .var "alu_wait_2", 0 0;
v0x55558287aec0_0 .var "cached_ascii_instr", 63 0;
v0x55558287afa0_0 .var "cached_insn_imm", 31 0;
v0x55558287b080_0 .var "cached_insn_opcode", 31 0;
v0x55558287b160_0 .var "cached_insn_rd", 4 0;
v0x55558287b240_0 .var "cached_insn_rs1", 4 0;
v0x55558287b320_0 .var "cached_insn_rs2", 4 0;
v0x55558287b400_0 .var "clear_prefetched_high_word", 0 0;
v0x55558287b4c0_0 .var "clear_prefetched_high_word_q", 0 0;
v0x55558287b580_0 .net "clk", 0 0, o0x7f5fca953018;  alias, 0 drivers
v0x55558287b620_0 .var "compressed_instr", 0 0;
v0x55558287b6e0_0 .var "count_cycle", 63 0;
v0x55558287b7c0_0 .var "count_instr", 63 0;
v0x55558287b8a0_0 .var "cpu_state", 7 0;
v0x55558287b980 .array "cpuregs", 31 0, 31 0;
v0x55558287be40_0 .var "cpuregs_rs1", 31 0;
v0x55558287bf20_0 .var "cpuregs_rs2", 31 0;
v0x55558287c000_0 .var "cpuregs_wrdata", 31 0;
v0x55558287c0e0_0 .var "cpuregs_write", 0 0;
v0x55558287c1a0_0 .var "current_pc", 31 0;
v0x55558287c280_0 .var "dbg_ascii_instr", 63 0;
v0x55558287c360_0 .var "dbg_ascii_state", 127 0;
v0x55558287c440_0 .var "dbg_insn_addr", 31 0;
v0x55558287c520_0 .var "dbg_insn_imm", 31 0;
v0x55558287c600_0 .var "dbg_insn_opcode", 31 0;
v0x55558287c6e0_0 .var "dbg_insn_rd", 4 0;
v0x55558287c7c0_0 .var "dbg_insn_rs1", 4 0;
v0x55558287c8a0_0 .var "dbg_insn_rs2", 4 0;
v0x55558287c980_0 .net "dbg_mem_addr", 31 0, L_0x5555828a9340;  1 drivers
v0x55558287ca60_0 .net "dbg_mem_instr", 0 0, L_0x5555828a91d0;  1 drivers
v0x55558287cb20_0 .net "dbg_mem_rdata", 31 0, L_0x5555828a9560;  1 drivers
v0x55558287cc00_0 .net "dbg_mem_ready", 0 0, L_0x5555828a9240;  1 drivers
v0x55558287ccc0_0 .net "dbg_mem_valid", 0 0, L_0x5555828a9050;  1 drivers
v0x55558287cd80_0 .net "dbg_mem_wdata", 31 0, L_0x5555828a93b0;  1 drivers
v0x55558287ce60_0 .net "dbg_mem_wstrb", 3 0, L_0x5555828a94b0;  1 drivers
v0x55558287cf40_0 .var "dbg_next", 0 0;
v0x55558287d000_0 .var "dbg_rs1val", 31 0;
v0x55558287d0e0_0 .var "dbg_rs1val_valid", 0 0;
v0x55558287d1a0_0 .var "dbg_rs2val", 31 0;
v0x55558287d280_0 .var "dbg_rs2val_valid", 0 0;
v0x55558287d340_0 .var "dbg_valid_insn", 0 0;
v0x55558287d400_0 .var "decoded_imm", 31 0;
v0x55558287d4e0_0 .var "decoded_imm_j", 31 0;
v0x55558287d5c0_0 .var "decoded_rd", 4 0;
v0x55558287d6a0_0 .var "decoded_rs", 4 0;
v0x55558287d780_0 .var "decoded_rs1", 4 0;
v0x55558287d860_0 .var "decoded_rs2", 4 0;
v0x55558287d940_0 .var "decoder_pseudo_trigger", 0 0;
v0x55558287da00_0 .var "decoder_pseudo_trigger_q", 0 0;
v0x55558287dac0_0 .var "decoder_trigger", 0 0;
v0x55558287db80_0 .var "decoder_trigger_q", 0 0;
v0x55558287dc40_0 .var "do_waitirq", 0 0;
v0x55558287dd00_0 .var "eoi", 31 0;
v0x55558287dde0_0 .var "instr_add", 0 0;
v0x55558287dea0_0 .var "instr_addi", 0 0;
v0x55558287df60_0 .var "instr_and", 0 0;
v0x55558287e020_0 .var "instr_andi", 0 0;
v0x55558287e0e0_0 .var "instr_auipc", 0 0;
v0x55558287e1a0_0 .var "instr_beq", 0 0;
v0x55558287e260_0 .var "instr_bge", 0 0;
v0x55558287e320_0 .var "instr_bgeu", 0 0;
v0x55558287e3e0_0 .var "instr_blt", 0 0;
v0x55558287e4a0_0 .var "instr_bltu", 0 0;
v0x55558287e560_0 .var "instr_bne", 0 0;
v0x55558287e620_0 .var "instr_ecall_ebreak", 0 0;
v0x55558287e6e0_0 .var "instr_fence", 0 0;
v0x55558287e7a0_0 .var "instr_getq", 0 0;
v0x55558287e860_0 .var "instr_jal", 0 0;
v0x55558287e920_0 .var "instr_jalr", 0 0;
v0x55558287e9e0_0 .var "instr_lb", 0 0;
v0x55558287eaa0_0 .var "instr_lbu", 0 0;
v0x55558287f370_0 .var "instr_lh", 0 0;
v0x55558287f430_0 .var "instr_lhu", 0 0;
v0x55558287f4f0_0 .var "instr_lui", 0 0;
v0x55558287f5b0_0 .var "instr_lw", 0 0;
v0x55558287f670_0 .var "instr_maskirq", 0 0;
v0x55558287f730_0 .var "instr_or", 0 0;
v0x55558287f7f0_0 .var "instr_ori", 0 0;
v0x55558287f8b0_0 .var "instr_rdcycle", 0 0;
v0x55558287f970_0 .var "instr_rdcycleh", 0 0;
v0x55558287fa30_0 .var "instr_rdinstr", 0 0;
v0x55558287faf0_0 .var "instr_rdinstrh", 0 0;
v0x55558287fbb0_0 .var "instr_retirq", 0 0;
v0x55558287fc70_0 .var "instr_sb", 0 0;
v0x55558287fd30_0 .var "instr_setq", 0 0;
v0x55558287fdf0_0 .var "instr_sh", 0 0;
v0x55558287feb0_0 .var "instr_sll", 0 0;
v0x55558287ff70_0 .var "instr_slli", 0 0;
v0x555582880030_0 .var "instr_slt", 0 0;
v0x5555828800f0_0 .var "instr_slti", 0 0;
v0x5555828801b0_0 .var "instr_sltiu", 0 0;
v0x555582880270_0 .var "instr_sltu", 0 0;
v0x555582880330_0 .var "instr_sra", 0 0;
v0x5555828803f0_0 .var "instr_srai", 0 0;
v0x5555828804b0_0 .var "instr_srl", 0 0;
v0x555582880570_0 .var "instr_srli", 0 0;
v0x555582880630_0 .var "instr_sub", 0 0;
v0x5555828806f0_0 .var "instr_sw", 0 0;
v0x5555828807b0_0 .var "instr_timer", 0 0;
L_0x7f5fca4d09f0 .functor BUFT 1, C4<0>, C4<0>, C4<0>, C4<0>;
v0x555582880870_0 .net "instr_trap", 0 0, L_0x7f5fca4d09f0;  1 drivers
v0x555582880930_0 .var "instr_waitirq", 0 0;
v0x5555828809f0_0 .var "instr_xor", 0 0;
v0x555582880ab0_0 .var "instr_xori", 0 0;
v0x555582880b70_0 .net "irq", 31 0, L_0x7f5fca4d0018;  alias, 1 drivers
v0x555582880c50_0 .var "irq_active", 0 0;
v0x555582880d10_0 .var "irq_delay", 0 0;
v0x555582880dd0_0 .var "irq_mask", 31 0;
v0x555582880eb0_0 .var "irq_pending", 31 0;
v0x555582880f90_0 .var "irq_state", 1 0;
v0x555582881070_0 .var "is_alu_reg_imm", 0 0;
v0x555582881130_0 .var "is_alu_reg_reg", 0 0;
v0x5555828811f0_0 .var "is_beq_bne_blt_bge_bltu_bgeu", 0 0;
v0x5555828812b0_0 .var "is_compare", 0 0;
v0x555582881370_0 .var "is_jalr_addi_slti_sltiu_xori_ori_andi", 0 0;
v0x555582881430_0 .var "is_lb_lh_lw_lbu_lhu", 0 0;
v0x5555828814f0_0 .var "is_lbu_lhu_lw", 0 0;
v0x5555828815b0_0 .var "is_lui_auipc_jal", 0 0;
v0x555582881670_0 .var "is_lui_auipc_jal_jalr_addi_add_sub", 0 0;
v0x555582881730_0 .net "is_rdcycle_rdcycleh_rdinstr_rdinstrh", 0 0, L_0x5555828ac570;  1 drivers
v0x5555828817f0_0 .var "is_sb_sh_sw", 0 0;
v0x5555828818b0_0 .var "is_sll_srl_sra", 0 0;
v0x555582881970_0 .var "is_slli_srli_srai", 0 0;
v0x555582881a30_0 .var "is_slti_blt_slt", 0 0;
v0x555582881af0_0 .var "is_sltiu_bltu_sltu", 0 0;
v0x555582881bb0_0 .var "last_mem_valid", 0 0;
v0x555582881c70_0 .var "latched_branch", 0 0;
v0x555582881d30_0 .var "latched_compr", 0 0;
v0x555582881df0_0 .var "latched_is_lb", 0 0;
v0x555582881eb0_0 .var "latched_is_lh", 0 0;
v0x555582881f70_0 .var "latched_is_lu", 0 0;
v0x555582882030_0 .var "latched_rd", 4 0;
v0x555582882110_0 .var "latched_stalu", 0 0;
v0x5555828821d0_0 .var "latched_store", 0 0;
v0x555582882290_0 .var "latched_trace", 0 0;
v0x555582882350_0 .net "launch_next_insn", 0 0, L_0x5555828acdf0;  1 drivers
v0x555582882410_0 .var "mem_addr", 31 0;
v0x5555828824d0_0 .net "mem_busy", 0 0, L_0x5555828a9a00;  1 drivers
v0x555582882570_0 .var "mem_do_prefetch", 0 0;
v0x555582882630_0 .var "mem_do_rdata", 0 0;
v0x5555828826f0_0 .var "mem_do_rinst", 0 0;
v0x5555828827b0_0 .var "mem_do_wdata", 0 0;
v0x555582882870_0 .net "mem_done", 0 0, L_0x5555828aa280;  1 drivers
v0x555582882930_0 .net "mem_done_raw", 0 0, L_0x5555828aa920;  1 drivers
v0x5555828829f0_0 .var "mem_instr", 0 0;
v0x555582882ac0_0 .net "mem_la_addr", 31 0, L_0x5555828abf70;  1 drivers
L_0x7f5fca4d07b0 .functor BUFT 1, C4<0>, C4<0>, C4<0>, C4<0>;
v0x555582882b80_0 .net "mem_la_firstword", 0 0, L_0x7f5fca4d07b0;  1 drivers
v0x555582882c40_0 .var "mem_la_firstword_reg", 0 0;
L_0x7f5fca4d07f8 .functor BUFT 1, C4<0>, C4<0>, C4<0>, C4<0>;
v0x555582882d00_0 .net "mem_la_firstword_xfer", 0 0, L_0x7f5fca4d07f8;  1 drivers
v0x555582882dc0_0 .net "mem_la_read", 0 0, L_0x5555828ab650;  1 drivers
v0x555582882e80_0 .var "mem_la_secondword", 0 0;
v0x555582882f40_0 .net "mem_la_use_prefetched_high_word", 0 0, L_0x7f5fca4d0840;  1 drivers
v0x555582883000_0 .var "mem_la_wdata", 31 0;
v0x5555828830e0_0 .net "mem_la_write", 0 0, L_0x5555828aad40;  1 drivers
v0x5555828831a0_0 .var "mem_la_wstrb", 3 0;
v0x555582883280_0 .net "mem_rdata", 31 0, L_0x5555828a8f50;  alias, 1 drivers
v0x555582883370_0 .net "mem_rdata_latched", 31 0, L_0x5555828aba30;  1 drivers
v0x555582883430_0 .net "mem_rdata_latched_noshuffle", 31 0, L_0x5555828ac2a0;  1 drivers
v0x555582883510_0 .var "mem_rdata_q", 31 0;
v0x5555828835f0_0 .var "mem_rdata_word", 31 0;
v0x5555828836d0_0 .net "mem_ready", 0 0, L_0x5555828a8ba0;  alias, 1 drivers
v0x5555828837a0_0 .var "mem_state", 1 0;
v0x555582883860_0 .var "mem_valid", 0 0;
v0x555582883930_0 .var "mem_wdata", 31 0;
v0x555582883a00_0 .var "mem_wordsize", 1 0;
v0x555582883ac0_0 .var "mem_wstrb", 3 0;
v0x555582883bb0_0 .net "mem_xfer", 0 0, L_0x5555828a9880;  1 drivers
v0x555582883c50_0 .var "new_ascii_instr", 63 0;
v0x555582883d30_0 .var "next_insn_opcode", 31 0;
v0x555582883e10_0 .var "next_irq_pending", 31 0;
v0x555582883ef0_0 .net "next_pc", 31 0, L_0x5555828ac340;  1 drivers
L_0x7f5fca4d06d8 .functor BUFT 1, C4<xxxxxxxxxxxxxxxxxxxxxxxxxxxxxxxx>, C4<0>, C4<0>, C4<0>;
v0x555582883fd0_0 .net "pcpi_div_rd", 31 0, L_0x7f5fca4d06d8;  1 drivers
L_0x7f5fca4d0768 .functor BUFT 1, C4<0>, C4<0>, C4<0>, C4<0>;
v0x5555828840b0_0 .net "pcpi_div_ready", 0 0, L_0x7f5fca4d0768;  1 drivers
L_0x7f5fca4d0720 .functor BUFT 1, C4<0>, C4<0>, C4<0>, C4<0>;
v0x555582884170_0 .net "pcpi_div_wait", 0 0, L_0x7f5fca4d0720;  1 drivers
L_0x7f5fca4d0690 .functor BUFT 1, C4<0>, C4<0>, C4<0>, C4<0>;
v0x555582884230_0 .net "pcpi_div_wr", 0 0, L_0x7f5fca4d0690;  1 drivers
v0x5555828842f0_0 .var "pcpi_insn", 31 0;
v0x5555828843d0_0 .var "pcpi_int_rd", 31 0;
v0x5555828844b0_0 .var "pcpi_int_ready", 0 0;
v0x555582884570_0 .var "pcpi_int_wait", 0 0;
v0x555582884630_0 .var "pcpi_int_wr", 0 0;
L_0x7f5fca4d05b8 .functor BUFT 1, C4<xxxxxxxxxxxxxxxxxxxxxxxxxxxxxxxx>, C4<0>, C4<0>, C4<0>;
v0x5555828846f0_0 .net "pcpi_mul_rd", 31 0, L_0x7f5fca4d05b8;  1 drivers
L_0x7f5fca4d0648 .functor BUFT 1, C4<0>, C4<0>, C4<0>, C4<0>;
v0x5555828847d0_0 .net "pcpi_mul_ready", 0 0, L_0x7f5fca4d0648;  1 drivers
L_0x7f5fca4d0600 .functor BUFT 1, C4<0>, C4<0>, C4<0>, C4<0>;
v0x555582884890_0 .net "pcpi_mul_wait", 0 0, L_0x7f5fca4d0600;  1 drivers
L_0x7f5fca4d0570 .functor BUFT 1, C4<0>, C4<0>, C4<0>, C4<0>;
v0x555582884950_0 .net "pcpi_mul_wr", 0 0, L_0x7f5fca4d0570;  1 drivers
v0x555582884a10_0 .net "pcpi_rd", 31 0, v0x555582888910_0;  1 drivers
v0x555582884af0_0 .net "pcpi_ready", 0 0, v0x5555828889b0_0;  1 drivers
v0x555582884bb0_0 .net "pcpi_rs1", 31 0, L_0x5555828a9660;  alias, 1 drivers
v0x555582884c90_0 .net "pcpi_rs2", 31 0, L_0x5555828a96d0;  alias, 1 drivers
v0x555582884d70_0 .var "pcpi_timeout", 0 0;
v0x555582884e30_0 .var "pcpi_valid", 0 0;
v0x555582884ef0_0 .net "pcpi_wait", 0 0, v0x555582888c30_0;  1 drivers
v0x555582884fb0_0 .net "pcpi_wr", 0 0, v0x555582888cd0_0;  1 drivers
v0x555582885070_0 .var "prefetched_high_word", 0 0;
v0x555582885130_0 .var "q_ascii_instr", 63 0;
v0x555582885210_0 .var "q_insn_imm", 31 0;
v0x5555828852f0_0 .var "q_insn_opcode", 31 0;
v0x5555828853d0_0 .var "q_insn_rd", 4 0;
v0x5555828854b0_0 .var "q_insn_rs1", 4 0;
v0x555582885590_0 .var "q_insn_rs2", 4 0;
v0x555582885670_0 .var "reg_next_pc", 31 0;
v0x55558287eb80_0 .var "reg_op1", 31 0;
v0x55558287ec60_0 .var "reg_op2", 31 0;
v0x55558287ed40_0 .var "reg_out", 31 0;
v0x55558287ee20_0 .var "reg_pc", 31 0;
v0x55558287ef00_0 .var "reg_sh", 4 0;
v0x55558287efe0_0 .net "resetn", 0 0, o0x7f5fca953b88;  alias, 0 drivers
v0x55558287f080_0 .var "set_mem_do_rdata", 0 0;
v0x55558287f140_0 .var "set_mem_do_rinst", 0 0;
v0x55558287f200_0 .var "set_mem_do_wdata", 0 0;
v0x555582886720_0 .var "timer", 31 0;
v0x5555828867c0_0 .var "trace_data", 35 0;
v0x555582886860_0 .var "trace_valid", 0 0;
v0x555582886920_0 .var "trap", 0 0;
v0x55558287b980_0 .array/port v0x55558287b980, 0;
v0x55558287b980_1 .array/port v0x55558287b980, 1;
v0x55558287b980_2 .array/port v0x55558287b980, 2;
E_0x555582876e50/0 .event anyedge, v0x55558287d780_0, v0x55558287b980_0, v0x55558287b980_1, v0x55558287b980_2;
v0x55558287b980_3 .array/port v0x55558287b980, 3;
v0x55558287b980_4 .array/port v0x55558287b980, 4;
v0x55558287b980_5 .array/port v0x55558287b980, 5;
v0x55558287b980_6 .array/port v0x55558287b980, 6;
E_0x555582876e50/1 .event anyedge, v0x55558287b980_3, v0x55558287b980_4, v0x55558287b980_5, v0x55558287b980_6;
v0x55558287b980_7 .array/port v0x55558287b980, 7;
v0x55558287b980_8 .array/port v0x55558287b980, 8;
v0x55558287b980_9 .array/port v0x55558287b980, 9;
v0x55558287b980_10 .array/port v0x55558287b980, 10;
E_0x555582876e50/2 .event anyedge, v0x55558287b980_7, v0x55558287b980_8, v0x55558287b980_9, v0x55558287b980_10;
v0x55558287b980_11 .array/port v0x55558287b980, 11;
v0x55558287b980_12 .array/port v0x55558287b980, 12;
v0x55558287b980_13 .array/port v0x55558287b980, 13;
v0x55558287b980_14 .array/port v0x55558287b980, 14;
E_0x555582876e50/3 .event anyedge, v0x55558287b980_11, v0x55558287b980_12, v0x55558287b980_13, v0x55558287b980_14;
v0x55558287b980_15 .array/port v0x55558287b980, 15;
v0x55558287b980_16 .array/port v0x55558287b980, 16;
v0x55558287b980_17 .array/port v0x55558287b980, 17;
v0x55558287b980_18 .array/port v0x55558287b980, 18;
E_0x555582876e50/4 .event anyedge, v0x55558287b980_15, v0x55558287b980_16, v0x55558287b980_17, v0x55558287b980_18;
v0x55558287b980_19 .array/port v0x55558287b980, 19;
v0x55558287b980_20 .array/port v0x55558287b980, 20;
v0x55558287b980_21 .array/port v0x55558287b980, 21;
v0x55558287b980_22 .array/port v0x55558287b980, 22;
E_0x555582876e50/5 .event anyedge, v0x55558287b980_19, v0x55558287b980_20, v0x55558287b980_21, v0x55558287b980_22;
v0x55558287b980_23 .array/port v0x55558287b980, 23;
v0x55558287b980_24 .array/port v0x55558287b980, 24;
v0x55558287b980_25 .array/port v0x55558287b980, 25;
v0x55558287b980_26 .array/port v0x55558287b980, 26;
E_0x555582876e50/6 .event anyedge, v0x55558287b980_23, v0x55558287b980_24, v0x55558287b980_25, v0x55558287b980_26;
v0x55558287b980_27 .array/port v0x55558287b980, 27;
v0x55558287b980_28 .array/port v0x55558287b980, 28;
v0x55558287b980_29 .array/port v0x55558287b980, 29;
v0x55558287b980_30 .array/port v0x55558287b980, 30;
E_0x555582876e50/7 .event anyedge, v0x55558287b980_27, v0x55558287b980_28, v0x55558287b980_29, v0x55558287b980_30;
v0x55558287b980_31 .array/port v0x55558287b980, 31;
E_0x555582876e50/8 .event anyedge, v0x55558287b980_31, v0x55558287d860_0;
E_0x555582876e50 .event/or E_0x555582876e50/0, E_0x555582876e50/1, E_0x555582876e50/2, E_0x555582876e50/3, E_0x555582876e50/4, E_0x555582876e50/5, E_0x555582876e50/6, E_0x555582876e50/7, E_0x555582876e50/8;
E_0x555582876fd0/0 .event anyedge, v0x55558287b8a0_0, v0x55558287ee20_0, v0x555582881d30_0, v0x555582881c70_0;
E_0x555582876fd0/1 .event anyedge, v0x555582882110_0, v0x55558287aaa0_0, v0x55558287ed40_0, v0x5555828821d0_0;
E_0x555582876fd0/2 .event anyedge, v0x555582885670_0, v0x555582880eb0_0, v0x555582880dd0_0;
E_0x555582876fd0 .event/or E_0x555582876fd0/0, E_0x555582876fd0/1, E_0x555582876fd0/2;
E_0x555582877070/0 .event anyedge, v0x55558287b4c0_0, v0x555582885070_0, v0x555582881c70_0, v0x555582880f90_0;
E_0x555582877070/1 .event anyedge, v0x5555827aa240_0;
E_0x555582877070 .event/or E_0x555582877070/0, E_0x555582877070/1;
E_0x5555828770e0/0 .event anyedge, v0x55558287a600_0, v0x55558287e1a0_0, v0x55558287e560_0, v0x55558287a6c0_0;
E_0x5555828770e0/1 .event anyedge, v0x55558287e260_0, v0x55558287a780_0, v0x55558287e320_0, v0x555582881a30_0;
E_0x5555828770e0/2 .event anyedge, v0x555582881af0_0, v0x55558287a520_0, v0x555582881670_0, v0x5555828812b0_0;
E_0x5555828770e0/3 .event anyedge, v0x55558287eb80_0, v0x55558287ec60_0, v0x555582880ab0_0, v0x5555828809f0_0;
E_0x5555828770e0/4 .event anyedge, v0x55558287f7f0_0, v0x55558287f730_0, v0x55558287e020_0, v0x55558287df60_0;
E_0x5555828770e0/5 .event anyedge, v0x55558287ab80_0, v0x55558287ac60_0;
E_0x5555828770e0 .event/or E_0x5555828770e0/0, E_0x5555828770e0/1, E_0x5555828770e0/2, E_0x5555828770e0/3, E_0x5555828770e0/4, E_0x5555828770e0/5;
E_0x555582877210 .event anyedge, v0x55558287b8a0_0;
E_0x555582877270/0 .event anyedge, v0x555582885130_0, v0x555582885210_0, v0x5555828852f0_0, v0x5555828854b0_0;
E_0x555582877270/1 .event anyedge, v0x555582885590_0, v0x5555828853d0_0, v0x55558287cf40_0, v0x55558287da00_0;
E_0x555582877270/2 .event anyedge, v0x55558287aec0_0, v0x55558287afa0_0, v0x55558287b080_0, v0x55558287b240_0;
E_0x555582877270/3 .event anyedge, v0x55558287b320_0, v0x55558287b160_0, v0x555582883c50_0, v0x555582883d30_0;
E_0x555582877270/4 .event anyedge, v0x55558287d400_0, v0x55558287d780_0, v0x55558287d860_0, v0x55558287d5c0_0;
E_0x555582877270 .event/or E_0x555582877270/0, E_0x555582877270/1, E_0x555582877270/2, E_0x555582877270/3, E_0x555582877270/4;
E_0x5555828773a0/0 .event anyedge, v0x55558287f4f0_0, v0x55558287e0e0_0, v0x55558287e860_0, v0x55558287e920_0;
E_0x5555828773a0/1 .event anyedge, v0x55558287e1a0_0, v0x55558287e560_0, v0x55558287e3e0_0, v0x55558287e260_0;
E_0x5555828773a0/2 .event anyedge, v0x55558287e4a0_0, v0x55558287e320_0, v0x55558287e9e0_0, v0x55558287f370_0;
E_0x5555828773a0/3 .event anyedge, v0x55558287f5b0_0, v0x55558287eaa0_0, v0x55558287f430_0, v0x55558287fc70_0;
E_0x5555828773a0/4 .event anyedge, v0x55558287fdf0_0, v0x5555828806f0_0, v0x55558287dea0_0, v0x5555828800f0_0;
E_0x5555828773a0/5 .event anyedge, v0x5555828801b0_0, v0x555582880ab0_0, v0x55558287f7f0_0, v0x55558287e020_0;
E_0x5555828773a0/6 .event anyedge, v0x55558287ff70_0, v0x555582880570_0, v0x5555828803f0_0, v0x55558287dde0_0;
E_0x5555828773a0/7 .event anyedge, v0x555582880630_0, v0x55558287feb0_0, v0x555582880030_0, v0x555582880270_0;
E_0x5555828773a0/8 .event anyedge, v0x5555828809f0_0, v0x5555828804b0_0, v0x555582880330_0, v0x55558287f730_0;
E_0x5555828773a0/9 .event anyedge, v0x55558287df60_0, v0x55558287f8b0_0, v0x55558287f970_0, v0x55558287fa30_0;
E_0x5555828773a0/10 .event anyedge, v0x55558287faf0_0, v0x55558287e6e0_0, v0x55558287e7a0_0, v0x55558287fd30_0;
E_0x5555828773a0/11 .event anyedge, v0x55558287fbb0_0, v0x55558287f670_0, v0x555582880930_0, v0x5555828807b0_0;
E_0x5555828773a0 .event/or E_0x5555828773a0/0, E_0x5555828773a0/1, E_0x5555828773a0/2, E_0x5555828773a0/3, E_0x5555828773a0/4, E_0x5555828773a0/5, E_0x5555828773a0/6, E_0x5555828773a0/7, E_0x5555828773a0/8, E_0x5555828773a0/9, E_0x5555828773a0/10, E_0x5555828773a0/11;
E_0x555582877570 .event anyedge, v0x555582883a00_0, v0x55558287ec60_0, v0x555582874170_0, v0x55558287eb80_0;
E_0x5555828772b0 .event anyedge, v0x555582884950_0, v0x5555828846f0_0, v0x555582884230_0, v0x555582883fd0_0;
L_0x5555828a9960 .concat [ 1 1 1 1], v0x5555828827b0_0, v0x555582882630_0, v0x5555828826f0_0, v0x555582882570_0;
L_0x5555828a9a00 .reduce/or L_0x5555828a9960;
L_0x5555828a9aa0 .reduce/or v0x5555828837a0_0;
L_0x5555828a9f80 .reduce/and v0x5555828837a0_0;
L_0x5555828aa3e0 .reduce/nor L_0x7f5fca4d07b0;
L_0x5555828aa4d0 .part L_0x5555828aba30, 0, 2;
L_0x5555828aa5b0 .reduce/nand L_0x5555828aa4d0;
L_0x5555828aa280 .cmp/eeq 1, L_0x5555828aa920, L_0x7f5fca4d0888;
L_0x5555828aabe0 .reduce/nor v0x5555828837a0_0;
L_0x5555828aaed0 .reduce/nor L_0x7f5fca4d0840;
L_0x5555828aafd0 .reduce/nor v0x5555828837a0_0;
L_0x5555828ab880 .part L_0x5555828ac340, 2, 30;
L_0x5555828ab990 .arith/sum 30, L_0x5555828ab880, L_0x7f5fca4d1968;
L_0x5555828abaf0 .concat [ 2 30 0 0], L_0x7f5fca4d0918, L_0x5555828ab990;
L_0x5555828abcb0 .part v0x55558287eb80_0, 2, 30;
L_0x5555828abda0 .concat [ 2 30 0 0], L_0x7f5fca4d0960, L_0x5555828abcb0;
L_0x5555828abf70 .functor MUXZ 32, L_0x5555828abda0, L_0x5555828abaf0, L_0x5555828ab810, C4<>;
L_0x5555828ac2a0 .functor MUXZ 32, v0x555582883510_0, L_0x5555828a8f50, L_0x5555828ab920, C4<>;
L_0x5555828ac4d0 .concat [ 1 1 1 1], v0x55558287faf0_0, v0x55558287fa30_0, v0x55558287f970_0, v0x55558287f8b0_0;
L_0x5555828ac570 .reduce/or L_0x5555828ac4d0;
L_0x5555828ac340 .functor MUXZ 32, v0x555582885670_0, L_0x5555828ac8a0, L_0x5555828ac710, C4<>;
L_0x5555828aca50 .cmp/eq 8, v0x55558287b8a0_0, L_0x7f5fca4d0a80;
S_0x555582877660 .scope task, "empty_statement" "empty_statement" 10 229, 10 229 0, S_0x5555828748f0;
 .timescale -9 -12;
TD_soc_core.u_cpu.picorv32_core.empty_statement ;
    %end;
S_0x5555828777f0 .scope generate, "genblk1" "genblk1" 10 334, 10 334 0, S_0x5555828748f0;
 .timescale -9 -12;
S_0x5555828779a0 .scope generate, "genblk2" "genblk2" 10 354, 10 354 0, S_0x5555828748f0;
 .timescale -9 -12;
S_0x555582877b80 .scope generate, "genblk3" "genblk3" 10 1291, 10 1291 0, S_0x5555828748f0;
 .timescale -9 -12;
E_0x555582877d60/0 .event anyedge, v0x555582880630_0, v0x55558287eb80_0, v0x55558287ec60_0, v0x555582880330_0;
E_0x555582877d60/1 .event anyedge, v0x5555828803f0_0;
E_0x555582877d60 .event/or E_0x555582877d60/0, E_0x555582877d60/1;
S_0x555582889230 .scope module, "u_flash" "axi_ram" 3 307, 7 7 0, S_0x5555827b04f0;
 .timescale -9 -12;
    .port_info 0 /INPUT 1 "clk";
    .port_info 1 /INPUT 1 "resetn";
    .port_info 2 /INPUT 24 "axi_awaddr";
    .port_info 3 /INPUT 3 "axi_awprot";
    .port_info 4 /INPUT 1 "axi_awvalid";
    .port_info 5 /OUTPUT 1 "axi_awready";
    .port_info 6 /INPUT 32 "axi_wdata";
    .port_info 7 /INPUT 1 "axi_wvalid";
    .port_info 8 /OUTPUT 1 "axi_wready";
    .port_info 9 /INPUT 4 "axi_wstrb";
    .port_info 10 /OUTPUT 1 "axi_bvalid";
    .port_info 11 /INPUT 1 "axi_bready";
    .port_info 12 /OUTPUT 2 "axi_bresp";
    .port_info 13 /INPUT 24 "axi_araddr";
    .port_info 14 /INPUT 3 "axi_arprot";
    .port_info 15 /INPUT 1 "axi_arvalid";
    .port_info 16 /OUTPUT 1 "axi_arready";
    .port_info 17 /OUTPUT 32 "axi_rdata";
    .port_info 18 /OUTPUT 1 "axi_rvalid";
    .port_info 19 /INPUT 1 "axi_rready";
    .port_info 20 /OUTPUT 2 "axi_rresp";
P_0x555582887cf0 .param/l "ADDR_WIDTH" 0 7 8, +C4<00000000000000000000000000011000>;
P_0x555582887d30 .param/l "DATA_WIDTH" 0 7 9, +C4<00000000000000000000000000100000>;
P_0x555582887d70 .param/l "MEM_DEPTH" 1 7 58, +C4<00000000010000000000000000000000>;
P_0x555582887db0 .param/str "MEM_INIT_FILE" 0 7 10, "\000";
L_0x5555828b3870 .functor AND 1, L_0x5555828b3730, L_0x5555828b37d0, C4<1>, C4<1>;
L_0x5555828b3b10 .functor AND 1, L_0x5555828b3980, L_0x5555828b3a20, C4<1>, C4<1>;
L_0x5555828b3c20 .functor BUFZ 1, v0x55558288ae50_0, C4<0>, C4<0>, C4<0>;
L_0x5555828b3d30 .functor BUFZ 1, v0x55558288b170_0, C4<0>, C4<0>, C4<0>;
L_0x5555828b3df0 .functor BUFZ 32, v0x55558288b030_0, C4<00000000000000000000000000000000>, C4<00000000000000000000000000000000>, C4<00000000000000000000000000000000>;
v0x555582889b20_0 .net *"_ivl_11", 0 0, L_0x5555828b3980;  1 drivers
v0x555582889c00_0 .net *"_ivl_13", 0 0, L_0x5555828b3a20;  1 drivers
v0x555582889cc0_0 .net *"_ivl_5", 0 0, L_0x5555828b3730;  1 drivers
v0x555582889d60_0 .net *"_ivl_7", 0 0, L_0x5555828b37d0;  1 drivers
v0x555582889e20_0 .var "aw_addr_reg", 21 0;
v0x555582889f50_0 .var "aw_done", 0 0;
v0x55558288a010_0 .net "axi_araddr", 23 0, L_0x5555828b3f50;  1 drivers
v0x55558288a0f0_0 .net "axi_arprot", 2 0, v0x55558286b5e0_0;  alias, 1 drivers
v0x55558288a1b0_0 .net "axi_arready", 0 0, L_0x5555828b3c90;  alias, 1 drivers
v0x55558288a250_0 .net "axi_arvalid", 0 0, v0x55558286b780_0;  alias, 1 drivers
v0x55558288a2f0_0 .net "axi_awaddr", 23 0, L_0x5555828b3e60;  1 drivers
v0x55558288a390_0 .net "axi_awprot", 2 0, v0x55558286b920_0;  alias, 1 drivers
v0x55558288a430_0 .net "axi_awready", 0 0, L_0x5555828b3870;  alias, 1 drivers
v0x55558288a4d0_0 .net "axi_awvalid", 0 0, v0x55558286bac0_0;  alias, 1 drivers
v0x55558288a570_0 .net "axi_bready", 0 0, v0x55558286bb80_0;  alias, 1 drivers
v0x55558288a610_0 .net "axi_bresp", 1 0, L_0x7f5fca4d1800;  alias, 1 drivers
v0x55558288a6b0_0 .net "axi_bvalid", 0 0, L_0x5555828b3c20;  alias, 1 drivers
v0x55558288a860_0 .net "axi_rdata", 31 0, L_0x5555828b3df0;  alias, 1 drivers
v0x55558288a900_0 .net "axi_rready", 0 0, v0x55558286bec0_0;  alias, 1 drivers
v0x55558288a9a0_0 .net "axi_rresp", 1 0, L_0x7f5fca4d1848;  alias, 1 drivers
v0x55558288aa40_0 .net "axi_rvalid", 0 0, L_0x5555828b3d30;  alias, 1 drivers
v0x55558288ab10_0 .net "axi_wdata", 31 0, v0x55558286c120_0;  alias, 1 drivers
v0x55558288abe0_0 .net "axi_wready", 0 0, L_0x5555828b3b10;  alias, 1 drivers
v0x55558288acb0_0 .net "axi_wstrb", 3 0, v0x55558286c2c0_0;  alias, 1 drivers
v0x55558288ad80_0 .net "axi_wvalid", 0 0, v0x55558286c3a0_0;  alias, 1 drivers
v0x55558288ae50_0 .var "bvalid_reg", 0 0;
v0x55558288aef0_0 .net "clk", 0 0, o0x7f5fca953018;  alias, 0 drivers
v0x55558288af90 .array "memory", 4194303 0, 31 0;
v0x55558288b030_0 .var "rdata_reg", 31 0;
v0x55558288b0d0_0 .net "resetn", 0 0, o0x7f5fca953b88;  alias, 0 drivers
v0x55558288b170_0 .var "rvalid_reg", 0 0;
v0x55558288b210_0 .var "w_data_reg", 31 0;
v0x55558288b2b0_0 .var "w_done", 0 0;
v0x55558288b560_0 .var "w_strb_reg", 3 0;
L_0x5555828b3730 .reduce/nor v0x555582889f50_0;
L_0x5555828b37d0 .reduce/nor v0x55558288ae50_0;
L_0x5555828b3980 .reduce/nor v0x55558288b2b0_0;
L_0x5555828b3a20 .reduce/nor v0x55558288ae50_0;
L_0x5555828b3c90 .reduce/nor v0x55558288b170_0;
S_0x555582889820 .scope begin, "$ivl_for_loop0" "$ivl_for_loop0" 7 63, 7 63 0, S_0x555582889230;
 .timescale -9 -12;
v0x555582889a20_0 .var/2s "i", 31 0;
S_0x55558288b970 .scope module, "u_sram" "axi_ram" 3 280, 7 7 0, S_0x5555827b04f0;
 .timescale -9 -12;
    .port_info 0 /INPUT 1 "clk";
    .port_info 1 /INPUT 1 "resetn";
    .port_info 2 /INPUT 17 "axi_awaddr";
    .port_info 3 /INPUT 3 "axi_awprot";
    .port_info 4 /INPUT 1 "axi_awvalid";
    .port_info 5 /OUTPUT 1 "axi_awready";
    .port_info 6 /INPUT 32 "axi_wdata";
    .port_info 7 /INPUT 1 "axi_wvalid";
    .port_info 8 /OUTPUT 1 "axi_wready";
    .port_info 9 /INPUT 4 "axi_wstrb";
    .port_info 10 /OUTPUT 1 "axi_bvalid";
    .port_info 11 /INPUT 1 "axi_bready";
    .port_info 12 /OUTPUT 2 "axi_bresp";
    .port_info 13 /INPUT 17 "axi_araddr";
    .port_info 14 /INPUT 3 "axi_arprot";
    .port_info 15 /INPUT 1 "axi_arvalid";
    .port_info 16 /OUTPUT 1 "axi_arready";
    .port_info 17 /OUTPUT 32 "axi_rdata";
    .port_info 18 /OUTPUT 1 "axi_rvalid";
    .port_info 19 /INPUT 1 "axi_rready";
    .port_info 20 /OUTPUT 2 "axi_rresp";
P_0x55558288a750 .param/l "ADDR_WIDTH" 0 7 8, +C4<00000000000000000000000000010001>;
P_0x55558288a790 .param/l "DATA_WIDTH" 0 7 9, +C4<00000000000000000000000000100000>;
P_0x55558288a7d0 .param/l "MEM_DEPTH" 1 7 58, +C4<00000000000000001000000000000000>;
P_0x55558288a810 .param/str "MEM_INIT_FILE" 0 7 10, "\000";
L_0x5555828b2f60 .functor AND 1, L_0x5555828b2e20, L_0x5555828b2ec0, C4<1>, C4<1>;
L_0x5555828b3200 .functor AND 1, L_0x5555828b3070, L_0x5555828b3110, C4<1>, C4<1>;
L_0x5555828b3310 .functor BUFZ 1, v0x55558288d810_0, C4<0>, C4<0>, C4<0>;
L_0x5555828b3420 .functor BUFZ 1, v0x55558288dd50_0, C4<0>, C4<0>, C4<0>;
L_0x5555828b34e0 .functor BUFZ 32, v0x55558288db00_0, C4<00000000000000000000000000000000>, C4<00000000000000000000000000000000>, C4<00000000000000000000000000000000>;
v0x55558288c2a0_0 .net *"_ivl_11", 0 0, L_0x5555828b3070;  1 drivers
v0x55558288c380_0 .net *"_ivl_13", 0 0, L_0x5555828b3110;  1 drivers
v0x55558288c440_0 .net *"_ivl_5", 0 0, L_0x5555828b2e20;  1 drivers
v0x55558288c510_0 .net *"_ivl_7", 0 0, L_0x5555828b2ec0;  1 drivers
v0x55558288c5d0_0 .var "aw_addr_reg", 14 0;
v0x55558288c700_0 .var "aw_done", 0 0;
v0x55558288c7c0_0 .net "axi_araddr", 16 0, L_0x5555828b3640;  1 drivers
v0x55558288c8a0_0 .net "axi_arprot", 2 0, v0x55558286a680_0;  alias, 1 drivers
v0x55558288c960_0 .net "axi_arready", 0 0, L_0x5555828b3380;  alias, 1 drivers
v0x55558288ca30_0 .net "axi_arvalid", 0 0, v0x55558286a820_0;  alias, 1 drivers
v0x55558288cb00_0 .net "axi_awaddr", 16 0, L_0x5555828b3550;  1 drivers
v0x55558288cba0_0 .net "axi_awprot", 2 0, v0x55558286a9c0_0;  alias, 1 drivers
v0x55558288cc70_0 .net "axi_awready", 0 0, L_0x5555828b2f60;  alias, 1 drivers
v0x55558288cd40_0 .net "axi_awvalid", 0 0, v0x55558286ab60_0;  alias, 1 drivers
v0x55558288ce10_0 .net "axi_bready", 0 0, v0x55558286ac20_0;  alias, 1 drivers
v0x55558288cee0_0 .net "axi_bresp", 1 0, L_0x7f5fca4d1770;  alias, 1 drivers
v0x55558288cfb0_0 .net "axi_bvalid", 0 0, L_0x5555828b3310;  alias, 1 drivers
v0x55558288d190_0 .net "axi_rdata", 31 0, L_0x5555828b34e0;  alias, 1 drivers
v0x55558288d260_0 .net "axi_rready", 0 0, v0x55558286af60_0;  alias, 1 drivers
v0x55558288d330_0 .net "axi_rresp", 1 0, L_0x7f5fca4d17b8;  alias, 1 drivers
v0x55558288d400_0 .net "axi_rvalid", 0 0, L_0x5555828b3420;  alias, 1 drivers
v0x55558288d4d0_0 .net "axi_wdata", 31 0, v0x55558286b1c0_0;  alias, 1 drivers
v0x55558288d5a0_0 .net "axi_wready", 0 0, L_0x5555828b3200;  alias, 1 drivers
v0x55558288d670_0 .net "axi_wstrb", 3 0, v0x55558286b360_0;  alias, 1 drivers
v0x55558288d740_0 .net "axi_wvalid", 0 0, v0x55558286b440_0;  alias, 1 drivers
v0x55558288d810_0 .var "bvalid_reg", 0 0;
v0x55558288d8b0_0 .net "clk", 0 0, o0x7f5fca953018;  alias, 0 drivers
v0x55558288da60 .array "memory", 32767 0, 31 0;
v0x55558288db00_0 .var "rdata_reg", 31 0;
v0x55558288dba0_0 .net "resetn", 0 0, o0x7f5fca953b88;  alias, 0 drivers
v0x55558288dd50_0 .var "rvalid_reg", 0 0;
v0x55558288ddf0_0 .var "w_data_reg", 31 0;
v0x55558288de90_0 .var "w_done", 0 0;
v0x55558288e140_0 .var "w_strb_reg", 3 0;
L_0x5555828b2e20 .reduce/nor v0x55558288c700_0;
L_0x5555828b2ec0 .reduce/nor v0x55558288d810_0;
L_0x5555828b3070 .reduce/nor v0x55558288de90_0;
L_0x5555828b3110 .reduce/nor v0x55558288d810_0;
L_0x5555828b3380 .reduce/nor v0x55558288dd50_0;
S_0x55558288bfa0 .scope begin, "$ivl_for_loop0" "$ivl_for_loop0" 7 63, 7 63 0, S_0x55558288b970;
 .timescale -9 -12;
v0x55558288c1a0_0 .var/2s "i", 31 0;
    .scope S_0x555582871c20;
T_1 ;
    %wait E_0x55558253cc00;
    %load/vec4 v0x555582874490_0;
    %nor/r;
    %flag_set/vec4 8;
    %jmp/0xz  T_1.0, 8;
    %pushi/vec4 0, 0, 1;
    %assign/vec4 v0x555582872e10_0, 0;
    %pushi/vec4 0, 0, 1;
    %assign/vec4 v0x555582872d50_0, 0;
    %pushi/vec4 0, 0, 1;
    %assign/vec4 v0x555582872ed0_0, 0;
    %pushi/vec4 0, 0, 1;
    %assign/vec4 v0x555582874530_0, 0;
    %jmp T_1.1;
T_1.0 ;
    %load/vec4 v0x5555828742b0_0;
    %flag_set/vec4 8;
    %flag_get/vec4 8;
    %jmp/0 T_1.2, 8;
    %load/vec4 v0x555582874210_0;
    %and;
T_1.2;
    %assign/vec4 v0x555582874530_0, 0;
    %load/vec4 v0x5555828735d0_0;
    %flag_set/vec4 9;
    %flag_get/vec4 9;
    %jmp/0 T_1.5, 9;
    %load/vec4 v0x5555828736a0_0;
    %and;
T_1.5;
    %flag_set/vec4 8;
    %jmp/0xz  T_1.3, 8;
    %pushi/vec4 1, 0, 1;
    %assign/vec4 v0x555582872e10_0, 0;
T_1.3 ;
    %load/vec4 v0x555582873290_0;
    %flag_set/vec4 9;
    %flag_get/vec4 9;
    %jmp/0 T_1.8, 9;
    %load/vec4 v0x555582873360_0;
    %and;
T_1.8;
    %flag_set/vec4 8;
    %jmp/0xz  T_1.6, 8;
    %pushi/vec4 1, 0, 1;
    %assign/vec4 v0x555582872d50_0, 0;
T_1.6 ;
    %load/vec4 v0x555582873e60_0;
    %flag_set/vec4 9;
    %flag_get/vec4 9;
    %jmp/0 T_1.11, 9;
    %load/vec4 v0x555582874000_0;
    %and;
T_1.11;
    %flag_set/vec4 8;
    %jmp/0xz  T_1.9, 8;
    %pushi/vec4 1, 0, 1;
    %assign/vec4 v0x555582872ed0_0, 0;
T_1.9 ;
    %load/vec4 v0x555582874530_0;
    %flag_set/vec4 8;
    %jmp/1 T_1.14, 8;
    %load/vec4 v0x5555828742b0_0;
    %nor/r;
    %flag_set/vec4 9;
    %flag_or 8, 9;
T_1.14;
    %jmp/0xz  T_1.12, 8;
    %pushi/vec4 0, 0, 1;
    %assign/vec4 v0x555582872e10_0, 0;
    %pushi/vec4 0, 0, 1;
    %assign/vec4 v0x555582872d50_0, 0;
    %pushi/vec4 0, 0, 1;
    %assign/vec4 v0x555582872ed0_0, 0;
T_1.12 ;
T_1.1 ;
    %jmp T_1;
    .thread T_1;
    .scope S_0x555582877b80;
T_2 ;
Ewait_0 .event/or E_0x555582877d60, E_0x0;
    %wait Ewait_0;
    %load/vec4 v0x555582880630_0;
    %flag_set/vec4 8;
    %jmp/0 T_2.0, 8;
    %load/vec4 v0x55558287eb80_0;
    %load/vec4 v0x55558287ec60_0;
    %sub;
    %jmp/1 T_2.1, 8;
T_2.0 ; End of true expr.
    %load/vec4 v0x55558287eb80_0;
    %load/vec4 v0x55558287ec60_0;
    %add;
    %jmp/0 T_2.1, 8;
 ; End of false expr.
    %blend;
T_2.1;
    %store/vec4 v0x55558287a520_0, 0, 32;
    %load/vec4 v0x55558287eb80_0;
    %load/vec4 v0x55558287ec60_0;
    %cmp/e;
    %flag_get/vec4 4;
    %store/vec4 v0x55558287a600_0, 0, 1;
    %load/vec4 v0x55558287eb80_0;
    %load/vec4 v0x55558287ec60_0;
    %cmp/s;
    %flag_get/vec4 5;
    %store/vec4 v0x55558287a6c0_0, 0, 1;
    %load/vec4 v0x55558287eb80_0;
    %load/vec4 v0x55558287ec60_0;
    %cmp/u;
    %flag_get/vec4 5;
    %store/vec4 v0x55558287a780_0, 0, 1;
    %load/vec4 v0x55558287eb80_0;
    %load/vec4 v0x55558287ec60_0;
    %parti/s 5, 0, 2;
    %ix/vec4 4;
    %shiftl 4;
    %store/vec4 v0x55558287ab80_0, 0, 32;
    %load/vec4 v0x555582880330_0;
    %flag_set/vec4 8;
    %jmp/1 T_2.4, 8;
    %load/vec4 v0x5555828803f0_0;
    %flag_set/vec4 9;
    %flag_or 8, 9;
T_2.4;
    %jmp/0 T_2.2, 8;
    %load/vec4 v0x55558287eb80_0;
    %parti/s 1, 31, 6;
    %jmp/1 T_2.3, 8;
T_2.2 ; End of true expr.
    %pushi/vec4 0, 0, 1;
    %jmp/0 T_2.3, 8;
 ; End of false expr.
    %blend;
T_2.3;
    %load/vec4 v0x55558287eb80_0;
    %concat/vec4; draw_concat_vec4
    %load/vec4 v0x55558287ec60_0;
    %parti/s 5, 0, 2;
    %ix/vec4 4;
    %shiftr/s 4;
    %pad/s 32;
    %store/vec4 v0x55558287ac60_0, 0, 32;
    %jmp T_2;
    .thread T_2, $push;
    .scope S_0x5555828748f0;
T_3 ;
    %end;
    .thread T_3;
    .scope S_0x5555828748f0;
T_4 ;
Ewait_1 .event/or E_0x5555828772b0, E_0x0;
    %wait Ewait_1;
    %pushi/vec4 0, 0, 1;
    %store/vec4 v0x555582884630_0, 0, 1;
    %pushi/vec4 4294967295, 4294967295, 32;
    %store/vec4 v0x5555828843d0_0, 0, 32;
    %pushi/vec4 0, 0, 1;
    %store/vec4 v0x555582884570_0, 0, 1;
    %pushi/vec4 0, 0, 1;
    %store/vec4 v0x5555828844b0_0, 0, 1;
    %pushi/vec4 1, 0, 1;
    %dup/vec4;
    %pushi/vec4 0, 0, 1;
    %cmp/u;
    %jmp/1 T_4.0, 6;
    %dup/vec4;
    %pushi/vec4 0, 0, 1;
    %cmp/u;
    %jmp/1 T_4.1, 6;
    %dup/vec4;
    %pushi/vec4 0, 0, 1;
    %cmp/u;
    %jmp/1 T_4.2, 6;
    %jmp T_4.3;
T_4.0 ;
    %pushi/vec4 0, 0, 1;
    %store/vec4 v0x555582884630_0, 0, 1;
    %pushi/vec4 0, 0, 32;
    %store/vec4 v0x5555828843d0_0, 0, 32;
    %jmp T_4.3;
T_4.1 ;
    %load/vec4 v0x555582884950_0;
    %store/vec4 v0x555582884630_0, 0, 1;
    %load/vec4 v0x5555828846f0_0;
    %store/vec4 v0x5555828843d0_0, 0, 32;
    %jmp T_4.3;
T_4.2 ;
    %load/vec4 v0x555582884230_0;
    %store/vec4 v0x555582884630_0, 0, 1;
    %load/vec4 v0x555582883fd0_0;
    %store/vec4 v0x5555828843d0_0, 0, 32;
    %jmp T_4.3;
T_4.3 ;
    %pop/vec4 1;
    %jmp T_4;
    .thread T_4, $push;
    .scope S_0x5555828748f0;
T_5 ;
    %wait E_0x55558253cc00;
    %load/vec4 v0x55558287efe0_0;
    %nor/r;
    %flag_set/vec4 8;
    %jmp/0xz  T_5.0, 8;
    %pushi/vec4 0, 0, 1;
    %assign/vec4 v0x555582882c40_0, 0;
    %pushi/vec4 0, 0, 1;
    %assign/vec4 v0x555582881bb0_0, 0;
    %jmp T_5.1;
T_5.0 ;
    %load/vec4 v0x555582881bb0_0;
    %nor/r;
    %flag_set/vec4 8;
    %jmp/0xz  T_5.2, 8;
    %load/vec4 v0x555582882b80_0;
    %assign/vec4 v0x555582882c40_0, 0;
T_5.2 ;
    %load/vec4 v0x555582883860_0;
    %flag_set/vec4 8;
    %flag_get/vec4 8;
    %jmp/0 T_5.4, 8;
    %load/vec4 v0x5555828836d0_0;
    %nor/r;
    %and;
T_5.4;
    %assign/vec4 v0x555582881bb0_0, 0;
T_5.1 ;
    %jmp T_5;
    .thread T_5;
    .scope S_0x5555828748f0;
T_6 ;
Ewait_2 .event/or E_0x555582877570, E_0x0;
    %wait Ewait_2;
    %load/vec4 v0x555582883a00_0;
    %dup/vec4;
    %pushi/vec4 0, 0, 2;
    %cmp/u;
    %jmp/1 T_6.0, 6;
    %dup/vec4;
    %pushi/vec4 1, 0, 2;
    %cmp/u;
    %jmp/1 T_6.1, 6;
    %dup/vec4;
    %pushi/vec4 2, 0, 2;
    %cmp/u;
    %jmp/1 T_6.2, 6;
    %jmp T_6.3;
T_6.0 ;
    %load/vec4 v0x55558287ec60_0;
    %store/vec4 v0x555582883000_0, 0, 32;
    %pushi/vec4 15, 0, 4;
    %store/vec4 v0x5555828831a0_0, 0, 4;
    %load/vec4 v0x555582883280_0;
    %store/vec4 v0x5555828835f0_0, 0, 32;
    %jmp T_6.3;
T_6.1 ;
    %load/vec4 v0x55558287ec60_0;
    %parti/s 16, 0, 2;
    %replicate 2;
    %store/vec4 v0x555582883000_0, 0, 32;
    %load/vec4 v0x55558287eb80_0;
    %parti/s 1, 1, 2;
    %flag_set/vec4 8;
    %jmp/0 T_6.4, 8;
    %pushi/vec4 12, 0, 4;
    %jmp/1 T_6.5, 8;
T_6.4 ; End of true expr.
    %pushi/vec4 3, 0, 4;
    %jmp/0 T_6.5, 8;
 ; End of false expr.
    %blend;
T_6.5;
    %store/vec4 v0x5555828831a0_0, 0, 4;
    %load/vec4 v0x55558287eb80_0;
    %parti/s 1, 1, 2;
    %dup/vec4;
    %pushi/vec4 0, 0, 1;
    %cmp/u;
    %jmp/1 T_6.6, 6;
    %dup/vec4;
    %pushi/vec4 1, 0, 1;
    %cmp/u;
    %jmp/1 T_6.7, 6;
    %jmp T_6.8;
T_6.6 ;
    %pushi/vec4 0, 0, 16;
    %load/vec4 v0x555582883280_0;
    %parti/s 16, 0, 2;
    %concat/vec4; draw_concat_vec4
    %store/vec4 v0x5555828835f0_0, 0, 32;
    %jmp T_6.8;
T_6.7 ;
    %pushi/vec4 0, 0, 16;
    %load/vec4 v0x555582883280_0;
    %parti/s 16, 16, 6;
    %concat/vec4; draw_concat_vec4
    %store/vec4 v0x5555828835f0_0, 0, 32;
    %jmp T_6.8;
T_6.8 ;
    %pop/vec4 1;
    %jmp T_6.3;
T_6.2 ;
    %load/vec4 v0x55558287ec60_0;
    %parti/s 8, 0, 2;
    %replicate 4;
    %store/vec4 v0x555582883000_0, 0, 32;
    %pushi/vec4 1, 0, 4;
    %load/vec4 v0x55558287eb80_0;
    %parti/s 2, 0, 2;
    %ix/vec4 4;
    %shiftl 4;
    %store/vec4 v0x5555828831a0_0, 0, 4;
    %load/vec4 v0x55558287eb80_0;
    %parti/s 2, 0, 2;
    %dup/vec4;
    %pushi/vec4 0, 0, 2;
    %cmp/u;
    %jmp/1 T_6.9, 6;
    %dup/vec4;
    %pushi/vec4 1, 0, 2;
    %cmp/u;
    %jmp/1 T_6.10, 6;
    %dup/vec4;
    %pushi/vec4 2, 0, 2;
    %cmp/u;
    %jmp/1 T_6.11, 6;
    %dup/vec4;
    %pushi/vec4 3, 0, 2;
    %cmp/u;
    %jmp/1 T_6.12, 6;
    %jmp T_6.13;
T_6.9 ;
    %pushi/vec4 0, 0, 24;
    %load/vec4 v0x555582883280_0;
    %parti/s 8, 0, 2;
    %concat/vec4; draw_concat_vec4
    %store/vec4 v0x5555828835f0_0, 0, 32;
    %jmp T_6.13;
T_6.10 ;
    %pushi/vec4 0, 0, 24;
    %load/vec4 v0x555582883280_0;
    %parti/s 8, 8, 5;
    %concat/vec4; draw_concat_vec4
    %store/vec4 v0x5555828835f0_0, 0, 32;
    %jmp T_6.13;
T_6.11 ;
    %pushi/vec4 0, 0, 24;
    %load/vec4 v0x555582883280_0;
    %parti/s 8, 16, 6;
    %concat/vec4; draw_concat_vec4
    %store/vec4 v0x5555828835f0_0, 0, 32;
    %jmp T_6.13;
T_6.12 ;
    %pushi/vec4 0, 0, 24;
    %load/vec4 v0x555582883280_0;
    %parti/s 8, 24, 6;
    %concat/vec4; draw_concat_vec4
    %store/vec4 v0x5555828835f0_0, 0, 32;
    %jmp T_6.13;
T_6.13 ;
    %pop/vec4 1;
    %jmp T_6.3;
T_6.3 ;
    %pop/vec4 1;
    %jmp T_6;
    .thread T_6, $push;
    .scope S_0x5555828748f0;
T_7 ;
    %wait E_0x55558253cc00;
    %load/vec4 v0x555582883bb0_0;
    %flag_set/vec4 8;
    %jmp/0xz  T_7.0, 8;
    %load/vec4 v0x555582883280_0;
    %assign/vec4 v0x555582883510_0, 0;
    %load/vec4 v0x555582883280_0;
    %assign/vec4 v0x555582883d30_0, 0;
T_7.0 ;
    %jmp T_7;
    .thread T_7;
    .scope S_0x5555828748f0;
T_8 ;
    %wait E_0x55558253cc00;
    %load/vec4 v0x55558287efe0_0;
    %flag_set/vec4 9;
    %flag_get/vec4 9;
    %jmp/0 T_8.2, 9;
    %load/vec4 v0x555582886920_0;
    %nor/r;
    %and;
T_8.2;
    %flag_set/vec4 8;
    %jmp/0xz  T_8.0, 8;
    %load/vec4 v0x555582882570_0;
    %flag_set/vec4 8;
    %jmp/1 T_8.6, 8;
    %load/vec4 v0x5555828826f0_0;
    %flag_set/vec4 9;
    %flag_or 8, 9;
T_8.6;
    %jmp/1 T_8.5, 8;
    %load/vec4 v0x555582882630_0;
    %flag_set/vec4 9;
    %flag_or 8, 9;
T_8.5;
    %jmp/0xz  T_8.3, 8;
    %fork TD_soc_core.u_cpu.picorv32_core.empty_statement, S_0x555582877660;
    %join;
T_8.3 ;
    %load/vec4 v0x555582882570_0;
    %flag_set/vec4 8;
    %jmp/1 T_8.9, 8;
    %load/vec4 v0x5555828826f0_0;
    %flag_set/vec4 9;
    %flag_or 8, 9;
T_8.9;
    %jmp/0xz  T_8.7, 8;
    %fork TD_soc_core.u_cpu.picorv32_core.empty_statement, S_0x555582877660;
    %join;
T_8.7 ;
    %load/vec4 v0x555582882630_0;
    %flag_set/vec4 8;
    %jmp/0xz  T_8.10, 8;
    %fork TD_soc_core.u_cpu.picorv32_core.empty_statement, S_0x555582877660;
    %join;
T_8.10 ;
    %load/vec4 v0x5555828827b0_0;
    %flag_set/vec4 8;
    %jmp/0xz  T_8.12, 8;
    %fork TD_soc_core.u_cpu.picorv32_core.empty_statement, S_0x555582877660;
    %join;
T_8.12 ;
    %load/vec4 v0x5555828837a0_0;
    %pad/u 32;
    %cmpi/e 2, 0, 32;
    %jmp/1 T_8.16, 4;
    %flag_mov 8, 4;
    %load/vec4 v0x5555828837a0_0;
    %pad/u 32;
    %cmpi/e 3, 0, 32;
    %flag_or 4, 8;
T_8.16;
    %jmp/0xz  T_8.14, 4;
    %fork TD_soc_core.u_cpu.picorv32_core.empty_statement, S_0x555582877660;
    %join;
T_8.14 ;
T_8.0 ;
    %jmp T_8;
    .thread T_8;
    .scope S_0x5555828748f0;
T_9 ;
    %wait E_0x55558253cc00;
    %load/vec4 v0x55558287efe0_0;
    %nor/r;
    %flag_set/vec4 8;
    %jmp/1 T_9.2, 8;
    %load/vec4 v0x555582886920_0;
    %flag_set/vec4 9;
    %flag_or 8, 9;
T_9.2;
    %jmp/0xz  T_9.0, 8;
    %load/vec4 v0x55558287efe0_0;
    %nor/r;
    %flag_set/vec4 8;
    %jmp/0xz  T_9.3, 8;
    %pushi/vec4 0, 0, 2;
    %assign/vec4 v0x5555828837a0_0, 0;
T_9.3 ;
    %load/vec4 v0x55558287efe0_0;
    %nor/r;
    %flag_set/vec4 8;
    %jmp/1 T_9.7, 8;
    %load/vec4 v0x5555828836d0_0;
    %flag_set/vec4 9;
    %flag_or 8, 9;
T_9.7;
    %jmp/0xz  T_9.5, 8;
    %pushi/vec4 0, 0, 1;
    %assign/vec4 v0x555582883860_0, 0;
T_9.5 ;
    %pushi/vec4 0, 0, 1;
    %assign/vec4 v0x555582882e80_0, 0;
    %pushi/vec4 0, 0, 1;
    %assign/vec4 v0x555582885070_0, 0;
    %jmp T_9.1;
T_9.0 ;
    %load/vec4 v0x555582882dc0_0;
    %flag_set/vec4 8;
    %jmp/1 T_9.10, 8;
    %load/vec4 v0x5555828830e0_0;
    %flag_set/vec4 9;
    %flag_or 8, 9;
T_9.10;
    %jmp/0xz  T_9.8, 8;
    %load/vec4 v0x555582882ac0_0;
    %assign/vec4 v0x555582882410_0, 0;
    %load/vec4 v0x5555828831a0_0;
    %load/vec4 v0x5555828830e0_0;
    %replicate 4;
    %and;
    %assign/vec4 v0x555582883ac0_0, 0;
T_9.8 ;
    %load/vec4 v0x5555828830e0_0;
    %flag_set/vec4 8;
    %jmp/0xz  T_9.11, 8;
    %load/vec4 v0x555582883000_0;
    %assign/vec4 v0x555582883930_0, 0;
T_9.11 ;
    %load/vec4 v0x5555828837a0_0;
    %dup/vec4;
    %pushi/vec4 0, 0, 2;
    %cmp/u;
    %jmp/1 T_9.13, 6;
    %dup/vec4;
    %pushi/vec4 1, 0, 2;
    %cmp/u;
    %jmp/1 T_9.14, 6;
    %dup/vec4;
    %pushi/vec4 2, 0, 2;
    %cmp/u;
    %jmp/1 T_9.15, 6;
    %dup/vec4;
    %pushi/vec4 3, 0, 2;
    %cmp/u;
    %jmp/1 T_9.16, 6;
    %jmp T_9.17;
T_9.13 ;
    %load/vec4 v0x555582882570_0;
    %flag_set/vec4 8;
    %jmp/1 T_9.21, 8;
    %load/vec4 v0x5555828826f0_0;
    %flag_set/vec4 9;
    %flag_or 8, 9;
T_9.21;
    %jmp/1 T_9.20, 8;
    %load/vec4 v0x555582882630_0;
    %flag_set/vec4 9;
    %flag_or 8, 9;
T_9.20;
    %jmp/0xz  T_9.18, 8;
    %load/vec4 v0x555582882f40_0;
    %nor/r;
    %assign/vec4 v0x555582883860_0, 0;
    %load/vec4 v0x555582882570_0;
    %flag_set/vec4 8;
    %flag_get/vec4 8;
    %jmp/1 T_9.22, 8;
    %load/vec4 v0x5555828826f0_0;
    %or;
T_9.22;
    %assign/vec4 v0x5555828829f0_0, 0;
    %pushi/vec4 0, 0, 4;
    %assign/vec4 v0x555582883ac0_0, 0;
    %pushi/vec4 1, 0, 2;
    %assign/vec4 v0x5555828837a0_0, 0;
T_9.18 ;
    %load/vec4 v0x5555828827b0_0;
    %flag_set/vec4 8;
    %jmp/0xz  T_9.23, 8;
    %pushi/vec4 1, 0, 1;
    %assign/vec4 v0x555582883860_0, 0;
    %pushi/vec4 0, 0, 1;
    %assign/vec4 v0x5555828829f0_0, 0;
    %pushi/vec4 2, 0, 2;
    %assign/vec4 v0x5555828837a0_0, 0;
T_9.23 ;
    %jmp T_9.17;
T_9.14 ;
    %fork TD_soc_core.u_cpu.picorv32_core.empty_statement, S_0x555582877660;
    %join;
    %fork TD_soc_core.u_cpu.picorv32_core.empty_statement, S_0x555582877660;
    %join;
    %fork TD_soc_core.u_cpu.picorv32_core.empty_statement, S_0x555582877660;
    %join;
    %fork TD_soc_core.u_cpu.picorv32_core.empty_statement, S_0x555582877660;
    %join;
    %load/vec4 v0x555582883bb0_0;
    %flag_set/vec4 8;
    %jmp/0xz  T_9.25, 8;
    %pushi/vec4 0, 0, 1;
    %assign/vec4 v0x555582883860_0, 0;
    %pushi/vec4 0, 0, 1;
    %assign/vec4 v0x555582882e80_0, 0;
    %load/vec4 v0x5555828826f0_0;
    %cmpi/e 1, 0, 1;
    %jmp/1 T_9.29, 6;
    %flag_mov 8, 6;
    %load/vec4 v0x555582882630_0;
    %cmpi/e 1, 0, 1;
    %flag_or 6, 8;
T_9.29;
    %flag_mov 8, 6;
    %jmp/0 T_9.27, 8;
    %pushi/vec4 0, 0, 3;
    %jmp/1 T_9.28, 8;
T_9.27 ; End of true expr.
    %pushi/vec4 3, 0, 3;
    %jmp/0 T_9.28, 8;
 ; End of false expr.
    %blend;
T_9.28;
    %pad/s 2;
    %assign/vec4 v0x5555828837a0_0, 0;
T_9.25 ;
    %jmp T_9.17;
T_9.15 ;
    %fork TD_soc_core.u_cpu.picorv32_core.empty_statement, S_0x555582877660;
    %join;
    %fork TD_soc_core.u_cpu.picorv32_core.empty_statement, S_0x555582877660;
    %join;
    %load/vec4 v0x555582883bb0_0;
    %flag_set/vec4 8;
    %jmp/0xz  T_9.30, 8;
    %pushi/vec4 0, 0, 1;
    %assign/vec4 v0x555582883860_0, 0;
    %pushi/vec4 0, 0, 2;
    %assign/vec4 v0x5555828837a0_0, 0;
T_9.30 ;
    %jmp T_9.17;
T_9.16 ;
    %fork TD_soc_core.u_cpu.picorv32_core.empty_statement, S_0x555582877660;
    %join;
    %fork TD_soc_core.u_cpu.picorv32_core.empty_statement, S_0x555582877660;
    %join;
    %load/vec4 v0x5555828826f0_0;
    %flag_set/vec4 8;
    %jmp/0xz  T_9.32, 8;
    %pushi/vec4 0, 0, 2;
    %assign/vec4 v0x5555828837a0_0, 0;
T_9.32 ;
    %jmp T_9.17;
T_9.17 ;
    %pop/vec4 1;
T_9.1 ;
    %load/vec4 v0x55558287b400_0;
    %flag_set/vec4 8;
    %jmp/0xz  T_9.34, 8;
    %pushi/vec4 0, 0, 1;
    %assign/vec4 v0x555582885070_0, 0;
T_9.34 ;
    %jmp T_9;
    .thread T_9;
    .scope S_0x5555828748f0;
T_10 ;
Ewait_3 .event/or E_0x5555828773a0, E_0x0;
    %wait Ewait_3;
    %pushi/vec4 0, 0, 32; draw_string_vec4
    %pushi/vec4 0, 0, 32; draw_string_vec4
    %concat/vec4; draw_string_vec4
    %store/vec4 v0x555582883c50_0, 0, 64;
    %load/vec4 v0x55558287f4f0_0;
    %flag_set/vec4 8;
    %jmp/0xz  T_10.0, 8;
    %pushi/vec4 0, 0, 32; draw_string_vec4
    %pushi/vec4 7107945, 0, 32; draw_string_vec4
    %concat/vec4; draw_string_vec4
    %store/vec4 v0x555582883c50_0, 0, 64;
T_10.0 ;
    %load/vec4 v0x55558287e0e0_0;
    %flag_set/vec4 8;
    %jmp/0xz  T_10.2, 8;
    %pushi/vec4 97, 0, 32; draw_string_vec4
    %pushi/vec4 1969844323, 0, 32; draw_string_vec4
    %concat/vec4; draw_string_vec4
    %store/vec4 v0x555582883c50_0, 0, 64;
T_10.2 ;
    %load/vec4 v0x55558287e860_0;
    %flag_set/vec4 8;
    %jmp/0xz  T_10.4, 8;
    %pushi/vec4 0, 0, 32; draw_string_vec4
    %pushi/vec4 6971756, 0, 32; draw_string_vec4
    %concat/vec4; draw_string_vec4
    %store/vec4 v0x555582883c50_0, 0, 64;
T_10.4 ;
    %load/vec4 v0x55558287e920_0;
    %flag_set/vec4 8;
    %jmp/0xz  T_10.6, 8;
    %pushi/vec4 0, 0, 32; draw_string_vec4
    %pushi/vec4 1784769650, 0, 32; draw_string_vec4
    %concat/vec4; draw_string_vec4
    %store/vec4 v0x555582883c50_0, 0, 64;
T_10.6 ;
    %load/vec4 v0x55558287e1a0_0;
    %flag_set/vec4 8;
    %jmp/0xz  T_10.8, 8;
    %pushi/vec4 0, 0, 32; draw_string_vec4
    %pushi/vec4 6448497, 0, 32; draw_string_vec4
    %concat/vec4; draw_string_vec4
    %store/vec4 v0x555582883c50_0, 0, 64;
T_10.8 ;
    %load/vec4 v0x55558287e560_0;
    %flag_set/vec4 8;
    %jmp/0xz  T_10.10, 8;
    %pushi/vec4 0, 0, 32; draw_string_vec4
    %pushi/vec4 6450789, 0, 32; draw_string_vec4
    %concat/vec4; draw_string_vec4
    %store/vec4 v0x555582883c50_0, 0, 64;
T_10.10 ;
    %load/vec4 v0x55558287e3e0_0;
    %flag_set/vec4 8;
    %jmp/0xz  T_10.12, 8;
    %pushi/vec4 0, 0, 32; draw_string_vec4
    %pushi/vec4 6450292, 0, 32; draw_string_vec4
    %concat/vec4; draw_string_vec4
    %store/vec4 v0x555582883c50_0, 0, 64;
T_10.12 ;
    %load/vec4 v0x55558287e260_0;
    %flag_set/vec4 8;
    %jmp/0xz  T_10.14, 8;
    %pushi/vec4 0, 0, 32; draw_string_vec4
    %pushi/vec4 6448997, 0, 32; draw_string_vec4
    %concat/vec4; draw_string_vec4
    %store/vec4 v0x555582883c50_0, 0, 64;
T_10.14 ;
    %load/vec4 v0x55558287e4a0_0;
    %flag_set/vec4 8;
    %jmp/0xz  T_10.16, 8;
    %pushi/vec4 0, 0, 32; draw_string_vec4
    %pushi/vec4 1651274869, 0, 32; draw_string_vec4
    %concat/vec4; draw_string_vec4
    %store/vec4 v0x555582883c50_0, 0, 64;
T_10.16 ;
    %load/vec4 v0x55558287e320_0;
    %flag_set/vec4 8;
    %jmp/0xz  T_10.18, 8;
    %pushi/vec4 0, 0, 32; draw_string_vec4
    %pushi/vec4 1650943349, 0, 32; draw_string_vec4
    %concat/vec4; draw_string_vec4
    %store/vec4 v0x555582883c50_0, 0, 64;
T_10.18 ;
    %load/vec4 v0x55558287e9e0_0;
    %flag_set/vec4 8;
    %jmp/0xz  T_10.20, 8;
    %pushi/vec4 0, 0, 32; draw_string_vec4
    %pushi/vec4 27746, 0, 32; draw_string_vec4
    %concat/vec4; draw_string_vec4
    %store/vec4 v0x555582883c50_0, 0, 64;
T_10.20 ;
    %load/vec4 v0x55558287f370_0;
    %flag_set/vec4 8;
    %jmp/0xz  T_10.22, 8;
    %pushi/vec4 0, 0, 32; draw_string_vec4
    %pushi/vec4 27752, 0, 32; draw_string_vec4
    %concat/vec4; draw_string_vec4
    %store/vec4 v0x555582883c50_0, 0, 64;
T_10.22 ;
    %load/vec4 v0x55558287f5b0_0;
    %flag_set/vec4 8;
    %jmp/0xz  T_10.24, 8;
    %pushi/vec4 0, 0, 32; draw_string_vec4
    %pushi/vec4 27767, 0, 32; draw_string_vec4
    %concat/vec4; draw_string_vec4
    %store/vec4 v0x555582883c50_0, 0, 64;
T_10.24 ;
    %load/vec4 v0x55558287eaa0_0;
    %flag_set/vec4 8;
    %jmp/0xz  T_10.26, 8;
    %pushi/vec4 0, 0, 32; draw_string_vec4
    %pushi/vec4 7103093, 0, 32; draw_string_vec4
    %concat/vec4; draw_string_vec4
    %store/vec4 v0x555582883c50_0, 0, 64;
T_10.26 ;
    %load/vec4 v0x55558287f430_0;
    %flag_set/vec4 8;
    %jmp/0xz  T_10.28, 8;
    %pushi/vec4 0, 0, 32; draw_string_vec4
    %pushi/vec4 7104629, 0, 32; draw_string_vec4
    %concat/vec4; draw_string_vec4
    %store/vec4 v0x555582883c50_0, 0, 64;
T_10.28 ;
    %load/vec4 v0x55558287fc70_0;
    %flag_set/vec4 8;
    %jmp/0xz  T_10.30, 8;
    %pushi/vec4 0, 0, 32; draw_string_vec4
    %pushi/vec4 29538, 0, 32; draw_string_vec4
    %concat/vec4; draw_string_vec4
    %store/vec4 v0x555582883c50_0, 0, 64;
T_10.30 ;
    %load/vec4 v0x55558287fdf0_0;
    %flag_set/vec4 8;
    %jmp/0xz  T_10.32, 8;
    %pushi/vec4 0, 0, 32; draw_string_vec4
    %pushi/vec4 29544, 0, 32; draw_string_vec4
    %concat/vec4; draw_string_vec4
    %store/vec4 v0x555582883c50_0, 0, 64;
T_10.32 ;
    %load/vec4 v0x5555828806f0_0;
    %flag_set/vec4 8;
    %jmp/0xz  T_10.34, 8;
    %pushi/vec4 0, 0, 32; draw_string_vec4
    %pushi/vec4 29559, 0, 32; draw_string_vec4
    %concat/vec4; draw_string_vec4
    %store/vec4 v0x555582883c50_0, 0, 64;
T_10.34 ;
    %load/vec4 v0x55558287dea0_0;
    %flag_set/vec4 8;
    %jmp/0xz  T_10.36, 8;
    %pushi/vec4 0, 0, 32; draw_string_vec4
    %pushi/vec4 1633969257, 0, 32; draw_string_vec4
    %concat/vec4; draw_string_vec4
    %store/vec4 v0x555582883c50_0, 0, 64;
T_10.36 ;
    %load/vec4 v0x5555828800f0_0;
    %flag_set/vec4 8;
    %jmp/0xz  T_10.38, 8;
    %pushi/vec4 0, 0, 32; draw_string_vec4
    %pushi/vec4 1936487529, 0, 32; draw_string_vec4
    %concat/vec4; draw_string_vec4
    %store/vec4 v0x555582883c50_0, 0, 64;
T_10.38 ;
    %load/vec4 v0x5555828801b0_0;
    %flag_set/vec4 8;
    %jmp/0xz  T_10.40, 8;
    %pushi/vec4 115, 0, 32; draw_string_vec4
    %pushi/vec4 1819568501, 0, 32; draw_string_vec4
    %concat/vec4; draw_string_vec4
    %store/vec4 v0x555582883c50_0, 0, 64;
T_10.40 ;
    %load/vec4 v0x555582880ab0_0;
    %flag_set/vec4 8;
    %jmp/0xz  T_10.42, 8;
    %pushi/vec4 0, 0, 32; draw_string_vec4
    %pushi/vec4 2020569705, 0, 32; draw_string_vec4
    %concat/vec4; draw_string_vec4
    %store/vec4 v0x555582883c50_0, 0, 64;
T_10.42 ;
    %load/vec4 v0x55558287f7f0_0;
    %flag_set/vec4 8;
    %jmp/0xz  T_10.44, 8;
    %pushi/vec4 0, 0, 32; draw_string_vec4
    %pushi/vec4 7303785, 0, 32; draw_string_vec4
    %concat/vec4; draw_string_vec4
    %store/vec4 v0x555582883c50_0, 0, 64;
T_10.44 ;
    %load/vec4 v0x55558287e020_0;
    %flag_set/vec4 8;
    %jmp/0xz  T_10.46, 8;
    %pushi/vec4 0, 0, 32; draw_string_vec4
    %pushi/vec4 1634624617, 0, 32; draw_string_vec4
    %concat/vec4; draw_string_vec4
    %store/vec4 v0x555582883c50_0, 0, 64;
T_10.46 ;
    %load/vec4 v0x55558287ff70_0;
    %flag_set/vec4 8;
    %jmp/0xz  T_10.48, 8;
    %pushi/vec4 0, 0, 32; draw_string_vec4
    %pushi/vec4 1936485481, 0, 32; draw_string_vec4
    %concat/vec4; draw_string_vec4
    %store/vec4 v0x555582883c50_0, 0, 64;
T_10.48 ;
    %load/vec4 v0x555582880570_0;
    %flag_set/vec4 8;
    %jmp/0xz  T_10.50, 8;
    %pushi/vec4 0, 0, 32; draw_string_vec4
    %pushi/vec4 1936878697, 0, 32; draw_string_vec4
    %concat/vec4; draw_string_vec4
    %store/vec4 v0x555582883c50_0, 0, 64;
T_10.50 ;
    %load/vec4 v0x5555828803f0_0;
    %flag_set/vec4 8;
    %jmp/0xz  T_10.52, 8;
    %pushi/vec4 0, 0, 32; draw_string_vec4
    %pushi/vec4 1936875881, 0, 32; draw_string_vec4
    %concat/vec4; draw_string_vec4
    %store/vec4 v0x555582883c50_0, 0, 64;
T_10.52 ;
    %load/vec4 v0x55558287dde0_0;
    %flag_set/vec4 8;
    %jmp/0xz  T_10.54, 8;
    %pushi/vec4 0, 0, 32; draw_string_vec4
    %pushi/vec4 6382692, 0, 32; draw_string_vec4
    %concat/vec4; draw_string_vec4
    %store/vec4 v0x555582883c50_0, 0, 64;
T_10.54 ;
    %load/vec4 v0x555582880630_0;
    %flag_set/vec4 8;
    %jmp/0xz  T_10.56, 8;
    %pushi/vec4 0, 0, 32; draw_string_vec4
    %pushi/vec4 7566690, 0, 32; draw_string_vec4
    %concat/vec4; draw_string_vec4
    %store/vec4 v0x555582883c50_0, 0, 64;
T_10.56 ;
    %load/vec4 v0x55558287feb0_0;
    %flag_set/vec4 8;
    %jmp/0xz  T_10.58, 8;
    %pushi/vec4 0, 0, 32; draw_string_vec4
    %pushi/vec4 7564396, 0, 32; draw_string_vec4
    %concat/vec4; draw_string_vec4
    %store/vec4 v0x555582883c50_0, 0, 64;
T_10.58 ;
    %load/vec4 v0x555582880030_0;
    %flag_set/vec4 8;
    %jmp/0xz  T_10.60, 8;
    %pushi/vec4 0, 0, 32; draw_string_vec4
    %pushi/vec4 7564404, 0, 32; draw_string_vec4
    %concat/vec4; draw_string_vec4
    %store/vec4 v0x555582883c50_0, 0, 64;
T_10.60 ;
    %load/vec4 v0x555582880270_0;
    %flag_set/vec4 8;
    %jmp/0xz  T_10.62, 8;
    %pushi/vec4 0, 0, 32; draw_string_vec4
    %pushi/vec4 1936487541, 0, 32; draw_string_vec4
    %concat/vec4; draw_string_vec4
    %store/vec4 v0x555582883c50_0, 0, 64;
T_10.62 ;
    %load/vec4 v0x5555828809f0_0;
    %flag_set/vec4 8;
    %jmp/0xz  T_10.64, 8;
    %pushi/vec4 0, 0, 32; draw_string_vec4
    %pushi/vec4 7892850, 0, 32; draw_string_vec4
    %concat/vec4; draw_string_vec4
    %store/vec4 v0x555582883c50_0, 0, 64;
T_10.64 ;
    %load/vec4 v0x5555828804b0_0;
    %flag_set/vec4 8;
    %jmp/0xz  T_10.66, 8;
    %pushi/vec4 0, 0, 32; draw_string_vec4
    %pushi/vec4 7565932, 0, 32; draw_string_vec4
    %concat/vec4; draw_string_vec4
    %store/vec4 v0x555582883c50_0, 0, 64;
T_10.66 ;
    %load/vec4 v0x555582880330_0;
    %flag_set/vec4 8;
    %jmp/0xz  T_10.68, 8;
    %pushi/vec4 0, 0, 32; draw_string_vec4
    %pushi/vec4 7565921, 0, 32; draw_string_vec4
    %concat/vec4; draw_string_vec4
    %store/vec4 v0x555582883c50_0, 0, 64;
T_10.68 ;
    %load/vec4 v0x55558287f730_0;
    %flag_set/vec4 8;
    %jmp/0xz  T_10.70, 8;
    %pushi/vec4 0, 0, 32; draw_string_vec4
    %pushi/vec4 28530, 0, 32; draw_string_vec4
    %concat/vec4; draw_string_vec4
    %store/vec4 v0x555582883c50_0, 0, 64;
T_10.70 ;
    %load/vec4 v0x55558287df60_0;
    %flag_set/vec4 8;
    %jmp/0xz  T_10.72, 8;
    %pushi/vec4 0, 0, 32; draw_string_vec4
    %pushi/vec4 6385252, 0, 32; draw_string_vec4
    %concat/vec4; draw_string_vec4
    %store/vec4 v0x555582883c50_0, 0, 64;
T_10.72 ;
    %load/vec4 v0x55558287f8b0_0;
    %flag_set/vec4 8;
    %jmp/0xz  T_10.74, 8;
    %pushi/vec4 7496803, 0, 32; draw_string_vec4
    %pushi/vec4 2036558949, 0, 32; draw_string_vec4
    %concat/vec4; draw_string_vec4
    %store/vec4 v0x555582883c50_0, 0, 64;
T_10.74 ;
    %load/vec4 v0x55558287f970_0;
    %flag_set/vec4 8;
    %jmp/0xz  T_10.76, 8;
    %pushi/vec4 1919181689, 0, 32; draw_string_vec4
    %pushi/vec4 1668048232, 0, 32; draw_string_vec4
    %concat/vec4; draw_string_vec4
    %store/vec4 v0x555582883c50_0, 0, 64;
T_10.76 ;
    %load/vec4 v0x55558287fa30_0;
    %flag_set/vec4 8;
    %jmp/0xz  T_10.78, 8;
    %pushi/vec4 7496809, 0, 32; draw_string_vec4
    %pushi/vec4 1853060210, 0, 32; draw_string_vec4
    %concat/vec4; draw_string_vec4
    %store/vec4 v0x555582883c50_0, 0, 64;
T_10.78 ;
    %load/vec4 v0x55558287faf0_0;
    %flag_set/vec4 8;
    %jmp/0xz  T_10.80, 8;
    %pushi/vec4 1919183214, 0, 32; draw_string_vec4
    %pushi/vec4 1937011304, 0, 32; draw_string_vec4
    %concat/vec4; draw_string_vec4
    %store/vec4 v0x555582883c50_0, 0, 64;
T_10.80 ;
    %load/vec4 v0x55558287e6e0_0;
    %flag_set/vec4 8;
    %jmp/0xz  T_10.82, 8;
    %pushi/vec4 102, 0, 32; draw_string_vec4
    %pushi/vec4 1701733221, 0, 32; draw_string_vec4
    %concat/vec4; draw_string_vec4
    %store/vec4 v0x555582883c50_0, 0, 64;
T_10.82 ;
    %load/vec4 v0x55558287e7a0_0;
    %flag_set/vec4 8;
    %jmp/0xz  T_10.84, 8;
    %pushi/vec4 0, 0, 32; draw_string_vec4
    %pushi/vec4 1734702193, 0, 32; draw_string_vec4
    %concat/vec4; draw_string_vec4
    %store/vec4 v0x555582883c50_0, 0, 64;
T_10.84 ;
    %load/vec4 v0x55558287fd30_0;
    %flag_set/vec4 8;
    %jmp/0xz  T_10.86, 8;
    %pushi/vec4 0, 0, 32; draw_string_vec4
    %pushi/vec4 1936028785, 0, 32; draw_string_vec4
    %concat/vec4; draw_string_vec4
    %store/vec4 v0x555582883c50_0, 0, 64;
T_10.86 ;
    %load/vec4 v0x55558287fbb0_0;
    %flag_set/vec4 8;
    %jmp/0xz  T_10.88, 8;
    %pushi/vec4 29285, 0, 32; draw_string_vec4
    %pushi/vec4 1953067633, 0, 32; draw_string_vec4
    %concat/vec4; draw_string_vec4
    %store/vec4 v0x555582883c50_0, 0, 64;
T_10.88 ;
    %load/vec4 v0x55558287f670_0;
    %flag_set/vec4 8;
    %jmp/0xz  T_10.90, 8;
    %pushi/vec4 7168371, 0, 32; draw_string_vec4
    %pushi/vec4 1802072689, 0, 32; draw_string_vec4
    %concat/vec4; draw_string_vec4
    %store/vec4 v0x555582883c50_0, 0, 64;
T_10.90 ;
    %load/vec4 v0x555582880930_0;
    %flag_set/vec4 8;
    %jmp/0xz  T_10.92, 8;
    %pushi/vec4 7823721, 0, 32; draw_string_vec4
    %pushi/vec4 1953067633, 0, 32; draw_string_vec4
    %concat/vec4; draw_string_vec4
    %store/vec4 v0x555582883c50_0, 0, 64;
T_10.92 ;
    %load/vec4 v0x5555828807b0_0;
    %flag_set/vec4 8;
    %jmp/0xz  T_10.94, 8;
    %pushi/vec4 116, 0, 32; draw_string_vec4
    %pushi/vec4 1768777074, 0, 32; draw_string_vec4
    %concat/vec4; draw_string_vec4
    %store/vec4 v0x555582883c50_0, 0, 64;
T_10.94 ;
    %jmp T_10;
    .thread T_10, $push;
    .scope S_0x5555828748f0;
T_11 ;
    %wait E_0x55558253cc00;
    %load/vec4 v0x55558287c280_0;
    %assign/vec4 v0x555582885130_0, 0;
    %load/vec4 v0x55558287c520_0;
    %assign/vec4 v0x555582885210_0, 0;
    %load/vec4 v0x55558287c600_0;
    %assign/vec4 v0x5555828852f0_0, 0;
    %load/vec4 v0x55558287c7c0_0;
    %assign/vec4 v0x5555828854b0_0, 0;
    %load/vec4 v0x55558287c8a0_0;
    %assign/vec4 v0x555582885590_0, 0;
    %load/vec4 v0x55558287c6e0_0;
    %assign/vec4 v0x5555828853d0_0, 0;
    %load/vec4 v0x555582882350_0;
    %assign/vec4 v0x55558287cf40_0, 0;
    %load/vec4 v0x55558287efe0_0;
    %nor/r;
    %flag_set/vec4 8;
    %jmp/1 T_11.2, 8;
    %load/vec4 v0x555582886920_0;
    %flag_set/vec4 9;
    %flag_or 8, 9;
T_11.2;
    %jmp/0xz  T_11.0, 8;
    %pushi/vec4 0, 0, 1;
    %assign/vec4 v0x55558287d340_0, 0;
    %jmp T_11.1;
T_11.0 ;
    %load/vec4 v0x555582882350_0;
    %flag_set/vec4 8;
    %jmp/0xz  T_11.3, 8;
    %pushi/vec4 1, 0, 1;
    %assign/vec4 v0x55558287d340_0, 0;
T_11.3 ;
T_11.1 ;
    %load/vec4 v0x55558287db80_0;
    %flag_set/vec4 8;
    %jmp/0xz  T_11.5, 8;
    %load/vec4 v0x555582883c50_0;
    %assign/vec4 v0x55558287aec0_0, 0;
    %load/vec4 v0x55558287d400_0;
    %assign/vec4 v0x55558287afa0_0, 0;
    %load/vec4 v0x555582883d30_0;
    %parti/s 2, 0, 2;
    %and/r;
    %flag_set/vec4 8;
    %jmp/0xz  T_11.7, 8;
    %load/vec4 v0x555582883d30_0;
    %assign/vec4 v0x55558287b080_0, 0;
    %jmp T_11.8;
T_11.7 ;
    %pushi/vec4 0, 0, 16;
    %load/vec4 v0x555582883d30_0;
    %parti/s 16, 0, 2;
    %concat/vec4; draw_concat_vec4
    %assign/vec4 v0x55558287b080_0, 0;
T_11.8 ;
    %load/vec4 v0x55558287d780_0;
    %assign/vec4 v0x55558287b240_0, 0;
    %load/vec4 v0x55558287d860_0;
    %assign/vec4 v0x55558287b320_0, 0;
    %load/vec4 v0x55558287d5c0_0;
    %assign/vec4 v0x55558287b160_0, 0;
T_11.5 ;
    %load/vec4 v0x555582882350_0;
    %flag_set/vec4 8;
    %jmp/0xz  T_11.9, 8;
    %load/vec4 v0x555582883ef0_0;
    %assign/vec4 v0x55558287c440_0, 0;
T_11.9 ;
    %jmp T_11;
    .thread T_11;
    .scope S_0x5555828748f0;
T_12 ;
Ewait_4 .event/or E_0x555582877270, E_0x0;
    %wait Ewait_4;
    %load/vec4 v0x555582885130_0;
    %store/vec4 v0x55558287c280_0, 0, 64;
    %load/vec4 v0x555582885210_0;
    %store/vec4 v0x55558287c520_0, 0, 32;
    %load/vec4 v0x5555828852f0_0;
    %store/vec4 v0x55558287c600_0, 0, 32;
    %load/vec4 v0x5555828854b0_0;
    %store/vec4 v0x55558287c7c0_0, 0, 5;
    %load/vec4 v0x555582885590_0;
    %store/vec4 v0x55558287c8a0_0, 0, 5;
    %load/vec4 v0x5555828853d0_0;
    %store/vec4 v0x55558287c6e0_0, 0, 5;
    %load/vec4 v0x55558287cf40_0;
    %flag_set/vec4 8;
    %jmp/0xz  T_12.0, 8;
    %load/vec4 v0x55558287da00_0;
    %flag_set/vec4 8;
    %jmp/0xz  T_12.2, 8;
    %load/vec4 v0x55558287aec0_0;
    %store/vec4 v0x55558287c280_0, 0, 64;
    %load/vec4 v0x55558287afa0_0;
    %store/vec4 v0x55558287c520_0, 0, 32;
    %load/vec4 v0x55558287b080_0;
    %store/vec4 v0x55558287c600_0, 0, 32;
    %load/vec4 v0x55558287b240_0;
    %store/vec4 v0x55558287c7c0_0, 0, 5;
    %load/vec4 v0x55558287b320_0;
    %store/vec4 v0x55558287c8a0_0, 0, 5;
    %load/vec4 v0x55558287b160_0;
    %store/vec4 v0x55558287c6e0_0, 0, 5;
    %jmp T_12.3;
T_12.2 ;
    %load/vec4 v0x555582883c50_0;
    %store/vec4 v0x55558287c280_0, 0, 64;
    %load/vec4 v0x555582883d30_0;
    %parti/s 2, 0, 2;
    %and/r;
    %flag_set/vec4 8;
    %jmp/0xz  T_12.4, 8;
    %load/vec4 v0x555582883d30_0;
    %store/vec4 v0x55558287c600_0, 0, 32;
    %jmp T_12.5;
T_12.4 ;
    %pushi/vec4 0, 0, 16;
    %load/vec4 v0x555582883d30_0;
    %parti/s 16, 0, 2;
    %concat/vec4; draw_concat_vec4
    %store/vec4 v0x55558287c600_0, 0, 32;
T_12.5 ;
    %load/vec4 v0x55558287d400_0;
    %store/vec4 v0x55558287c520_0, 0, 32;
    %load/vec4 v0x55558287d780_0;
    %store/vec4 v0x55558287c7c0_0, 0, 5;
    %load/vec4 v0x55558287d860_0;
    %store/vec4 v0x55558287c8a0_0, 0, 5;
    %load/vec4 v0x55558287d5c0_0;
    %store/vec4 v0x55558287c6e0_0, 0, 5;
T_12.3 ;
T_12.0 ;
    %jmp T_12;
    .thread T_12, $push;
    .scope S_0x5555828748f0;
T_13 ;
    %wait E_0x55558253cc00;
    %load/vec4 v0x55558287f4f0_0;
    %load/vec4 v0x55558287e0e0_0;
    %concat/vec4; draw_concat_vec4
    %load/vec4 v0x55558287e860_0;
    %concat/vec4; draw_concat_vec4
    %or/r;
    %assign/vec4 v0x5555828815b0_0, 0;
    %load/vec4 v0x55558287f4f0_0;
    %load/vec4 v0x55558287e0e0_0;
    %concat/vec4; draw_concat_vec4
    %load/vec4 v0x55558287e860_0;
    %concat/vec4; draw_concat_vec4
    %load/vec4 v0x55558287e920_0;
    %concat/vec4; draw_concat_vec4
    %load/vec4 v0x55558287dea0_0;
    %concat/vec4; draw_concat_vec4
    %load/vec4 v0x55558287dde0_0;
    %concat/vec4; draw_concat_vec4
    %load/vec4 v0x555582880630_0;
    %concat/vec4; draw_concat_vec4
    %or/r;
    %assign/vec4 v0x555582881670_0, 0;
    %load/vec4 v0x5555828800f0_0;
    %load/vec4 v0x55558287e3e0_0;
    %concat/vec4; draw_concat_vec4
    %load/vec4 v0x555582880030_0;
    %concat/vec4; draw_concat_vec4
    %or/r;
    %assign/vec4 v0x555582881a30_0, 0;
    %load/vec4 v0x5555828801b0_0;
    %load/vec4 v0x55558287e4a0_0;
    %concat/vec4; draw_concat_vec4
    %load/vec4 v0x555582880270_0;
    %concat/vec4; draw_concat_vec4
    %or/r;
    %assign/vec4 v0x555582881af0_0, 0;
    %load/vec4 v0x55558287eaa0_0;
    %load/vec4 v0x55558287f430_0;
    %concat/vec4; draw_concat_vec4
    %load/vec4 v0x55558287f5b0_0;
    %concat/vec4; draw_concat_vec4
    %or/r;
    %assign/vec4 v0x5555828814f0_0, 0;
    %load/vec4 v0x5555828811f0_0;
    %load/vec4 v0x5555828800f0_0;
    %concat/vec4; draw_concat_vec4
    %load/vec4 v0x555582880030_0;
    %concat/vec4; draw_concat_vec4
    %load/vec4 v0x5555828801b0_0;
    %concat/vec4; draw_concat_vec4
    %load/vec4 v0x555582880270_0;
    %concat/vec4; draw_concat_vec4
    %or/r;
    %assign/vec4 v0x5555828812b0_0, 0;
    %load/vec4 v0x5555828826f0_0;
    %flag_set/vec4 9;
    %flag_get/vec4 9;
    %jmp/0 T_13.2, 9;
    %load/vec4 v0x555582882870_0;
    %and;
T_13.2;
    %flag_set/vec4 8;
    %jmp/0xz  T_13.0, 8;
    %load/vec4 v0x555582883370_0;
    %parti/s 7, 0, 2;
    %pushi/vec4 55, 0, 7;
    %cmp/e;
    %flag_get/vec4 4;
    %assign/vec4 v0x55558287f4f0_0, 0;
    %load/vec4 v0x555582883370_0;
    %parti/s 7, 0, 2;
    %pushi/vec4 23, 0, 7;
    %cmp/e;
    %flag_get/vec4 4;
    %assign/vec4 v0x55558287e0e0_0, 0;
    %load/vec4 v0x555582883370_0;
    %parti/s 7, 0, 2;
    %pushi/vec4 111, 0, 7;
    %cmp/e;
    %flag_get/vec4 4;
    %assign/vec4 v0x55558287e860_0, 0;
    %load/vec4 v0x555582883370_0;
    %parti/s 7, 0, 2;
    %cmpi/e 103, 0, 7;
    %flag_get/vec4 4;
    %jmp/0 T_13.3, 4;
    %load/vec4 v0x555582883370_0;
    %parti/s 3, 12, 5;
    %pushi/vec4 0, 0, 3;
    %cmp/e;
    %flag_get/vec4 4;
    %and;
T_13.3;
    %assign/vec4 v0x55558287e920_0, 0;
    %load/vec4 v0x555582883370_0;
    %parti/s 7, 0, 2;
    %cmpi/e 11, 0, 7;
    %flag_get/vec4 4;
    %jmp/0 T_13.5, 4;
    %load/vec4 v0x555582883370_0;
    %parti/s 7, 25, 6;
    %pushi/vec4 2, 0, 7;
    %cmp/e;
    %flag_get/vec4 4;
    %and;
T_13.5;
    %flag_set/vec4 8;
    %flag_get/vec4 8;
    %jmp/0 T_13.4, 8;
    %pushi/vec4 0, 0, 1;
    %and;
T_13.4;
    %assign/vec4 v0x55558287fbb0_0, 0;
    %load/vec4 v0x555582883370_0;
    %parti/s 7, 0, 2;
    %cmpi/e 11, 0, 7;
    %flag_get/vec4 4;
    %jmp/0 T_13.7, 4;
    %load/vec4 v0x555582883370_0;
    %parti/s 7, 25, 6;
    %pushi/vec4 4, 0, 7;
    %cmp/e;
    %flag_get/vec4 4;
    %and;
T_13.7;
    %flag_set/vec4 8;
    %flag_get/vec4 8;
    %jmp/0 T_13.6, 8;
    %pushi/vec4 0, 0, 1;
    %and;
T_13.6;
    %assign/vec4 v0x555582880930_0, 0;
    %load/vec4 v0x555582883370_0;
    %parti/s 7, 0, 2;
    %pushi/vec4 99, 0, 7;
    %cmp/e;
    %flag_get/vec4 4;
    %assign/vec4 v0x5555828811f0_0, 0;
    %load/vec4 v0x555582883370_0;
    %parti/s 7, 0, 2;
    %pushi/vec4 3, 0, 7;
    %cmp/e;
    %flag_get/vec4 4;
    %assign/vec4 v0x555582881430_0, 0;
    %load/vec4 v0x555582883370_0;
    %parti/s 7, 0, 2;
    %pushi/vec4 35, 0, 7;
    %cmp/e;
    %flag_get/vec4 4;
    %assign/vec4 v0x5555828817f0_0, 0;
    %load/vec4 v0x555582883370_0;
    %parti/s 7, 0, 2;
    %pushi/vec4 19, 0, 7;
    %cmp/e;
    %flag_get/vec4 4;
    %assign/vec4 v0x555582881070_0, 0;
    %load/vec4 v0x555582883370_0;
    %parti/s 7, 0, 2;
    %pushi/vec4 51, 0, 7;
    %cmp/e;
    %flag_get/vec4 4;
    %assign/vec4 v0x555582881130_0, 0;
    %load/vec4 v0x555582883370_0;
    %parti/s 20, 12, 5;
    %concati/vec4 0, 0, 1;
    %pad/s 32;
    %split/vec4 1;
    %ix/load 5, 0, 0;
    %ix/load 4, 0, 0;
    %flag_set/imm 4, 0;
    %assign/vec4/off/d v0x55558287d4e0_0, 4, 5;
    %split/vec4 8;
    %ix/load 5, 0, 0;
    %ix/load 4, 12, 0;
    %flag_set/imm 4, 0;
    %assign/vec4/off/d v0x55558287d4e0_0, 4, 5;
    %split/vec4 1;
    %ix/load 5, 0, 0;
    %ix/load 4, 11, 0;
    %flag_set/imm 4, 0;
    %assign/vec4/off/d v0x55558287d4e0_0, 4, 5;
    %split/vec4 10;
    %ix/load 5, 0, 0;
    %ix/load 4, 1, 0;
    %flag_set/imm 4, 0;
    %assign/vec4/off/d v0x55558287d4e0_0, 4, 5;
    %ix/load 5, 0, 0;
    %ix/load 4, 20, 0;
    %flag_set/imm 4, 0;
    %assign/vec4/off/d v0x55558287d4e0_0, 4, 5;
    %load/vec4 v0x555582883370_0;
    %parti/s 5, 7, 4;
    %assign/vec4 v0x55558287d5c0_0, 0;
    %load/vec4 v0x555582883370_0;
    %parti/s 5, 15, 5;
    %assign/vec4 v0x55558287d780_0, 0;
    %load/vec4 v0x555582883370_0;
    %parti/s 5, 20, 6;
    %assign/vec4 v0x55558287d860_0, 0;
    %load/vec4 v0x555582883370_0;
    %parti/s 7, 0, 2;
    %cmpi/e 11, 0, 7;
    %flag_get/vec4 4;
    %jmp/0 T_13.12, 4;
    %load/vec4 v0x555582883370_0;
    %parti/s 7, 25, 6;
    %pushi/vec4 0, 0, 7;
    %cmp/e;
    %flag_get/vec4 4;
    %and;
T_13.12;
    %flag_set/vec4 10;
    %flag_get/vec4 10;
    %jmp/0 T_13.11, 10;
    %pushi/vec4 0, 0, 1;
    %and;
T_13.11;
    %flag_set/vec4 9;
    %flag_get/vec4 9;
    %jmp/0 T_13.10, 9;
    %pushi/vec4 0, 0, 1;
    %and;
T_13.10;
    %flag_set/vec4 8;
    %jmp/0xz  T_13.8, 8;
    %pushi/vec4 1, 0, 1;
    %ix/load 5, 0, 0;
    %ix/load 4, 4, 0;
    %flag_set/imm 4, 0;
    %assign/vec4/off/d v0x55558287d780_0, 4, 5;
T_13.8 ;
    %load/vec4 v0x555582883370_0;
    %parti/s 7, 0, 2;
    %cmpi/e 11, 0, 7;
    %flag_get/vec4 4;
    %jmp/0 T_13.16, 4;
    %load/vec4 v0x555582883370_0;
    %parti/s 7, 25, 6;
    %pushi/vec4 2, 0, 7;
    %cmp/e;
    %flag_get/vec4 4;
    %and;
T_13.16;
    %flag_set/vec4 9;
    %flag_get/vec4 9;
    %jmp/0 T_13.15, 9;
    %pushi/vec4 0, 0, 1;
    %and;
T_13.15;
    %flag_set/vec4 8;
    %jmp/0xz  T_13.13, 8;
    %pushi/vec4 3, 0, 5;
    %assign/vec4 v0x55558287d780_0, 0;
T_13.13 ;
    %pushi/vec4 0, 0, 1;
    %assign/vec4 v0x55558287b620_0, 0;
T_13.0 ;
    %load/vec4 v0x55558287dac0_0;
    %flag_set/vec4 9;
    %flag_get/vec4 9;
    %jmp/0 T_13.19, 9;
    %load/vec4 v0x55558287d940_0;
    %nor/r;
    %and;
T_13.19;
    %flag_set/vec4 8;
    %jmp/0xz  T_13.17, 8;
    %pushi/vec4 4294967295, 4294967295, 32;
    %assign/vec4 v0x5555828842f0_0, 0;
    %load/vec4 v0x5555828811f0_0;
    %flag_set/vec4 8;
    %flag_get/vec4 8;
    %jmp/0 T_13.20, 8;
    %load/vec4 v0x555582883510_0;
    %parti/s 3, 12, 5;
    %pushi/vec4 0, 0, 3;
    %cmp/e;
    %flag_get/vec4 4;
    %and;
T_13.20;
    %assign/vec4 v0x55558287e1a0_0, 0;
    %load/vec4 v0x5555828811f0_0;
    %flag_set/vec4 8;
    %flag_get/vec4 8;
    %jmp/0 T_13.21, 8;
    %load/vec4 v0x555582883510_0;
    %parti/s 3, 12, 5;
    %pushi/vec4 1, 0, 3;
    %cmp/e;
    %flag_get/vec4 4;
    %and;
T_13.21;
    %assign/vec4 v0x55558287e560_0, 0;
    %load/vec4 v0x5555828811f0_0;
    %flag_set/vec4 8;
    %flag_get/vec4 8;
    %jmp/0 T_13.22, 8;
    %load/vec4 v0x555582883510_0;
    %parti/s 3, 12, 5;
    %pushi/vec4 4, 0, 3;
    %cmp/e;
    %flag_get/vec4 4;
    %and;
T_13.22;
    %assign/vec4 v0x55558287e3e0_0, 0;
    %load/vec4 v0x5555828811f0_0;
    %flag_set/vec4 8;
    %flag_get/vec4 8;
    %jmp/0 T_13.23, 8;
    %load/vec4 v0x555582883510_0;
    %parti/s 3, 12, 5;
    %pushi/vec4 5, 0, 3;
    %cmp/e;
    %flag_get/vec4 4;
    %and;
T_13.23;
    %assign/vec4 v0x55558287e260_0, 0;
    %load/vec4 v0x5555828811f0_0;
    %flag_set/vec4 8;
    %flag_get/vec4 8;
    %jmp/0 T_13.24, 8;
    %load/vec4 v0x555582883510_0;
    %parti/s 3, 12, 5;
    %pushi/vec4 6, 0, 3;
    %cmp/e;
    %flag_get/vec4 4;
    %and;
T_13.24;
    %assign/vec4 v0x55558287e4a0_0, 0;
    %load/vec4 v0x5555828811f0_0;
    %flag_set/vec4 8;
    %flag_get/vec4 8;
    %jmp/0 T_13.25, 8;
    %load/vec4 v0x555582883510_0;
    %parti/s 3, 12, 5;
    %pushi/vec4 7, 0, 3;
    %cmp/e;
    %flag_get/vec4 4;
    %and;
T_13.25;
    %assign/vec4 v0x55558287e320_0, 0;
    %load/vec4 v0x555582881430_0;
    %flag_set/vec4 8;
    %flag_get/vec4 8;
    %jmp/0 T_13.26, 8;
    %load/vec4 v0x555582883510_0;
    %parti/s 3, 12, 5;
    %pushi/vec4 0, 0, 3;
    %cmp/e;
    %flag_get/vec4 4;
    %and;
T_13.26;
    %assign/vec4 v0x55558287e9e0_0, 0;
    %load/vec4 v0x555582881430_0;
    %flag_set/vec4 8;
    %flag_get/vec4 8;
    %jmp/0 T_13.27, 8;
    %load/vec4 v0x555582883510_0;
    %parti/s 3, 12, 5;
    %pushi/vec4 1, 0, 3;
    %cmp/e;
    %flag_get/vec4 4;
    %and;
T_13.27;
    %assign/vec4 v0x55558287f370_0, 0;
    %load/vec4 v0x555582881430_0;
    %flag_set/vec4 8;
    %flag_get/vec4 8;
    %jmp/0 T_13.28, 8;
    %load/vec4 v0x555582883510_0;
    %parti/s 3, 12, 5;
    %pushi/vec4 2, 0, 3;
    %cmp/e;
    %flag_get/vec4 4;
    %and;
T_13.28;
    %assign/vec4 v0x55558287f5b0_0, 0;
    %load/vec4 v0x555582881430_0;
    %flag_set/vec4 8;
    %flag_get/vec4 8;
    %jmp/0 T_13.29, 8;
    %load/vec4 v0x555582883510_0;
    %parti/s 3, 12, 5;
    %pushi/vec4 4, 0, 3;
    %cmp/e;
    %flag_get/vec4 4;
    %and;
T_13.29;
    %assign/vec4 v0x55558287eaa0_0, 0;
    %load/vec4 v0x555582881430_0;
    %flag_set/vec4 8;
    %flag_get/vec4 8;
    %jmp/0 T_13.30, 8;
    %load/vec4 v0x555582883510_0;
    %parti/s 3, 12, 5;
    %pushi/vec4 5, 0, 3;
    %cmp/e;
    %flag_get/vec4 4;
    %and;
T_13.30;
    %assign/vec4 v0x55558287f430_0, 0;
    %load/vec4 v0x5555828817f0_0;
    %flag_set/vec4 8;
    %flag_get/vec4 8;
    %jmp/0 T_13.31, 8;
    %load/vec4 v0x555582883510_0;
    %parti/s 3, 12, 5;
    %pushi/vec4 0, 0, 3;
    %cmp/e;
    %flag_get/vec4 4;
    %and;
T_13.31;
    %assign/vec4 v0x55558287fc70_0, 0;
    %load/vec4 v0x5555828817f0_0;
    %flag_set/vec4 8;
    %flag_get/vec4 8;
    %jmp/0 T_13.32, 8;
    %load/vec4 v0x555582883510_0;
    %parti/s 3, 12, 5;
    %pushi/vec4 1, 0, 3;
    %cmp/e;
    %flag_get/vec4 4;
    %and;
T_13.32;
    %assign/vec4 v0x55558287fdf0_0, 0;
    %load/vec4 v0x5555828817f0_0;
    %flag_set/vec4 8;
    %flag_get/vec4 8;
    %jmp/0 T_13.33, 8;
    %load/vec4 v0x555582883510_0;
    %parti/s 3, 12, 5;
    %pushi/vec4 2, 0, 3;
    %cmp/e;
    %flag_get/vec4 4;
    %and;
T_13.33;
    %assign/vec4 v0x5555828806f0_0, 0;
    %load/vec4 v0x555582881070_0;
    %flag_set/vec4 8;
    %flag_get/vec4 8;
    %jmp/0 T_13.34, 8;
    %load/vec4 v0x555582883510_0;
    %parti/s 3, 12, 5;
    %pushi/vec4 0, 0, 3;
    %cmp/e;
    %flag_get/vec4 4;
    %and;
T_13.34;
    %assign/vec4 v0x55558287dea0_0, 0;
    %load/vec4 v0x555582881070_0;
    %flag_set/vec4 8;
    %flag_get/vec4 8;
    %jmp/0 T_13.35, 8;
    %load/vec4 v0x555582883510_0;
    %parti/s 3, 12, 5;
    %pushi/vec4 2, 0, 3;
    %cmp/e;
    %flag_get/vec4 4;
    %and;
T_13.35;
    %assign/vec4 v0x5555828800f0_0, 0;
    %load/vec4 v0x555582881070_0;
    %flag_set/vec4 8;
    %flag_get/vec4 8;
    %jmp/0 T_13.36, 8;
    %load/vec4 v0x555582883510_0;
    %parti/s 3, 12, 5;
    %pushi/vec4 3, 0, 3;
    %cmp/e;
    %flag_get/vec4 4;
    %and;
T_13.36;
    %assign/vec4 v0x5555828801b0_0, 0;
    %load/vec4 v0x555582881070_0;
    %flag_set/vec4 8;
    %flag_get/vec4 8;
    %jmp/0 T_13.37, 8;
    %load/vec4 v0x555582883510_0;
    %parti/s 3, 12, 5;
    %pushi/vec4 4, 0, 3;
    %cmp/e;
    %flag_get/vec4 4;
    %and;
T_13.37;
    %assign/vec4 v0x555582880ab0_0, 0;
    %load/vec4 v0x555582881070_0;
    %flag_set/vec4 8;
    %flag_get/vec4 8;
    %jmp/0 T_13.38, 8;
    %load/vec4 v0x555582883510_0;
    %parti/s 3, 12, 5;
    %pushi/vec4 6, 0, 3;
    %cmp/e;
    %flag_get/vec4 4;
    %and;
T_13.38;
    %assign/vec4 v0x55558287f7f0_0, 0;
    %load/vec4 v0x555582881070_0;
    %flag_set/vec4 8;
    %flag_get/vec4 8;
    %jmp/0 T_13.39, 8;
    %load/vec4 v0x555582883510_0;
    %parti/s 3, 12, 5;
    %pushi/vec4 7, 0, 3;
    %cmp/e;
    %flag_get/vec4 4;
    %and;
T_13.39;
    %assign/vec4 v0x55558287e020_0, 0;
    %load/vec4 v0x555582881070_0;
    %flag_set/vec4 9;
    %flag_get/vec4 9;
    %jmp/0 T_13.41, 9;
    %load/vec4 v0x555582883510_0;
    %parti/s 3, 12, 5;
    %pushi/vec4 1, 0, 3;
    %cmp/e;
    %flag_get/vec4 4;
    %and;
T_13.41;
    %flag_set/vec4 8;
    %flag_get/vec4 8;
    %jmp/0 T_13.40, 8;
    %load/vec4 v0x555582883510_0;
    %parti/s 7, 25, 6;
    %pushi/vec4 0, 0, 7;
    %cmp/e;
    %flag_get/vec4 4;
    %and;
T_13.40;
    %assign/vec4 v0x55558287ff70_0, 0;
    %load/vec4 v0x555582881070_0;
    %flag_set/vec4 9;
    %flag_get/vec4 9;
    %jmp/0 T_13.43, 9;
    %load/vec4 v0x555582883510_0;
    %parti/s 3, 12, 5;
    %pushi/vec4 5, 0, 3;
    %cmp/e;
    %flag_get/vec4 4;
    %and;
T_13.43;
    %flag_set/vec4 8;
    %flag_get/vec4 8;
    %jmp/0 T_13.42, 8;
    %load/vec4 v0x555582883510_0;
    %parti/s 7, 25, 6;
    %pushi/vec4 0, 0, 7;
    %cmp/e;
    %flag_get/vec4 4;
    %and;
T_13.42;
    %assign/vec4 v0x555582880570_0, 0;
    %load/vec4 v0x555582881070_0;
    %flag_set/vec4 9;
    %flag_get/vec4 9;
    %jmp/0 T_13.45, 9;
    %load/vec4 v0x555582883510_0;
    %parti/s 3, 12, 5;
    %pushi/vec4 5, 0, 3;
    %cmp/e;
    %flag_get/vec4 4;
    %and;
T_13.45;
    %flag_set/vec4 8;
    %flag_get/vec4 8;
    %jmp/0 T_13.44, 8;
    %load/vec4 v0x555582883510_0;
    %parti/s 7, 25, 6;
    %pushi/vec4 32, 0, 7;
    %cmp/e;
    %flag_get/vec4 4;
    %and;
T_13.44;
    %assign/vec4 v0x5555828803f0_0, 0;
    %load/vec4 v0x555582881130_0;
    %flag_set/vec4 9;
    %flag_get/vec4 9;
    %jmp/0 T_13.47, 9;
    %load/vec4 v0x555582883510_0;
    %parti/s 3, 12, 5;
    %pushi/vec4 0, 0, 3;
    %cmp/e;
    %flag_get/vec4 4;
    %and;
T_13.47;
    %flag_set/vec4 8;
    %flag_get/vec4 8;
    %jmp/0 T_13.46, 8;
    %load/vec4 v0x555582883510_0;
    %parti/s 7, 25, 6;
    %pushi/vec4 0, 0, 7;
    %cmp/e;
    %flag_get/vec4 4;
    %and;
T_13.46;
    %assign/vec4 v0x55558287dde0_0, 0;
    %load/vec4 v0x555582881130_0;
    %flag_set/vec4 9;
    %flag_get/vec4 9;
    %jmp/0 T_13.49, 9;
    %load/vec4 v0x555582883510_0;
    %parti/s 3, 12, 5;
    %pushi/vec4 0, 0, 3;
    %cmp/e;
    %flag_get/vec4 4;
    %and;
T_13.49;
    %flag_set/vec4 8;
    %flag_get/vec4 8;
    %jmp/0 T_13.48, 8;
    %load/vec4 v0x555582883510_0;
    %parti/s 7, 25, 6;
    %pushi/vec4 32, 0, 7;
    %cmp/e;
    %flag_get/vec4 4;
    %and;
T_13.48;
    %assign/vec4 v0x555582880630_0, 0;
    %load/vec4 v0x555582881130_0;
    %flag_set/vec4 9;
    %flag_get/vec4 9;
    %jmp/0 T_13.51, 9;
    %load/vec4 v0x555582883510_0;
    %parti/s 3, 12, 5;
    %pushi/vec4 1, 0, 3;
    %cmp/e;
    %flag_get/vec4 4;
    %and;
T_13.51;
    %flag_set/vec4 8;
    %flag_get/vec4 8;
    %jmp/0 T_13.50, 8;
    %load/vec4 v0x555582883510_0;
    %parti/s 7, 25, 6;
    %pushi/vec4 0, 0, 7;
    %cmp/e;
    %flag_get/vec4 4;
    %and;
T_13.50;
    %assign/vec4 v0x55558287feb0_0, 0;
    %load/vec4 v0x555582881130_0;
    %flag_set/vec4 9;
    %flag_get/vec4 9;
    %jmp/0 T_13.53, 9;
    %load/vec4 v0x555582883510_0;
    %parti/s 3, 12, 5;
    %pushi/vec4 2, 0, 3;
    %cmp/e;
    %flag_get/vec4 4;
    %and;
T_13.53;
    %flag_set/vec4 8;
    %flag_get/vec4 8;
    %jmp/0 T_13.52, 8;
    %load/vec4 v0x555582883510_0;
    %parti/s 7, 25, 6;
    %pushi/vec4 0, 0, 7;
    %cmp/e;
    %flag_get/vec4 4;
    %and;
T_13.52;
    %assign/vec4 v0x555582880030_0, 0;
    %load/vec4 v0x555582881130_0;
    %flag_set/vec4 9;
    %flag_get/vec4 9;
    %jmp/0 T_13.55, 9;
    %load/vec4 v0x555582883510_0;
    %parti/s 3, 12, 5;
    %pushi/vec4 3, 0, 3;
    %cmp/e;
    %flag_get/vec4 4;
    %and;
T_13.55;
    %flag_set/vec4 8;
    %flag_get/vec4 8;
    %jmp/0 T_13.54, 8;
    %load/vec4 v0x555582883510_0;
    %parti/s 7, 25, 6;
    %pushi/vec4 0, 0, 7;
    %cmp/e;
    %flag_get/vec4 4;
    %and;
T_13.54;
    %assign/vec4 v0x555582880270_0, 0;
    %load/vec4 v0x555582881130_0;
    %flag_set/vec4 9;
    %flag_get/vec4 9;
    %jmp/0 T_13.57, 9;
    %load/vec4 v0x555582883510_0;
    %parti/s 3, 12, 5;
    %pushi/vec4 4, 0, 3;
    %cmp/e;
    %flag_get/vec4 4;
    %and;
T_13.57;
    %flag_set/vec4 8;
    %flag_get/vec4 8;
    %jmp/0 T_13.56, 8;
    %load/vec4 v0x555582883510_0;
    %parti/s 7, 25, 6;
    %pushi/vec4 0, 0, 7;
    %cmp/e;
    %flag_get/vec4 4;
    %and;
T_13.56;
    %assign/vec4 v0x5555828809f0_0, 0;
    %load/vec4 v0x555582881130_0;
    %flag_set/vec4 9;
    %flag_get/vec4 9;
    %jmp/0 T_13.59, 9;
    %load/vec4 v0x555582883510_0;
    %parti/s 3, 12, 5;
    %pushi/vec4 5, 0, 3;
    %cmp/e;
    %flag_get/vec4 4;
    %and;
T_13.59;
    %flag_set/vec4 8;
    %flag_get/vec4 8;
    %jmp/0 T_13.58, 8;
    %load/vec4 v0x555582883510_0;
    %parti/s 7, 25, 6;
    %pushi/vec4 0, 0, 7;
    %cmp/e;
    %flag_get/vec4 4;
    %and;
T_13.58;
    %assign/vec4 v0x5555828804b0_0, 0;
    %load/vec4 v0x555582881130_0;
    %flag_set/vec4 9;
    %flag_get/vec4 9;
    %jmp/0 T_13.61, 9;
    %load/vec4 v0x555582883510_0;
    %parti/s 3, 12, 5;
    %pushi/vec4 5, 0, 3;
    %cmp/e;
    %flag_get/vec4 4;
    %and;
T_13.61;
    %flag_set/vec4 8;
    %flag_get/vec4 8;
    %jmp/0 T_13.60, 8;
    %load/vec4 v0x555582883510_0;
    %parti/s 7, 25, 6;
    %pushi/vec4 32, 0, 7;
    %cmp/e;
    %flag_get/vec4 4;
    %and;
T_13.60;
    %assign/vec4 v0x555582880330_0, 0;
    %load/vec4 v0x555582881130_0;
    %flag_set/vec4 9;
    %flag_get/vec4 9;
    %jmp/0 T_13.63, 9;
    %load/vec4 v0x555582883510_0;
    %parti/s 3, 12, 5;
    %pushi/vec4 6, 0, 3;
    %cmp/e;
    %flag_get/vec4 4;
    %and;
T_13.63;
    %flag_set/vec4 8;
    %flag_get/vec4 8;
    %jmp/0 T_13.62, 8;
    %load/vec4 v0x555582883510_0;
    %parti/s 7, 25, 6;
    %pushi/vec4 0, 0, 7;
    %cmp/e;
    %flag_get/vec4 4;
    %and;
T_13.62;
    %assign/vec4 v0x55558287f730_0, 0;
    %load/vec4 v0x555582881130_0;
    %flag_set/vec4 9;
    %flag_get/vec4 9;
    %jmp/0 T_13.65, 9;
    %load/vec4 v0x555582883510_0;
    %parti/s 3, 12, 5;
    %pushi/vec4 7, 0, 3;
    %cmp/e;
    %flag_get/vec4 4;
    %and;
T_13.65;
    %flag_set/vec4 8;
    %flag_get/vec4 8;
    %jmp/0 T_13.64, 8;
    %load/vec4 v0x555582883510_0;
    %parti/s 7, 25, 6;
    %pushi/vec4 0, 0, 7;
    %cmp/e;
    %flag_get/vec4 4;
    %and;
T_13.64;
    %assign/vec4 v0x55558287df60_0, 0;
    %load/vec4 v0x555582883510_0;
    %parti/s 7, 0, 2;
    %cmpi/e 115, 0, 7;
    %flag_get/vec4 4;
    %jmp/0 T_13.68, 4;
    %load/vec4 v0x555582883510_0;
    %parti/s 20, 12, 5;
    %pad/u 32;
    %pushi/vec4 786434, 0, 32;
    %cmp/e;
    %flag_get/vec4 4;
    %and;
T_13.68;
    %flag_set/vec4 8;
    %jmp/1 T_13.67, 8;
    %load/vec4 v0x555582883510_0;
    %parti/s 7, 0, 2;
    %cmpi/e 115, 0, 7;
    %flag_get/vec4 4;
    %jmp/0 T_13.69, 4;
    %load/vec4 v0x555582883510_0;
    %parti/s 20, 12, 5;
    %pad/u 32;
    %pushi/vec4 786690, 0, 32;
    %cmp/e;
    %flag_get/vec4 4;
    %and;
T_13.69;
    %flag_set/vec4 9;
    %flag_or 8, 9;
T_13.67;
    %flag_get/vec4 8;
    %jmp/0 T_13.66, 8;
    %pushi/vec4 1, 0, 1;
    %and;
T_13.66;
    %assign/vec4 v0x55558287f8b0_0, 0;
    %load/vec4 v0x555582883510_0;
    %parti/s 7, 0, 2;
    %cmpi/e 115, 0, 7;
    %flag_get/vec4 4;
    %jmp/0 T_13.73, 4;
    %load/vec4 v0x555582883510_0;
    %parti/s 20, 12, 5;
    %pad/u 32;
    %pushi/vec4 819202, 0, 32;
    %cmp/e;
    %flag_get/vec4 4;
    %and;
T_13.73;
    %flag_set/vec4 9;
    %jmp/1 T_13.72, 9;
    %load/vec4 v0x555582883510_0;
    %parti/s 7, 0, 2;
    %cmpi/e 115, 0, 7;
    %flag_get/vec4 4;
    %jmp/0 T_13.74, 4;
    %load/vec4 v0x555582883510_0;
    %parti/s 20, 12, 5;
    %pad/u 32;
    %pushi/vec4 819458, 0, 32;
    %cmp/e;
    %flag_get/vec4 4;
    %and;
T_13.74;
    %flag_set/vec4 10;
    %flag_or 9, 10;
T_13.72;
    %flag_get/vec4 9;
    %jmp/0 T_13.71, 9;
    %pushi/vec4 1, 0, 1;
    %and;
T_13.71;
    %flag_set/vec4 8;
    %flag_get/vec4 8;
    %jmp/0 T_13.70, 8;
    %pushi/vec4 0, 0, 1;
    %and;
T_13.70;
    %assign/vec4 v0x55558287f970_0, 0;
    %load/vec4 v0x555582883510_0;
    %parti/s 7, 0, 2;
    %cmpi/e 115, 0, 7;
    %flag_get/vec4 4;
    %jmp/0 T_13.76, 4;
    %load/vec4 v0x555582883510_0;
    %parti/s 20, 12, 5;
    %pad/u 32;
    %pushi/vec4 786946, 0, 32;
    %cmp/e;
    %flag_get/vec4 4;
    %and;
T_13.76;
    %flag_set/vec4 8;
    %flag_get/vec4 8;
    %jmp/0 T_13.75, 8;
    %pushi/vec4 1, 0, 1;
    %and;
T_13.75;
    %assign/vec4 v0x55558287fa30_0, 0;
    %load/vec4 v0x555582883510_0;
    %parti/s 7, 0, 2;
    %cmpi/e 115, 0, 7;
    %flag_get/vec4 4;
    %jmp/0 T_13.79, 4;
    %load/vec4 v0x555582883510_0;
    %parti/s 20, 12, 5;
    %pad/u 32;
    %pushi/vec4 819714, 0, 32;
    %cmp/e;
    %flag_get/vec4 4;
    %and;
T_13.79;
    %flag_set/vec4 9;
    %flag_get/vec4 9;
    %jmp/0 T_13.78, 9;
    %pushi/vec4 1, 0, 1;
    %and;
T_13.78;
    %flag_set/vec4 8;
    %flag_get/vec4 8;
    %jmp/0 T_13.77, 8;
    %pushi/vec4 0, 0, 1;
    %and;
T_13.77;
    %assign/vec4 v0x55558287faf0_0, 0;
    %load/vec4 v0x555582883510_0;
    %parti/s 7, 0, 2;
    %cmpi/e 115, 0, 7;
    %flag_get/vec4 4;
    %jmp/0 T_13.82, 4;
    %load/vec4 v0x555582883510_0;
    %parti/s 11, 21, 6;
    %nor/r;
    %and;
T_13.82;
    %flag_set/vec4 9;
    %flag_get/vec4 9;
    %jmp/0 T_13.81, 9;
    %load/vec4 v0x555582883510_0;
    %parti/s 13, 7, 4;
    %nor/r;
    %and;
T_13.81;
    %flag_set/vec4 8;
    %flag_get/vec4 8;
    %jmp/1 T_13.80, 8;
    %pushi/vec4 0, 0, 1;
    %or;
T_13.80;
    %assign/vec4 v0x55558287e620_0, 0;
    %load/vec4 v0x555582883510_0;
    %parti/s 7, 0, 2;
    %cmpi/e 15, 0, 7;
    %flag_get/vec4 4;
    %jmp/0 T_13.83, 4;
    %load/vec4 v0x555582883510_0;
    %parti/s 3, 12, 5;
    %nor/r;
    %and;
T_13.83;
    %assign/vec4 v0x55558287e6e0_0, 0;
    %load/vec4 v0x555582883510_0;
    %parti/s 7, 0, 2;
    %cmpi/e 11, 0, 7;
    %flag_get/vec4 4;
    %jmp/0 T_13.86, 4;
    %load/vec4 v0x555582883510_0;
    %parti/s 7, 25, 6;
    %pushi/vec4 0, 0, 7;
    %cmp/e;
    %flag_get/vec4 4;
    %and;
T_13.86;
    %flag_set/vec4 9;
    %flag_get/vec4 9;
    %jmp/0 T_13.85, 9;
    %pushi/vec4 0, 0, 1;
    %and;
T_13.85;
    %flag_set/vec4 8;
    %flag_get/vec4 8;
    %jmp/0 T_13.84, 8;
    %pushi/vec4 0, 0, 1;
    %and;
T_13.84;
    %assign/vec4 v0x55558287e7a0_0, 0;
    %load/vec4 v0x555582883510_0;
    %parti/s 7, 0, 2;
    %cmpi/e 11, 0, 7;
    %flag_get/vec4 4;
    %jmp/0 T_13.89, 4;
    %load/vec4 v0x555582883510_0;
    %parti/s 7, 25, 6;
    %pushi/vec4 1, 0, 7;
    %cmp/e;
    %flag_get/vec4 4;
    %and;
T_13.89;
    %flag_set/vec4 9;
    %flag_get/vec4 9;
    %jmp/0 T_13.88, 9;
    %pushi/vec4 0, 0, 1;
    %and;
T_13.88;
    %flag_set/vec4 8;
    %flag_get/vec4 8;
    %jmp/0 T_13.87, 8;
    %pushi/vec4 0, 0, 1;
    %and;
T_13.87;
    %assign/vec4 v0x55558287fd30_0, 0;
    %load/vec4 v0x555582883510_0;
    %parti/s 7, 0, 2;
    %cmpi/e 11, 0, 7;
    %flag_get/vec4 4;
    %jmp/0 T_13.91, 4;
    %load/vec4 v0x555582883510_0;
    %parti/s 7, 25, 6;
    %pushi/vec4 3, 0, 7;
    %cmp/e;
    %flag_get/vec4 4;
    %and;
T_13.91;
    %flag_set/vec4 8;
    %flag_get/vec4 8;
    %jmp/0 T_13.90, 8;
    %pushi/vec4 0, 0, 1;
    %and;
T_13.90;
    %assign/vec4 v0x55558287f670_0, 0;
    %load/vec4 v0x555582883510_0;
    %parti/s 7, 0, 2;
    %cmpi/e 11, 0, 7;
    %flag_get/vec4 4;
    %jmp/0 T_13.94, 4;
    %load/vec4 v0x555582883510_0;
    %parti/s 7, 25, 6;
    %pushi/vec4 5, 0, 7;
    %cmp/e;
    %flag_get/vec4 4;
    %and;
T_13.94;
    %flag_set/vec4 9;
    %flag_get/vec4 9;
    %jmp/0 T_13.93, 9;
    %pushi/vec4 0, 0, 1;
    %and;
T_13.93;
    %flag_set/vec4 8;
    %flag_get/vec4 8;
    %jmp/0 T_13.92, 8;
    %pushi/vec4 0, 0, 1;
    %and;
T_13.92;
    %assign/vec4 v0x5555828807b0_0, 0;
    %load/vec4 v0x555582881070_0;
    %flag_set/vec4 8;
    %flag_get/vec4 8;
    %jmp/0 T_13.95, 8;
    %load/vec4 v0x555582883510_0;
    %parti/s 3, 12, 5;
    %cmpi/e 1, 0, 3;
    %flag_get/vec4 4;
    %jmp/0 T_13.96, 4;
    %load/vec4 v0x555582883510_0;
    %parti/s 7, 25, 6;
    %pushi/vec4 0, 0, 7;
    %cmp/e;
    %flag_get/vec4 4;
    %and;
T_13.96;
    %load/vec4 v0x555582883510_0;
    %parti/s 3, 12, 5;
    %cmpi/e 5, 0, 3;
    %flag_get/vec4 4;
    %jmp/0 T_13.97, 4;
    %load/vec4 v0x555582883510_0;
    %parti/s 7, 25, 6;
    %pushi/vec4 0, 0, 7;
    %cmp/e;
    %flag_get/vec4 4;
    %and;
T_13.97;
    %concat/vec4; draw_concat_vec4
    %load/vec4 v0x555582883510_0;
    %parti/s 3, 12, 5;
    %cmpi/e 5, 0, 3;
    %flag_get/vec4 4;
    %jmp/0 T_13.98, 4;
    %load/vec4 v0x555582883510_0;
    %parti/s 7, 25, 6;
    %pushi/vec4 32, 0, 7;
    %cmp/e;
    %flag_get/vec4 4;
    %and;
T_13.98;
    %concat/vec4; draw_concat_vec4
    %or/r;
    %and;
T_13.95;
    %assign/vec4 v0x555582881970_0, 0;
    %load/vec4 v0x55558287e920_0;
    %flag_set/vec4 8;
    %flag_get/vec4 8;
    %jmp/1 T_13.99, 8;
    %load/vec4 v0x555582881070_0;
    %flag_set/vec4 8;
    %flag_get/vec4 8;
    %jmp/0 T_13.100, 8;
    %load/vec4 v0x555582883510_0;
    %parti/s 3, 12, 5;
    %pushi/vec4 0, 0, 3;
    %cmp/e;
    %flag_get/vec4 4;
    %load/vec4 v0x555582883510_0;
    %parti/s 3, 12, 5;
    %pushi/vec4 2, 0, 3;
    %cmp/e;
    %flag_get/vec4 4;
    %concat/vec4; draw_concat_vec4
    %load/vec4 v0x555582883510_0;
    %parti/s 3, 12, 5;
    %pushi/vec4 3, 0, 3;
    %cmp/e;
    %flag_get/vec4 4;
    %concat/vec4; draw_concat_vec4
    %load/vec4 v0x555582883510_0;
    %parti/s 3, 12, 5;
    %pushi/vec4 4, 0, 3;
    %cmp/e;
    %flag_get/vec4 4;
    %concat/vec4; draw_concat_vec4
    %load/vec4 v0x555582883510_0;
    %parti/s 3, 12, 5;
    %pushi/vec4 6, 0, 3;
    %cmp/e;
    %flag_get/vec4 4;
    %concat/vec4; draw_concat_vec4
    %load/vec4 v0x555582883510_0;
    %parti/s 3, 12, 5;
    %pushi/vec4 7, 0, 3;
    %cmp/e;
    %flag_get/vec4 4;
    %concat/vec4; draw_concat_vec4
    %or/r;
    %and;
T_13.100;
    %or;
T_13.99;
    %assign/vec4 v0x555582881370_0, 0;
    %load/vec4 v0x555582881130_0;
    %flag_set/vec4 8;
    %flag_get/vec4 8;
    %jmp/0 T_13.101, 8;
    %load/vec4 v0x555582883510_0;
    %parti/s 3, 12, 5;
    %cmpi/e 1, 0, 3;
    %flag_get/vec4 4;
    %jmp/0 T_13.102, 4;
    %load/vec4 v0x555582883510_0;
    %parti/s 7, 25, 6;
    %pushi/vec4 0, 0, 7;
    %cmp/e;
    %flag_get/vec4 4;
    %and;
T_13.102;
    %load/vec4 v0x555582883510_0;
    %parti/s 3, 12, 5;
    %cmpi/e 5, 0, 3;
    %flag_get/vec4 4;
    %jmp/0 T_13.103, 4;
    %load/vec4 v0x555582883510_0;
    %parti/s 7, 25, 6;
    %pushi/vec4 0, 0, 7;
    %cmp/e;
    %flag_get/vec4 4;
    %and;
T_13.103;
    %concat/vec4; draw_concat_vec4
    %load/vec4 v0x555582883510_0;
    %parti/s 3, 12, 5;
    %cmpi/e 5, 0, 3;
    %flag_get/vec4 4;
    %jmp/0 T_13.104, 4;
    %load/vec4 v0x555582883510_0;
    %parti/s 7, 25, 6;
    %pushi/vec4 32, 0, 7;
    %cmp/e;
    %flag_get/vec4 4;
    %and;
T_13.104;
    %concat/vec4; draw_concat_vec4
    %or/r;
    %and;
T_13.101;
    %assign/vec4 v0x5555828818b0_0, 0;
    %pushi/vec4 0, 0, 1;
    %assign/vec4 v0x555582881670_0, 0;
    %pushi/vec4 0, 0, 1;
    %assign/vec4 v0x5555828812b0_0, 0;
    %pushi/vec4 1, 0, 1;
    %dup/vec4;
    %load/vec4 v0x55558287e860_0;
    %cmp/u;
    %jmp/1 T_13.105, 6;
    %dup/vec4;
    %load/vec4 v0x55558287f4f0_0;
    %load/vec4 v0x55558287e0e0_0;
    %concat/vec4; draw_concat_vec4
    %or/r;
    %cmp/u;
    %jmp/1 T_13.106, 6;
    %dup/vec4;
    %load/vec4 v0x55558287e920_0;
    %load/vec4 v0x555582881430_0;
    %concat/vec4; draw_concat_vec4
    %load/vec4 v0x555582881070_0;
    %concat/vec4; draw_concat_vec4
    %or/r;
    %cmp/u;
    %jmp/1 T_13.107, 6;
    %dup/vec4;
    %load/vec4 v0x5555828811f0_0;
    %cmp/u;
    %jmp/1 T_13.108, 6;
    %dup/vec4;
    %load/vec4 v0x5555828817f0_0;
    %cmp/u;
    %jmp/1 T_13.109, 6;
    %pushi/vec4 1, 1, 32;
    %assign/vec4 v0x55558287d400_0, 0;
    %jmp T_13.111;
T_13.105 ;
    %load/vec4 v0x55558287d4e0_0;
    %assign/vec4 v0x55558287d400_0, 0;
    %jmp T_13.111;
T_13.106 ;
    %load/vec4 v0x555582883510_0;
    %parti/s 20, 12, 5;
    %pad/u 32;
    %ix/load 4, 12, 0;
    %flag_set/imm 4, 0;
    %shiftl 4;
    %assign/vec4 v0x55558287d400_0, 0;
    %jmp T_13.111;
T_13.107 ;
    %load/vec4 v0x555582883510_0;
    %parti/s 12, 20, 6;
    %pad/s 32;
    %assign/vec4 v0x55558287d400_0, 0;
    %jmp T_13.111;
T_13.108 ;
    %load/vec4 v0x555582883510_0;
    %parti/s 1, 31, 6;
    %load/vec4 v0x555582883510_0;
    %parti/s 1, 7, 4;
    %concat/vec4; draw_concat_vec4
    %load/vec4 v0x555582883510_0;
    %parti/s 6, 25, 6;
    %concat/vec4; draw_concat_vec4
    %load/vec4 v0x555582883510_0;
    %parti/s 4, 8, 5;
    %concat/vec4; draw_concat_vec4
    %concati/vec4 0, 0, 1;
    %pad/s 32;
    %assign/vec4 v0x55558287d400_0, 0;
    %jmp T_13.111;
T_13.109 ;
    %load/vec4 v0x555582883510_0;
    %parti/s 7, 25, 6;
    %load/vec4 v0x555582883510_0;
    %parti/s 5, 7, 4;
    %concat/vec4; draw_concat_vec4
    %pad/s 32;
    %assign/vec4 v0x55558287d400_0, 0;
    %jmp T_13.111;
T_13.111 ;
    %pop/vec4 1;
T_13.17 ;
    %load/vec4 v0x55558287efe0_0;
    %nor/r;
    %flag_set/vec4 8;
    %jmp/0xz  T_13.112, 8;
    %pushi/vec4 0, 0, 1;
    %assign/vec4 v0x5555828811f0_0, 0;
    %pushi/vec4 0, 0, 1;
    %assign/vec4 v0x5555828812b0_0, 0;
    %pushi/vec4 0, 0, 1;
    %assign/vec4 v0x55558287e1a0_0, 0;
    %pushi/vec4 0, 0, 1;
    %assign/vec4 v0x55558287e560_0, 0;
    %pushi/vec4 0, 0, 1;
    %assign/vec4 v0x55558287e3e0_0, 0;
    %pushi/vec4 0, 0, 1;
    %assign/vec4 v0x55558287e260_0, 0;
    %pushi/vec4 0, 0, 1;
    %assign/vec4 v0x55558287e4a0_0, 0;
    %pushi/vec4 0, 0, 1;
    %assign/vec4 v0x55558287e320_0, 0;
    %pushi/vec4 0, 0, 1;
    %assign/vec4 v0x55558287dea0_0, 0;
    %pushi/vec4 0, 0, 1;
    %assign/vec4 v0x5555828800f0_0, 0;
    %pushi/vec4 0, 0, 1;
    %assign/vec4 v0x5555828801b0_0, 0;
    %pushi/vec4 0, 0, 1;
    %assign/vec4 v0x555582880ab0_0, 0;
    %pushi/vec4 0, 0, 1;
    %assign/vec4 v0x55558287f7f0_0, 0;
    %pushi/vec4 0, 0, 1;
    %assign/vec4 v0x55558287e020_0, 0;
    %pushi/vec4 0, 0, 1;
    %assign/vec4 v0x55558287dde0_0, 0;
    %pushi/vec4 0, 0, 1;
    %assign/vec4 v0x555582880630_0, 0;
    %pushi/vec4 0, 0, 1;
    %assign/vec4 v0x55558287feb0_0, 0;
    %pushi/vec4 0, 0, 1;
    %assign/vec4 v0x555582880030_0, 0;
    %pushi/vec4 0, 0, 1;
    %assign/vec4 v0x555582880270_0, 0;
    %pushi/vec4 0, 0, 1;
    %assign/vec4 v0x5555828809f0_0, 0;
    %pushi/vec4 0, 0, 1;
    %assign/vec4 v0x5555828804b0_0, 0;
    %pushi/vec4 0, 0, 1;
    %assign/vec4 v0x555582880330_0, 0;
    %pushi/vec4 0, 0, 1;
    %assign/vec4 v0x55558287f730_0, 0;
    %pushi/vec4 0, 0, 1;
    %assign/vec4 v0x55558287df60_0, 0;
    %pushi/vec4 0, 0, 1;
    %assign/vec4 v0x55558287e6e0_0, 0;
T_13.112 ;
    %jmp T_13;
    .thread T_13;
    .scope S_0x5555828748f0;
T_14 ;
Ewait_5 .event/or E_0x555582877210, E_0x0;
    %wait Ewait_5;
    %pushi/vec4 0, 0, 32; draw_string_vec4
    %pushi/vec4 0, 0, 32; draw_string_vec4
    %concat/vec4; draw_string_vec4
    %pushi/vec4 0, 0, 32; draw_string_vec4
    %concat/vec4; draw_string_vec4
    %pushi/vec4 0, 0, 32; draw_string_vec4
    %concat/vec4; draw_string_vec4
    %store/vec4 v0x55558287c360_0, 0, 128;
    %load/vec4 v0x55558287b8a0_0;
    %cmpi/e 128, 0, 8;
    %jmp/0xz  T_14.0, 4;
    %pushi/vec4 0, 0, 32; draw_string_vec4
    %pushi/vec4 0, 0, 32; draw_string_vec4
    %concat/vec4; draw_string_vec4
    %pushi/vec4 0, 0, 32; draw_string_vec4
    %concat/vec4; draw_string_vec4
    %pushi/vec4 1953653104, 0, 32; draw_string_vec4
    %concat/vec4; draw_string_vec4
    %store/vec4 v0x55558287c360_0, 0, 128;
T_14.0 ;
    %load/vec4 v0x55558287b8a0_0;
    %cmpi/e 64, 0, 8;
    %jmp/0xz  T_14.2, 4;
    %pushi/vec4 0, 0, 32; draw_string_vec4
    %pushi/vec4 0, 0, 32; draw_string_vec4
    %concat/vec4; draw_string_vec4
    %pushi/vec4 102, 0, 32; draw_string_vec4
    %concat/vec4; draw_string_vec4
    %pushi/vec4 1702126440, 0, 32; draw_string_vec4
    %concat/vec4; draw_string_vec4
    %store/vec4 v0x55558287c360_0, 0, 128;
T_14.2 ;
    %load/vec4 v0x55558287b8a0_0;
    %cmpi/e 32, 0, 8;
    %jmp/0xz  T_14.4, 4;
    %pushi/vec4 0, 0, 32; draw_string_vec4
    %pushi/vec4 0, 0, 32; draw_string_vec4
    %concat/vec4; draw_string_vec4
    %pushi/vec4 27748, 0, 32; draw_string_vec4
    %concat/vec4; draw_string_vec4
    %pushi/vec4 1601336113, 0, 32; draw_string_vec4
    %concat/vec4; draw_string_vec4
    %store/vec4 v0x55558287c360_0, 0, 128;
T_14.4 ;
    %load/vec4 v0x55558287b8a0_0;
    %cmpi/e 16, 0, 8;
    %jmp/0xz  T_14.6, 4;
    %pushi/vec4 0, 0, 32; draw_string_vec4
    %pushi/vec4 0, 0, 32; draw_string_vec4
    %concat/vec4; draw_string_vec4
    %pushi/vec4 27748, 0, 32; draw_string_vec4
    %concat/vec4; draw_string_vec4
    %pushi/vec4 1601336114, 0, 32; draw_string_vec4
    %concat/vec4; draw_string_vec4
    %store/vec4 v0x55558287c360_0, 0, 128;
T_14.6 ;
    %load/vec4 v0x55558287b8a0_0;
    %cmpi/e 8, 0, 8;
    %jmp/0xz  T_14.8, 4;
    %pushi/vec4 0, 0, 32; draw_string_vec4
    %pushi/vec4 0, 0, 32; draw_string_vec4
    %concat/vec4; draw_string_vec4
    %pushi/vec4 0, 0, 32; draw_string_vec4
    %concat/vec4; draw_string_vec4
    %pushi/vec4 1702389091, 0, 32; draw_string_vec4
    %concat/vec4; draw_string_vec4
    %store/vec4 v0x55558287c360_0, 0, 128;
T_14.8 ;
    %load/vec4 v0x55558287b8a0_0;
    %cmpi/e 4, 0, 8;
    %jmp/0xz  T_14.10, 4;
    %pushi/vec4 0, 0, 32; draw_string_vec4
    %pushi/vec4 0, 0, 32; draw_string_vec4
    %concat/vec4; draw_string_vec4
    %pushi/vec4 115, 0, 32; draw_string_vec4
    %concat/vec4; draw_string_vec4
    %pushi/vec4 1751737972, 0, 32; draw_string_vec4
    %concat/vec4; draw_string_vec4
    %store/vec4 v0x55558287c360_0, 0, 128;
T_14.10 ;
    %load/vec4 v0x55558287b8a0_0;
    %cmpi/e 2, 0, 8;
    %jmp/0xz  T_14.12, 4;
    %pushi/vec4 0, 0, 32; draw_string_vec4
    %pushi/vec4 0, 0, 32; draw_string_vec4
    %concat/vec4; draw_string_vec4
    %pushi/vec4 115, 0, 32; draw_string_vec4
    %concat/vec4; draw_string_vec4
    %pushi/vec4 1953326445, 0, 32; draw_string_vec4
    %concat/vec4; draw_string_vec4
    %store/vec4 v0x55558287c360_0, 0, 128;
T_14.12 ;
    %load/vec4 v0x55558287b8a0_0;
    %cmpi/e 1, 0, 8;
    %jmp/0xz  T_14.14, 4;
    %pushi/vec4 0, 0, 32; draw_string_vec4
    %pushi/vec4 0, 0, 32; draw_string_vec4
    %concat/vec4; draw_string_vec4
    %pushi/vec4 108, 0, 32; draw_string_vec4
    %concat/vec4; draw_string_vec4
    %pushi/vec4 1684890989, 0, 32; draw_string_vec4
    %concat/vec4; draw_string_vec4
    %store/vec4 v0x55558287c360_0, 0, 128;
T_14.14 ;
    %jmp T_14;
    .thread T_14, $push;
    .scope S_0x5555828748f0;
T_15 ;
Ewait_6 .event/or E_0x5555828770e0, E_0x0;
    %wait Ewait_6;
    %pushi/vec4 1, 1, 1;
    %store/vec4 v0x55558287a920_0, 0, 1;
    %pushi/vec4 1, 0, 1;
    %dup/vec4;
    %load/vec4 v0x55558287e1a0_0;
    %cmp/u;
    %jmp/1 T_15.0, 6;
    %dup/vec4;
    %load/vec4 v0x55558287e560_0;
    %cmp/u;
    %jmp/1 T_15.1, 6;
    %dup/vec4;
    %load/vec4 v0x55558287e260_0;
    %cmp/u;
    %jmp/1 T_15.2, 6;
    %dup/vec4;
    %load/vec4 v0x55558287e320_0;
    %cmp/u;
    %jmp/1 T_15.3, 6;
    %dup/vec4;
    %load/vec4 v0x555582881a30_0;
    %flag_set/vec4 8;
    %flag_get/vec4 8;
    %jmp/0 T_15.7, 8;
    %pushi/vec4 1, 0, 1;
    %and;
T_15.7;
    %cmp/u;
    %jmp/1 T_15.4, 6;
    %dup/vec4;
    %load/vec4 v0x555582881af0_0;
    %flag_set/vec4 8;
    %flag_get/vec4 8;
    %jmp/0 T_15.8, 8;
    %pushi/vec4 1, 0, 1;
    %and;
T_15.8;
    %cmp/u;
    %jmp/1 T_15.5, 6;
    %jmp T_15.6;
T_15.0 ;
    %load/vec4 v0x55558287a600_0;
    %store/vec4 v0x55558287a920_0, 0, 1;
    %jmp T_15.6;
T_15.1 ;
    %load/vec4 v0x55558287a600_0;
    %nor/r;
    %store/vec4 v0x55558287a920_0, 0, 1;
    %jmp T_15.6;
T_15.2 ;
    %load/vec4 v0x55558287a6c0_0;
    %nor/r;
    %store/vec4 v0x55558287a920_0, 0, 1;
    %jmp T_15.6;
T_15.3 ;
    %load/vec4 v0x55558287a780_0;
    %nor/r;
    %store/vec4 v0x55558287a920_0, 0, 1;
    %jmp T_15.6;
T_15.4 ;
    %load/vec4 v0x55558287a6c0_0;
    %store/vec4 v0x55558287a920_0, 0, 1;
    %jmp T_15.6;
T_15.5 ;
    %load/vec4 v0x55558287a780_0;
    %store/vec4 v0x55558287a920_0, 0, 1;
    %jmp T_15.6;
T_15.6 ;
    %pop/vec4 1;
    %pushi/vec4 4294967295, 4294967295, 32;
    %store/vec4 v0x55558287a840_0, 0, 32;
    %pushi/vec4 1, 0, 1;
    %dup/vec4;
    %load/vec4 v0x555582881670_0;
    %cmp/u;
    %jmp/1 T_15.9, 6;
    %dup/vec4;
    %load/vec4 v0x5555828812b0_0;
    %cmp/u;
    %jmp/1 T_15.10, 6;
    %dup/vec4;
    %load/vec4 v0x555582880ab0_0;
    %flag_set/vec4 8;
    %flag_get/vec4 8;
    %jmp/1 T_15.17, 8;
    %load/vec4 v0x5555828809f0_0;
    %or;
T_15.17;
    %cmp/u;
    %jmp/1 T_15.11, 6;
    %dup/vec4;
    %load/vec4 v0x55558287f7f0_0;
    %flag_set/vec4 8;
    %flag_get/vec4 8;
    %jmp/1 T_15.18, 8;
    %load/vec4 v0x55558287f730_0;
    %or;
T_15.18;
    %cmp/u;
    %jmp/1 T_15.12, 6;
    %dup/vec4;
    %load/vec4 v0x55558287e020_0;
    %flag_set/vec4 8;
    %flag_get/vec4 8;
    %jmp/1 T_15.19, 8;
    %load/vec4 v0x55558287df60_0;
    %or;
T_15.19;
    %cmp/u;
    %jmp/1 T_15.13, 6;
    %dup/vec4;
    %pushi/vec4 0, 0, 1;
    %cmp/u;
    %jmp/1 T_15.14, 6;
    %dup/vec4;
    %pushi/vec4 0, 0, 1;
    %cmp/u;
    %jmp/1 T_15.15, 6;
    %jmp T_15.16;
T_15.9 ;
    %load/vec4 v0x55558287a520_0;
    %store/vec4 v0x55558287a840_0, 0, 32;
    %jmp T_15.16;
T_15.10 ;
    %load/vec4 v0x55558287a920_0;
    %pad/u 32;
    %store/vec4 v0x55558287a840_0, 0, 32;
    %jmp T_15.16;
T_15.11 ;
    %load/vec4 v0x55558287eb80_0;
    %load/vec4 v0x55558287ec60_0;
    %xor;
    %store/vec4 v0x55558287a840_0, 0, 32;
    %jmp T_15.16;
T_15.12 ;
    %load/vec4 v0x55558287eb80_0;
    %load/vec4 v0x55558287ec60_0;
    %or;
    %store/vec4 v0x55558287a840_0, 0, 32;
    %jmp T_15.16;
T_15.13 ;
    %load/vec4 v0x55558287eb80_0;
    %load/vec4 v0x55558287ec60_0;
    %and;
    %store/vec4 v0x55558287a840_0, 0, 32;
    %jmp T_15.16;
T_15.14 ;
    %load/vec4 v0x55558287ab80_0;
    %store/vec4 v0x55558287a840_0, 0, 32;
    %jmp T_15.16;
T_15.15 ;
    %load/vec4 v0x55558287ac60_0;
    %store/vec4 v0x55558287a840_0, 0, 32;
    %jmp T_15.16;
T_15.16 ;
    %pop/vec4 1;
    %jmp T_15;
    .thread T_15, $push;
    .scope S_0x5555828748f0;
T_16 ;
    %wait E_0x55558253cc00;
    %load/vec4 v0x55558287b400_0;
    %assign/vec4 v0x55558287b4c0_0, 0;
    %jmp T_16;
    .thread T_16;
    .scope S_0x5555828748f0;
T_17 ;
Ewait_7 .event/or E_0x555582877070, E_0x0;
    %wait Ewait_7;
    %load/vec4 v0x55558287b4c0_0;
    %store/vec4 v0x55558287b400_0, 0, 1;
    %load/vec4 v0x555582885070_0;
    %nor/r;
    %flag_set/vec4 8;
    %jmp/0xz  T_17.0, 8;
    %pushi/vec4 0, 0, 1;
    %store/vec4 v0x55558287b400_0, 0, 1;
T_17.0 ;
    %load/vec4 v0x555582881c70_0;
    %flag_set/vec4 8;
    %jmp/1 T_17.5, 8;
    %load/vec4 v0x555582880f90_0;
    %cmpi/ne 0, 0, 2;
    %flag_or 8, 4;
T_17.5;
    %jmp/1 T_17.4, 8;
    %load/vec4 v0x55558287efe0_0;
    %nor/r;
    %flag_set/vec4 9;
    %flag_or 8, 9;
T_17.4;
    %jmp/0xz  T_17.2, 8;
    %pushi/vec4 0, 0, 1;
    %store/vec4 v0x55558287b400_0, 0, 1;
T_17.2 ;
    %jmp T_17;
    .thread T_17, $push;
    .scope S_0x5555828748f0;
T_18 ;
Ewait_8 .event/or E_0x555582876fd0, E_0x0;
    %wait Ewait_8;
    %pushi/vec4 0, 0, 1;
    %store/vec4 v0x55558287c0e0_0, 0, 1;
    %pushi/vec4 4294967295, 4294967295, 32;
    %store/vec4 v0x55558287c000_0, 0, 32;
    %load/vec4 v0x55558287b8a0_0;
    %cmpi/e 64, 0, 8;
    %jmp/0xz  T_18.0, 4;
    %pushi/vec4 1, 0, 1;
    %dup/vec4;
    %load/vec4 v0x555582881c70_0;
    %cmp/u;
    %jmp/1 T_18.2, 6;
    %dup/vec4;
    %load/vec4 v0x5555828821d0_0;
    %flag_set/vec4 8;
    %flag_get/vec4 8;
    %jmp/0 T_18.7, 8;
    %load/vec4 v0x555582881c70_0;
    %nor/r;
    %and;
T_18.7;
    %cmp/u;
    %jmp/1 T_18.3, 6;
    %dup/vec4;
    %pushi/vec4 0, 0, 1;
    %cmp/u;
    %jmp/1 T_18.4, 6;
    %dup/vec4;
    %pushi/vec4 0, 0, 1;
    %cmp/u;
    %jmp/1 T_18.5, 6;
    %jmp T_18.6;
T_18.2 ;
    %load/vec4 v0x55558287ee20_0;
    %load/vec4 v0x555582881d30_0;
    %flag_set/vec4 8;
    %jmp/0 T_18.8, 8;
    %pushi/vec4 2, 0, 32;
    %jmp/1 T_18.9, 8;
T_18.8 ; End of true expr.
    %pushi/vec4 4, 0, 32;
    %jmp/0 T_18.9, 8;
 ; End of false expr.
    %blend;
T_18.9;
    %add;
    %store/vec4 v0x55558287c000_0, 0, 32;
    %pushi/vec4 1, 0, 1;
    %store/vec4 v0x55558287c0e0_0, 0, 1;
    %jmp T_18.6;
T_18.3 ;
    %load/vec4 v0x555582882110_0;
    %flag_set/vec4 8;
    %jmp/0 T_18.10, 8;
    %load/vec4 v0x55558287aaa0_0;
    %jmp/1 T_18.11, 8;
T_18.10 ; End of true expr.
    %load/vec4 v0x55558287ed40_0;
    %jmp/0 T_18.11, 8;
 ; End of false expr.
    %blend;
T_18.11;
    %store/vec4 v0x55558287c000_0, 0, 32;
    %pushi/vec4 1, 0, 1;
    %store/vec4 v0x55558287c0e0_0, 0, 1;
    %jmp T_18.6;
T_18.4 ;
    %load/vec4 v0x555582885670_0;
    %load/vec4 v0x555582881d30_0;
    %pad/u 32;
    %or;
    %store/vec4 v0x55558287c000_0, 0, 32;
    %pushi/vec4 1, 0, 1;
    %store/vec4 v0x55558287c0e0_0, 0, 1;
    %jmp T_18.6;
T_18.5 ;
    %load/vec4 v0x555582880eb0_0;
    %load/vec4 v0x555582880dd0_0;
    %inv;
    %and;
    %store/vec4 v0x55558287c000_0, 0, 32;
    %pushi/vec4 1, 0, 1;
    %store/vec4 v0x55558287c0e0_0, 0, 1;
    %jmp T_18.6;
T_18.6 ;
    %pop/vec4 1;
T_18.0 ;
    %jmp T_18;
    .thread T_18, $push;
    .scope S_0x5555828748f0;
T_19 ;
    %wait E_0x55558253cc00;
    %load/vec4 v0x55558287efe0_0;
    %flag_set/vec4 10;
    %flag_get/vec4 10;
    %jmp/0 T_19.3, 10;
    %load/vec4 v0x55558287c0e0_0;
    %and;
T_19.3;
    %flag_set/vec4 9;
    %flag_get/vec4 9;
    %jmp/0 T_19.2, 9;
    %load/vec4 v0x555582882030_0;
    %pushi/vec4 0, 0, 5;
    %cmp/ne;
    %flag_get/vec4 4;
    %and;
T_19.2;
    %flag_set/vec4 8;
    %jmp/0xz  T_19.0, 8;
    %load/vec4 v0x55558287c000_0;
    %load/vec4 v0x555582882030_0;
    %pad/u 7;
    %ix/vec4 3;
    %ix/load 4, 0, 0; Constant delay
    %assign/vec4/a/d v0x55558287b980, 0, 4;
T_19.0 ;
    %jmp T_19;
    .thread T_19;
    .scope S_0x5555828748f0;
T_20 ;
Ewait_9 .event/or E_0x555582876e50, E_0x0;
    %wait Ewait_9;
    %pushi/vec4 31, 31, 5;
    %store/vec4 v0x55558287d6a0_0, 0, 5;
    %load/vec4 v0x55558287d780_0;
    %cmpi/ne 0, 0, 5;
    %flag_mov 8, 4;
    %jmp/0 T_20.0, 8;
    %load/vec4 v0x55558287d780_0;
    %pad/u 7;
    %ix/vec4 4;
    %load/vec4a v0x55558287b980, 4;
    %jmp/1 T_20.1, 8;
T_20.0 ; End of true expr.
    %pushi/vec4 0, 0, 32;
    %jmp/0 T_20.1, 8;
 ; End of false expr.
    %blend;
T_20.1;
    %store/vec4 v0x55558287be40_0, 0, 32;
    %load/vec4 v0x55558287d860_0;
    %cmpi/ne 0, 0, 5;
    %flag_mov 8, 4;
    %jmp/0 T_20.2, 8;
    %load/vec4 v0x55558287d860_0;
    %pad/u 7;
    %ix/vec4 4;
    %load/vec4a v0x55558287b980, 4;
    %jmp/1 T_20.3, 8;
T_20.2 ; End of true expr.
    %pushi/vec4 0, 0, 32;
    %jmp/0 T_20.3, 8;
 ; End of false expr.
    %blend;
T_20.3;
    %store/vec4 v0x55558287bf20_0, 0, 32;
    %jmp T_20;
    .thread T_20, $push;
    .scope S_0x5555828748f0;
T_21 ;
    %wait E_0x55558253cc00;
    %pushi/vec4 0, 0, 1;
    %assign/vec4 v0x555582886920_0, 0;
    %pushi/vec4 31, 31, 5;
    %assign/vec4 v0x55558287ef00_0, 0;
    %pushi/vec4 4294967295, 4294967295, 32;
    %assign/vec4 v0x55558287ed40_0, 0;
    %pushi/vec4 0, 0, 1;
    %store/vec4 v0x55558287f140_0, 0, 1;
    %pushi/vec4 0, 0, 1;
    %store/vec4 v0x55558287f080_0, 0, 1;
    %pushi/vec4 0, 0, 1;
    %store/vec4 v0x55558287f200_0, 0, 1;
    %load/vec4 v0x55558287a920_0;
    %assign/vec4 v0x55558287a9e0_0, 0;
    %load/vec4 v0x55558287a840_0;
    %assign/vec4 v0x55558287aaa0_0, 0;
    %pushi/vec4 0, 0, 1;
    %assign/vec4 v0x55558287ad40_0, 0;
    %pushi/vec4 0, 0, 1;
    %assign/vec4 v0x55558287ae00_0, 0;
    %load/vec4 v0x555582882350_0;
    %flag_set/vec4 8;
    %jmp/0xz  T_21.0, 8;
    %pushi/vec4 4294967295, 4294967295, 32;
    %assign/vec4 v0x55558287d000_0, 0;
    %pushi/vec4 4294967295, 4294967295, 32;
    %assign/vec4 v0x55558287d1a0_0, 0;
    %pushi/vec4 0, 0, 1;
    %assign/vec4 v0x55558287d0e0_0, 0;
    %pushi/vec4 0, 0, 1;
    %assign/vec4 v0x55558287d280_0, 0;
T_21.0 ;
    %load/vec4 v0x55558287efe0_0;
    %flag_set/vec4 8;
    %jmp/0 T_21.2, 8;
    %load/vec4 v0x55558287b6e0_0;
    %addi 1, 0, 64;
    %jmp/1 T_21.3, 8;
T_21.2 ; End of true expr.
    %pushi/vec4 0, 0, 64;
    %jmp/0 T_21.3, 8;
 ; End of false expr.
    %blend;
T_21.3;
    %assign/vec4 v0x55558287b6e0_0, 0;
    %pushi/vec4 0, 0, 32;
    %ix/load 5, 0, 0;
    %ix/load 4, 32, 0;
    %flag_set/imm 4, 0;
    %assign/vec4/off/d v0x55558287b6e0_0, 4, 5;
    %pushi/vec4 4294967295, 4294967295, 32;
    %store/vec4 v0x555582883e10_0, 0, 32;
    %load/vec4 v0x5555828826f0_0;
    %cmpi/e 1, 0, 1;
    %flag_get/vec4 6;
    %jmp/0 T_21.4, 6;
    %load/vec4 v0x555582882870_0;
    %pushi/vec4 1, 0, 1;
    %cmp/e;
    %flag_get/vec4 6;
    %and;
T_21.4;
    %assign/vec4 v0x55558287dac0_0, 0;
    %load/vec4 v0x55558287dac0_0;
    %assign/vec4 v0x55558287db80_0, 0;
    %pushi/vec4 0, 0, 1;
    %assign/vec4 v0x55558287d940_0, 0;
    %load/vec4 v0x55558287d940_0;
    %assign/vec4 v0x55558287da00_0, 0;
    %pushi/vec4 0, 0, 1;
    %assign/vec4 v0x55558287dc40_0, 0;
    %pushi/vec4 0, 0, 1;
    %assign/vec4 v0x555582886860_0, 0;
    %pushi/vec4 4294967295, 4294967295, 32;
    %concati/vec4 15, 15, 4;
    %assign/vec4 v0x5555828867c0_0, 0;
    %load/vec4 v0x55558287efe0_0;
    %nor/r;
    %flag_set/vec4 8;
    %jmp/0xz  T_21.5, 8;
    %pushi/vec4 0, 0, 32;
    %assign/vec4 v0x55558287ee20_0, 0;
    %pushi/vec4 0, 0, 32;
    %assign/vec4 v0x555582885670_0, 0;
    %pushi/vec4 0, 0, 64;
    %assign/vec4 v0x55558287b7c0_0, 0;
    %pushi/vec4 0, 0, 1;
    %assign/vec4 v0x5555828821d0_0, 0;
    %pushi/vec4 0, 0, 1;
    %assign/vec4 v0x555582882110_0, 0;
    %pushi/vec4 0, 0, 1;
    %assign/vec4 v0x555582881c70_0, 0;
    %pushi/vec4 0, 0, 1;
    %assign/vec4 v0x555582882290_0, 0;
    %pushi/vec4 0, 0, 1;
    %assign/vec4 v0x555582881f70_0, 0;
    %pushi/vec4 0, 0, 1;
    %assign/vec4 v0x555582881eb0_0, 0;
    %pushi/vec4 0, 0, 1;
    %assign/vec4 v0x555582881df0_0, 0;
    %pushi/vec4 0, 0, 1;
    %assign/vec4 v0x555582884e30_0, 0;
    %pushi/vec4 0, 0, 1;
    %assign/vec4 v0x555582884d70_0, 0;
    %pushi/vec4 0, 0, 1;
    %assign/vec4 v0x555582880c50_0, 0;
    %pushi/vec4 0, 0, 1;
    %assign/vec4 v0x555582880d10_0, 0;
    %pushi/vec4 4294967295, 0, 32;
    %assign/vec4 v0x555582880dd0_0, 0;
    %pushi/vec4 0, 0, 32;
    %store/vec4 v0x555582883e10_0, 0, 32;
    %pushi/vec4 0, 0, 2;
    %assign/vec4 v0x555582880f90_0, 0;
    %pushi/vec4 0, 0, 32;
    %assign/vec4 v0x55558287dd00_0, 0;
    %pushi/vec4 0, 0, 32;
    %assign/vec4 v0x555582886720_0, 0;
    %pushi/vec4 1, 0, 1;
    %assign/vec4 v0x5555828821d0_0, 0;
    %pushi/vec4 2, 0, 5;
    %assign/vec4 v0x555582882030_0, 0;
    %pushi/vec4 196604, 0, 32;
    %assign/vec4 v0x55558287ed40_0, 0;
    %pushi/vec4 64, 0, 8;
    %assign/vec4 v0x55558287b8a0_0, 0;
    %jmp T_21.6;
T_21.5 ;
    %load/vec4 v0x55558287b8a0_0;
    %dup/vec4;
    %pushi/vec4 128, 0, 8;
    %cmp/u;
    %jmp/1 T_21.7, 6;
    %dup/vec4;
    %pushi/vec4 64, 0, 8;
    %cmp/u;
    %jmp/1 T_21.8, 6;
    %dup/vec4;
    %pushi/vec4 32, 0, 8;
    %cmp/u;
    %jmp/1 T_21.9, 6;
    %dup/vec4;
    %pushi/vec4 16, 0, 8;
    %cmp/u;
    %jmp/1 T_21.10, 6;
    %dup/vec4;
    %pushi/vec4 8, 0, 8;
    %cmp/u;
    %jmp/1 T_21.11, 6;
    %dup/vec4;
    %pushi/vec4 4, 0, 8;
    %cmp/u;
    %jmp/1 T_21.12, 6;
    %dup/vec4;
    %pushi/vec4 2, 0, 8;
    %cmp/u;
    %jmp/1 T_21.13, 6;
    %dup/vec4;
    %pushi/vec4 1, 0, 8;
    %cmp/u;
    %jmp/1 T_21.14, 6;
    %jmp T_21.15;
T_21.7 ;
    %pushi/vec4 1, 0, 1;
    %assign/vec4 v0x555582886920_0, 0;
    %jmp T_21.15;
T_21.8 ;
    %load/vec4 v0x55558287dac0_0;
    %cmpi/ne 1, 0, 1;
    %flag_get/vec4 4;
    %jmp/0 T_21.16, 4;
    %load/vec4 v0x55558287dc40_0;
    %pushi/vec4 1, 0, 1;
    %cmp/ne;
    %flag_get/vec4 4;
    %and;
T_21.16;
    %assign/vec4 v0x5555828826f0_0, 0;
    %pushi/vec4 0, 0, 2;
    %assign/vec4 v0x555582883a00_0, 0;
    %load/vec4 v0x555582885670_0;
    %store/vec4 v0x55558287c1a0_0, 0, 32;
    %pushi/vec4 1, 0, 1;
    %dup/vec4;
    %load/vec4 v0x555582881c70_0;
    %cmp/u;
    %jmp/1 T_21.17, 6;
    %dup/vec4;
    %load/vec4 v0x5555828821d0_0;
    %flag_set/vec4 8;
    %flag_get/vec4 8;
    %jmp/0 T_21.22, 8;
    %load/vec4 v0x555582881c70_0;
    %nor/r;
    %and;
T_21.22;
    %cmp/u;
    %jmp/1 T_21.18, 6;
    %dup/vec4;
    %pushi/vec4 0, 0, 1;
    %cmp/u;
    %jmp/1 T_21.19, 6;
    %dup/vec4;
    %pushi/vec4 0, 0, 1;
    %cmp/u;
    %jmp/1 T_21.20, 6;
    %jmp T_21.21;
T_21.17 ;
    %load/vec4 v0x5555828821d0_0;
    %flag_set/vec4 8;
    %jmp/0 T_21.23, 8;
    %load/vec4 v0x555582882110_0;
    %flag_set/vec4 9;
    %jmp/0 T_21.25, 9;
    %load/vec4 v0x55558287aaa0_0;
    %jmp/1 T_21.26, 9;
T_21.25 ; End of true expr.
    %load/vec4 v0x55558287ed40_0;
    %jmp/0 T_21.26, 9;
 ; End of false expr.
    %blend;
T_21.26;
    %pushi/vec4 4294967294, 0, 32;
    %and;
    %jmp/1 T_21.24, 8;
T_21.23 ; End of true expr.
    %load/vec4 v0x555582885670_0;
    %jmp/0 T_21.24, 8;
 ; End of false expr.
    %blend;
T_21.24;
    %store/vec4 v0x55558287c1a0_0, 0, 32;
    %jmp T_21.21;
T_21.18 ;
    %jmp T_21.21;
T_21.19 ;
    %pushi/vec4 16, 0, 32;
    %store/vec4 v0x55558287c1a0_0, 0, 32;
    %pushi/vec4 1, 0, 1;
    %assign/vec4 v0x555582880c50_0, 0;
    %pushi/vec4 1, 0, 1;
    %assign/vec4 v0x5555828826f0_0, 0;
    %jmp T_21.21;
T_21.20 ;
    %load/vec4 v0x555582880eb0_0;
    %load/vec4 v0x555582880dd0_0;
    %inv;
    %and;
    %assign/vec4 v0x55558287dd00_0, 0;
    %load/vec4 v0x555582883e10_0;
    %load/vec4 v0x555582880dd0_0;
    %and;
    %store/vec4 v0x555582883e10_0, 0, 32;
    %jmp T_21.21;
T_21.21 ;
    %pop/vec4 1;
    %load/vec4 v0x55558287c1a0_0;
    %assign/vec4 v0x55558287ee20_0, 0;
    %load/vec4 v0x55558287c1a0_0;
    %assign/vec4 v0x555582885670_0, 0;
    %pushi/vec4 0, 0, 1;
    %assign/vec4 v0x5555828821d0_0, 0;
    %pushi/vec4 0, 0, 1;
    %assign/vec4 v0x555582882110_0, 0;
    %pushi/vec4 0, 0, 1;
    %assign/vec4 v0x555582881c70_0, 0;
    %pushi/vec4 0, 0, 1;
    %assign/vec4 v0x555582881f70_0, 0;
    %pushi/vec4 0, 0, 1;
    %assign/vec4 v0x555582881eb0_0, 0;
    %pushi/vec4 0, 0, 1;
    %assign/vec4 v0x555582881df0_0, 0;
    %load/vec4 v0x55558287d5c0_0;
    %assign/vec4 v0x555582882030_0, 0;
    %load/vec4 v0x55558287b620_0;
    %assign/vec4 v0x555582881d30_0, 0;
    %load/vec4 v0x55558287dac0_0;
    %flag_set/vec4 8;
    %jmp/0xz  T_21.27, 8;
    %load/vec4 v0x555582880c50_0;
    %assign/vec4 v0x555582880d10_0, 0;
    %load/vec4 v0x55558287c1a0_0;
    %load/vec4 v0x55558287b620_0;
    %flag_set/vec4 8;
    %jmp/0 T_21.29, 8;
    %pushi/vec4 2, 0, 32;
    %jmp/1 T_21.30, 8;
T_21.29 ; End of true expr.
    %pushi/vec4 4, 0, 32;
    %jmp/0 T_21.30, 8;
 ; End of false expr.
    %blend;
T_21.30;
    %add;
    %assign/vec4 v0x555582885670_0, 0;
    %load/vec4 v0x55558287b7c0_0;
    %addi 1, 0, 64;
    %assign/vec4 v0x55558287b7c0_0, 0;
    %pushi/vec4 0, 0, 32;
    %ix/load 5, 0, 0;
    %ix/load 4, 32, 0;
    %flag_set/imm 4, 0;
    %assign/vec4/off/d v0x55558287b7c0_0, 4, 5;
    %load/vec4 v0x55558287e860_0;
    %flag_set/vec4 8;
    %jmp/0xz  T_21.31, 8;
    %pushi/vec4 1, 0, 1;
    %assign/vec4 v0x5555828826f0_0, 0;
    %load/vec4 v0x55558287c1a0_0;
    %load/vec4 v0x55558287d4e0_0;
    %add;
    %assign/vec4 v0x555582885670_0, 0;
    %pushi/vec4 1, 0, 1;
    %assign/vec4 v0x555582881c70_0, 0;
    %jmp T_21.32;
T_21.31 ;
    %pushi/vec4 0, 0, 1;
    %assign/vec4 v0x5555828826f0_0, 0;
    %load/vec4 v0x55558287e920_0;
    %nor/r;
    %flag_set/vec4 8;
    %flag_get/vec4 8;
    %jmp/0 T_21.33, 8;
    %load/vec4 v0x55558287fbb0_0;
    %nor/r;
    %and;
T_21.33;
    %assign/vec4 v0x555582882570_0, 0;
    %pushi/vec4 32, 0, 8;
    %assign/vec4 v0x55558287b8a0_0, 0;
T_21.32 ;
T_21.27 ;
    %jmp T_21.15;
T_21.9 ;
    %pushi/vec4 4294967295, 4294967295, 32;
    %assign/vec4 v0x55558287eb80_0, 0;
    %pushi/vec4 4294967295, 4294967295, 32;
    %assign/vec4 v0x55558287ec60_0, 0;
    %pushi/vec4 1, 0, 1;
    %dup/vec4;
    %pushi/vec4 0, 0, 1;
    %cmp/u;
    %jmp/1 T_21.34, 6;
    %dup/vec4;
    %pushi/vec4 1, 0, 1;
    %flag_set/vec4 8;
    %flag_get/vec4 8;
    %jmp/0 T_21.48, 8;
    %load/vec4 v0x555582881730_0;
    %and;
T_21.48;
    %cmp/u;
    %jmp/1 T_21.35, 6;
    %dup/vec4;
    %load/vec4 v0x5555828815b0_0;
    %cmp/u;
    %jmp/1 T_21.36, 6;
    %dup/vec4;
    %pushi/vec4 0, 0, 1;
    %cmp/u;
    %jmp/1 T_21.37, 6;
    %dup/vec4;
    %pushi/vec4 0, 0, 1;
    %cmp/u;
    %jmp/1 T_21.38, 6;
    %dup/vec4;
    %pushi/vec4 0, 0, 1;
    %cmp/u;
    %jmp/1 T_21.39, 6;
    %dup/vec4;
    %pushi/vec4 0, 0, 1;
    %cmp/u;
    %jmp/1 T_21.40, 6;
    %dup/vec4;
    %pushi/vec4 0, 0, 1;
    %cmp/u;
    %jmp/1 T_21.41, 6;
    %dup/vec4;
    %load/vec4 v0x555582881430_0;
    %flag_set/vec4 8;
    %flag_get/vec4 8;
    %jmp/0 T_21.49, 8;
    %load/vec4 v0x555582880870_0;
    %nor/r;
    %and;
T_21.49;
    %cmp/u;
    %jmp/1 T_21.42, 6;
    %dup/vec4;
    %load/vec4 v0x555582881970_0;
    %flag_set/vec4 8;
    %flag_get/vec4 8;
    %jmp/0 T_21.50, 8;
    %pushi/vec4 1, 0, 1;
    %and;
T_21.50;
    %cmp/u;
    %jmp/1 T_21.43, 6;
    %dup/vec4;
    %load/vec4 v0x555582881370_0;
    %cmp/u;
    %jmp/1 T_21.44, 6;
    %dup/vec4;
    %load/vec4 v0x555582881970_0;
    %flag_set/vec4 8;
    %flag_get/vec4 8;
    %jmp/0 T_21.51, 8;
    %pushi/vec4 0, 0, 1;
    %and;
T_21.51;
    %cmp/u;
    %jmp/1 T_21.45, 6;
    %load/vec4 v0x55558287be40_0;
    %assign/vec4 v0x55558287eb80_0, 0;
    %load/vec4 v0x55558287be40_0;
    %assign/vec4 v0x55558287d000_0, 0;
    %pushi/vec4 1, 0, 1;
    %assign/vec4 v0x55558287d0e0_0, 0;
    %load/vec4 v0x55558287bf20_0;
    %pad/u 5;
    %assign/vec4 v0x55558287ef00_0, 0;
    %load/vec4 v0x55558287bf20_0;
    %assign/vec4 v0x55558287ec60_0, 0;
    %load/vec4 v0x55558287bf20_0;
    %assign/vec4 v0x55558287d1a0_0, 0;
    %pushi/vec4 1, 0, 1;
    %assign/vec4 v0x55558287d280_0, 0;
    %pushi/vec4 1, 0, 1;
    %dup/vec4;
    %load/vec4 v0x5555828817f0_0;
    %cmp/u;
    %jmp/1 T_21.52, 6;
    %dup/vec4;
    %load/vec4 v0x5555828818b0_0;
    %flag_set/vec4 8;
    %flag_get/vec4 8;
    %jmp/0 T_21.56, 8;
    %pushi/vec4 1, 0, 1;
    %and;
T_21.56;
    %cmp/u;
    %jmp/1 T_21.53, 6;
    %load/vec4 v0x555582882570_0;
    %assign/vec4 v0x5555828826f0_0, 0;
    %pushi/vec4 8, 0, 8;
    %assign/vec4 v0x55558287b8a0_0, 0;
    %jmp T_21.55;
T_21.52 ;
    %pushi/vec4 2, 0, 8;
    %assign/vec4 v0x55558287b8a0_0, 0;
    %pushi/vec4 1, 0, 1;
    %assign/vec4 v0x5555828826f0_0, 0;
    %jmp T_21.55;
T_21.53 ;
    %pushi/vec4 4, 0, 8;
    %assign/vec4 v0x55558287b8a0_0, 0;
    %jmp T_21.55;
T_21.55 ;
    %pop/vec4 1;
    %jmp T_21.47;
T_21.34 ;
    %pushi/vec4 128, 0, 8;
    %assign/vec4 v0x55558287b8a0_0, 0;
    %jmp T_21.47;
T_21.35 ;
    %pushi/vec4 1, 0, 1;
    %dup/vec4;
    %load/vec4 v0x55558287f8b0_0;
    %cmp/u;
    %jmp/1 T_21.57, 6;
    %dup/vec4;
    %load/vec4 v0x55558287f970_0;
    %flag_set/vec4 8;
    %flag_get/vec4 8;
    %jmp/0 T_21.62, 8;
    %pushi/vec4 0, 0, 1;
    %and;
T_21.62;
    %cmp/u;
    %jmp/1 T_21.58, 6;
    %dup/vec4;
    %load/vec4 v0x55558287fa30_0;
    %cmp/u;
    %jmp/1 T_21.59, 6;
    %dup/vec4;
    %load/vec4 v0x55558287faf0_0;
    %flag_set/vec4 8;
    %flag_get/vec4 8;
    %jmp/0 T_21.63, 8;
    %pushi/vec4 0, 0, 1;
    %and;
T_21.63;
    %cmp/u;
    %jmp/1 T_21.60, 6;
    %jmp T_21.61;
T_21.57 ;
    %load/vec4 v0x55558287b6e0_0;
    %parti/s 32, 0, 2;
    %assign/vec4 v0x55558287ed40_0, 0;
    %jmp T_21.61;
T_21.58 ;
    %load/vec4 v0x55558287b6e0_0;
    %parti/s 32, 32, 7;
    %assign/vec4 v0x55558287ed40_0, 0;
    %jmp T_21.61;
T_21.59 ;
    %load/vec4 v0x55558287b7c0_0;
    %parti/s 32, 0, 2;
    %assign/vec4 v0x55558287ed40_0, 0;
    %jmp T_21.61;
T_21.60 ;
    %load/vec4 v0x55558287b7c0_0;
    %parti/s 32, 32, 7;
    %assign/vec4 v0x55558287ed40_0, 0;
    %jmp T_21.61;
T_21.61 ;
    %pop/vec4 1;
    %pushi/vec4 1, 0, 1;
    %assign/vec4 v0x5555828821d0_0, 0;
    %pushi/vec4 64, 0, 8;
    %assign/vec4 v0x55558287b8a0_0, 0;
    %jmp T_21.47;
T_21.36 ;
    %load/vec4 v0x55558287f4f0_0;
    %flag_set/vec4 8;
    %jmp/0 T_21.64, 8;
    %pushi/vec4 0, 0, 32;
    %jmp/1 T_21.65, 8;
T_21.64 ; End of true expr.
    %load/vec4 v0x55558287ee20_0;
    %jmp/0 T_21.65, 8;
 ; End of false expr.
    %blend;
T_21.65;
    %assign/vec4 v0x55558287eb80_0, 0;
    %load/vec4 v0x55558287d400_0;
    %assign/vec4 v0x55558287ec60_0, 0;
    %load/vec4 v0x555582882570_0;
    %assign/vec4 v0x5555828826f0_0, 0;
    %pushi/vec4 8, 0, 8;
    %assign/vec4 v0x55558287b8a0_0, 0;
    %jmp T_21.47;
T_21.37 ;
    %load/vec4 v0x55558287be40_0;
    %assign/vec4 v0x55558287ed40_0, 0;
    %load/vec4 v0x55558287be40_0;
    %assign/vec4 v0x55558287d000_0, 0;
    %pushi/vec4 1, 0, 1;
    %assign/vec4 v0x55558287d0e0_0, 0;
    %pushi/vec4 1, 0, 1;
    %assign/vec4 v0x5555828821d0_0, 0;
    %pushi/vec4 64, 0, 8;
    %assign/vec4 v0x55558287b8a0_0, 0;
    %jmp T_21.47;
T_21.38 ;
    %load/vec4 v0x55558287be40_0;
    %assign/vec4 v0x55558287ed40_0, 0;
    %load/vec4 v0x55558287be40_0;
    %assign/vec4 v0x55558287d000_0, 0;
    %pushi/vec4 1, 0, 1;
    %assign/vec4 v0x55558287d0e0_0, 0;
    %load/vec4 v0x555582882030_0;
    %pad/u 32;
    %pushi/vec4 32, 0, 32;
    %or;
    %pad/u 5;
    %assign/vec4 v0x555582882030_0, 0;
    %pushi/vec4 1, 0, 1;
    %assign/vec4 v0x5555828821d0_0, 0;
    %pushi/vec4 64, 0, 8;
    %assign/vec4 v0x55558287b8a0_0, 0;
    %jmp T_21.47;
T_21.39 ;
    %pushi/vec4 0, 0, 32;
    %assign/vec4 v0x55558287dd00_0, 0;
    %pushi/vec4 0, 0, 1;
    %assign/vec4 v0x555582880c50_0, 0;
    %pushi/vec4 1, 0, 1;
    %assign/vec4 v0x555582881c70_0, 0;
    %pushi/vec4 1, 0, 1;
    %assign/vec4 v0x5555828821d0_0, 0;
    %load/vec4 v0x55558287be40_0;
    %assign/vec4 v0x55558287ed40_0, 0;
    %load/vec4 v0x55558287be40_0;
    %assign/vec4 v0x55558287d000_0, 0;
    %pushi/vec4 1, 0, 1;
    %assign/vec4 v0x55558287d0e0_0, 0;
    %pushi/vec4 64, 0, 8;
    %assign/vec4 v0x55558287b8a0_0, 0;
    %jmp T_21.47;
T_21.40 ;
    %pushi/vec4 1, 0, 1;
    %assign/vec4 v0x5555828821d0_0, 0;
    %load/vec4 v0x555582880dd0_0;
    %assign/vec4 v0x55558287ed40_0, 0;
    %load/vec4 v0x55558287be40_0;
    %pushi/vec4 0, 0, 32;
    %or;
    %assign/vec4 v0x555582880dd0_0, 0;
    %load/vec4 v0x55558287be40_0;
    %assign/vec4 v0x55558287d000_0, 0;
    %pushi/vec4 1, 0, 1;
    %assign/vec4 v0x55558287d0e0_0, 0;
    %pushi/vec4 64, 0, 8;
    %assign/vec4 v0x55558287b8a0_0, 0;
    %jmp T_21.47;
T_21.41 ;
    %pushi/vec4 1, 0, 1;
    %assign/vec4 v0x5555828821d0_0, 0;
    %load/vec4 v0x555582886720_0;
    %assign/vec4 v0x55558287ed40_0, 0;
    %load/vec4 v0x55558287be40_0;
    %assign/vec4 v0x555582886720_0, 0;
    %load/vec4 v0x55558287be40_0;
    %assign/vec4 v0x55558287d000_0, 0;
    %pushi/vec4 1, 0, 1;
    %assign/vec4 v0x55558287d0e0_0, 0;
    %pushi/vec4 64, 0, 8;
    %assign/vec4 v0x55558287b8a0_0, 0;
    %jmp T_21.47;
T_21.42 ;
    %load/vec4 v0x55558287be40_0;
    %assign/vec4 v0x55558287eb80_0, 0;
    %load/vec4 v0x55558287be40_0;
    %assign/vec4 v0x55558287d000_0, 0;
    %pushi/vec4 1, 0, 1;
    %assign/vec4 v0x55558287d0e0_0, 0;
    %pushi/vec4 1, 0, 8;
    %assign/vec4 v0x55558287b8a0_0, 0;
    %pushi/vec4 1, 0, 1;
    %assign/vec4 v0x5555828826f0_0, 0;
    %jmp T_21.47;
T_21.43 ;
    %load/vec4 v0x55558287be40_0;
    %assign/vec4 v0x55558287eb80_0, 0;
    %load/vec4 v0x55558287be40_0;
    %assign/vec4 v0x55558287d000_0, 0;
    %pushi/vec4 1, 0, 1;
    %assign/vec4 v0x55558287d0e0_0, 0;
    %load/vec4 v0x55558287d860_0;
    %assign/vec4 v0x55558287ef00_0, 0;
    %pushi/vec4 4, 0, 8;
    %assign/vec4 v0x55558287b8a0_0, 0;
    %jmp T_21.47;
T_21.44 ;
    %load/vec4 v0x55558287be40_0;
    %assign/vec4 v0x55558287eb80_0, 0;
    %load/vec4 v0x55558287be40_0;
    %assign/vec4 v0x55558287d000_0, 0;
    %pushi/vec4 1, 0, 1;
    %assign/vec4 v0x55558287d0e0_0, 0;
    %load/vec4 v0x555582881970_0;
    %flag_set/vec4 9;
    %flag_get/vec4 9;
    %jmp/0 T_21.68, 9;
    %pushi/vec4 0, 0, 1;
    %and;
T_21.68;
    %flag_set/vec4 8;
    %jmp/0 T_21.66, 8;
    %load/vec4 v0x55558287d860_0;
    %pad/u 32;
    %jmp/1 T_21.67, 8;
T_21.66 ; End of true expr.
    %load/vec4 v0x55558287d400_0;
    %jmp/0 T_21.67, 8;
 ; End of false expr.
    %blend;
T_21.67;
    %assign/vec4 v0x55558287ec60_0, 0;
    %load/vec4 v0x555582882570_0;
    %assign/vec4 v0x5555828826f0_0, 0;
    %pushi/vec4 8, 0, 8;
    %assign/vec4 v0x55558287b8a0_0, 0;
    %jmp T_21.47;
T_21.45 ;
    %load/vec4 v0x55558287be40_0;
    %assign/vec4 v0x55558287eb80_0, 0;
    %load/vec4 v0x55558287be40_0;
    %assign/vec4 v0x55558287d000_0, 0;
    %pushi/vec4 1, 0, 1;
    %assign/vec4 v0x55558287d0e0_0, 0;
    %load/vec4 v0x555582881970_0;
    %flag_set/vec4 9;
    %flag_get/vec4 9;
    %jmp/0 T_21.71, 9;
    %pushi/vec4 0, 0, 1;
    %and;
T_21.71;
    %flag_set/vec4 8;
    %jmp/0 T_21.69, 8;
    %load/vec4 v0x55558287d860_0;
    %pad/u 32;
    %jmp/1 T_21.70, 8;
T_21.69 ; End of true expr.
    %load/vec4 v0x55558287d400_0;
    %jmp/0 T_21.70, 8;
 ; End of false expr.
    %blend;
T_21.70;
    %assign/vec4 v0x55558287ec60_0, 0;
    %load/vec4 v0x555582882570_0;
    %assign/vec4 v0x5555828826f0_0, 0;
    %pushi/vec4 8, 0, 8;
    %assign/vec4 v0x55558287b8a0_0, 0;
    %jmp T_21.47;
T_21.47 ;
    %pop/vec4 1;
    %jmp T_21.15;
T_21.10 ;
    %load/vec4 v0x55558287bf20_0;
    %pad/u 5;
    %assign/vec4 v0x55558287ef00_0, 0;
    %load/vec4 v0x55558287bf20_0;
    %assign/vec4 v0x55558287ec60_0, 0;
    %load/vec4 v0x55558287bf20_0;
    %assign/vec4 v0x55558287d1a0_0, 0;
    %pushi/vec4 1, 0, 1;
    %assign/vec4 v0x55558287d280_0, 0;
    %pushi/vec4 1, 0, 1;
    %dup/vec4;
    %pushi/vec4 0, 0, 1;
    %cmp/u;
    %jmp/1 T_21.72, 6;
    %dup/vec4;
    %load/vec4 v0x5555828817f0_0;
    %cmp/u;
    %jmp/1 T_21.73, 6;
    %dup/vec4;
    %load/vec4 v0x5555828818b0_0;
    %flag_set/vec4 8;
    %flag_get/vec4 8;
    %jmp/0 T_21.77, 8;
    %pushi/vec4 1, 0, 1;
    %and;
T_21.77;
    %cmp/u;
    %jmp/1 T_21.74, 6;
    %load/vec4 v0x555582882570_0;
    %assign/vec4 v0x5555828826f0_0, 0;
    %pushi/vec4 8, 0, 8;
    %assign/vec4 v0x55558287b8a0_0, 0;
    %jmp T_21.76;
T_21.72 ;
    %pushi/vec4 1, 0, 1;
    %assign/vec4 v0x555582884e30_0, 0;
    %load/vec4 v0x5555828844b0_0;
    %flag_set/vec4 8;
    %jmp/0xz  T_21.78, 8;
    %pushi/vec4 1, 0, 1;
    %assign/vec4 v0x5555828826f0_0, 0;
    %pushi/vec4 0, 0, 1;
    %assign/vec4 v0x555582884e30_0, 0;
    %load/vec4 v0x5555828843d0_0;
    %assign/vec4 v0x55558287ed40_0, 0;
    %load/vec4 v0x555582884630_0;
    %assign/vec4 v0x5555828821d0_0, 0;
    %pushi/vec4 64, 0, 8;
    %assign/vec4 v0x55558287b8a0_0, 0;
T_21.78 ;
    %jmp T_21.76;
T_21.73 ;
    %pushi/vec4 2, 0, 8;
    %assign/vec4 v0x55558287b8a0_0, 0;
    %pushi/vec4 1, 0, 1;
    %assign/vec4 v0x5555828826f0_0, 0;
    %jmp T_21.76;
T_21.74 ;
    %pushi/vec4 4, 0, 8;
    %assign/vec4 v0x55558287b8a0_0, 0;
    %jmp T_21.76;
T_21.76 ;
    %pop/vec4 1;
    %jmp T_21.15;
T_21.11 ;
    %load/vec4 v0x55558287ee20_0;
    %load/vec4 v0x55558287d400_0;
    %add;
    %assign/vec4 v0x55558287ed40_0, 0;
    %load/vec4 v0x5555828811f0_0;
    %flag_set/vec4 8;
    %jmp/0xz  T_21.80, 8;
    %pushi/vec4 0, 0, 5;
    %assign/vec4 v0x555582882030_0, 0;
    %load/vec4 v0x55558287a920_0;
    %assign/vec4 v0x5555828821d0_0, 0;
    %load/vec4 v0x55558287a920_0;
    %assign/vec4 v0x555582881c70_0, 0;
    %load/vec4 v0x555582882870_0;
    %flag_set/vec4 8;
    %jmp/0xz  T_21.82, 8;
    %pushi/vec4 64, 0, 8;
    %assign/vec4 v0x55558287b8a0_0, 0;
T_21.82 ;
    %load/vec4 v0x55558287a920_0;
    %flag_set/vec4 8;
    %jmp/0xz  T_21.84, 8;
    %pushi/vec4 0, 0, 1;
    %assign/vec4 v0x55558287dac0_0, 0;
    %pushi/vec4 1, 0, 1;
    %store/vec4 v0x55558287f140_0, 0, 1;
T_21.84 ;
    %jmp T_21.81;
T_21.80 ;
    %load/vec4 v0x55558287e920_0;
    %assign/vec4 v0x555582881c70_0, 0;
    %pushi/vec4 1, 0, 1;
    %assign/vec4 v0x5555828821d0_0, 0;
    %pushi/vec4 1, 0, 1;
    %assign/vec4 v0x555582882110_0, 0;
    %pushi/vec4 64, 0, 8;
    %assign/vec4 v0x55558287b8a0_0, 0;
T_21.81 ;
    %jmp T_21.15;
T_21.12 ;
    %pushi/vec4 1, 0, 1;
    %assign/vec4 v0x5555828821d0_0, 0;
    %load/vec4 v0x55558287ef00_0;
    %pad/u 32;
    %cmpi/e 0, 0, 32;
    %jmp/0xz  T_21.86, 4;
    %load/vec4 v0x55558287eb80_0;
    %assign/vec4 v0x55558287ed40_0, 0;
    %load/vec4 v0x555582882570_0;
    %assign/vec4 v0x5555828826f0_0, 0;
    %pushi/vec4 64, 0, 8;
    %assign/vec4 v0x55558287b8a0_0, 0;
    %jmp T_21.87;
T_21.86 ;
    %pushi/vec4 1, 0, 1;
    %dup/vec4;
    %load/vec4 v0x55558287ff70_0;
    %flag_set/vec4 8;
    %flag_get/vec4 8;
    %jmp/1 T_21.92, 8;
    %load/vec4 v0x55558287feb0_0;
    %or;
T_21.92;
    %cmp/u;
    %jmp/1 T_21.88, 6;
    %dup/vec4;
    %load/vec4 v0x555582880570_0;
    %flag_set/vec4 8;
    %flag_get/vec4 8;
    %jmp/1 T_21.93, 8;
    %load/vec4 v0x5555828804b0_0;
    %or;
T_21.93;
    %cmp/u;
    %jmp/1 T_21.89, 6;
    %dup/vec4;
    %load/vec4 v0x5555828803f0_0;
    %flag_set/vec4 8;
    %flag_get/vec4 8;
    %jmp/1 T_21.94, 8;
    %load/vec4 v0x555582880330_0;
    %or;
T_21.94;
    %cmp/u;
    %jmp/1 T_21.90, 6;
    %jmp T_21.91;
T_21.88 ;
    %load/vec4 v0x55558287eb80_0;
    %ix/load 4, 1, 0;
    %flag_set/imm 4, 0;
    %shiftl 4;
    %assign/vec4 v0x55558287eb80_0, 0;
    %jmp T_21.91;
T_21.89 ;
    %load/vec4 v0x55558287eb80_0;
    %ix/load 4, 1, 0;
    %flag_set/imm 4, 0;
    %shiftr 4;
    %assign/vec4 v0x55558287eb80_0, 0;
    %jmp T_21.91;
T_21.90 ;
    %load/vec4 v0x55558287eb80_0;
    %ix/load 4, 1, 0;
    %flag_set/imm 4, 0;
    %shiftr/s 4;
    %assign/vec4 v0x55558287eb80_0, 0;
    %jmp T_21.91;
T_21.91 ;
    %pop/vec4 1;
    %load/vec4 v0x55558287ef00_0;
    %subi 1, 0, 5;
    %assign/vec4 v0x55558287ef00_0, 0;
T_21.87 ;
    %jmp T_21.15;
T_21.13 ;
    %load/vec4 v0x555582882570_0;
    %nor/r;
    %flag_set/vec4 8;
    %jmp/1 T_21.97, 8;
    %load/vec4 v0x555582882870_0;
    %flag_set/vec4 9;
    %flag_or 8, 9;
T_21.97;
    %jmp/0xz  T_21.95, 8;
    %load/vec4 v0x5555828827b0_0;
    %nor/r;
    %flag_set/vec4 8;
    %jmp/0xz  T_21.98, 8;
    %pushi/vec4 1, 0, 1;
    %dup/vec4;
    %load/vec4 v0x55558287fc70_0;
    %cmp/u;
    %jmp/1 T_21.100, 6;
    %dup/vec4;
    %load/vec4 v0x55558287fdf0_0;
    %cmp/u;
    %jmp/1 T_21.101, 6;
    %dup/vec4;
    %load/vec4 v0x5555828806f0_0;
    %cmp/u;
    %jmp/1 T_21.102, 6;
    %jmp T_21.103;
T_21.100 ;
    %pushi/vec4 2, 0, 2;
    %assign/vec4 v0x555582883a00_0, 0;
    %jmp T_21.103;
T_21.101 ;
    %pushi/vec4 1, 0, 2;
    %assign/vec4 v0x555582883a00_0, 0;
    %jmp T_21.103;
T_21.102 ;
    %pushi/vec4 0, 0, 2;
    %assign/vec4 v0x555582883a00_0, 0;
    %jmp T_21.103;
T_21.103 ;
    %pop/vec4 1;
    %load/vec4 v0x55558287eb80_0;
    %load/vec4 v0x55558287d400_0;
    %add;
    %assign/vec4 v0x55558287eb80_0, 0;
    %pushi/vec4 1, 0, 1;
    %store/vec4 v0x55558287f200_0, 0, 1;
T_21.98 ;
    %load/vec4 v0x555582882570_0;
    %nor/r;
    %flag_set/vec4 9;
    %flag_get/vec4 9;
    %jmp/0 T_21.106, 9;
    %load/vec4 v0x555582882870_0;
    %and;
T_21.106;
    %flag_set/vec4 8;
    %jmp/0xz  T_21.104, 8;
    %pushi/vec4 64, 0, 8;
    %assign/vec4 v0x55558287b8a0_0, 0;
    %pushi/vec4 1, 0, 1;
    %assign/vec4 v0x55558287dac0_0, 0;
    %pushi/vec4 1, 0, 1;
    %assign/vec4 v0x55558287d940_0, 0;
T_21.104 ;
T_21.95 ;
    %jmp T_21.15;
T_21.14 ;
    %pushi/vec4 1, 0, 1;
    %assign/vec4 v0x5555828821d0_0, 0;
    %load/vec4 v0x555582882570_0;
    %nor/r;
    %flag_set/vec4 8;
    %jmp/1 T_21.109, 8;
    %load/vec4 v0x555582882870_0;
    %flag_set/vec4 9;
    %flag_or 8, 9;
T_21.109;
    %jmp/0xz  T_21.107, 8;
    %load/vec4 v0x555582882630_0;
    %nor/r;
    %flag_set/vec4 8;
    %jmp/0xz  T_21.110, 8;
    %pushi/vec4 1, 0, 1;
    %dup/vec4;
    %load/vec4 v0x55558287e9e0_0;
    %flag_set/vec4 8;
    %flag_get/vec4 8;
    %jmp/1 T_21.116, 8;
    %load/vec4 v0x55558287eaa0_0;
    %or;
T_21.116;
    %cmp/u;
    %jmp/1 T_21.112, 6;
    %dup/vec4;
    %load/vec4 v0x55558287f370_0;
    %flag_set/vec4 8;
    %flag_get/vec4 8;
    %jmp/1 T_21.117, 8;
    %load/vec4 v0x55558287f430_0;
    %or;
T_21.117;
    %cmp/u;
    %jmp/1 T_21.113, 6;
    %dup/vec4;
    %load/vec4 v0x55558287f5b0_0;
    %cmp/u;
    %jmp/1 T_21.114, 6;
    %jmp T_21.115;
T_21.112 ;
    %pushi/vec4 2, 0, 2;
    %assign/vec4 v0x555582883a00_0, 0;
    %jmp T_21.115;
T_21.113 ;
    %pushi/vec4 1, 0, 2;
    %assign/vec4 v0x555582883a00_0, 0;
    %jmp T_21.115;
T_21.114 ;
    %pushi/vec4 0, 0, 2;
    %assign/vec4 v0x555582883a00_0, 0;
    %jmp T_21.115;
T_21.115 ;
    %pop/vec4 1;
    %load/vec4 v0x5555828814f0_0;
    %assign/vec4 v0x555582881f70_0, 0;
    %load/vec4 v0x55558287f370_0;
    %assign/vec4 v0x555582881eb0_0, 0;
    %load/vec4 v0x55558287e9e0_0;
    %assign/vec4 v0x555582881df0_0, 0;
    %load/vec4 v0x55558287eb80_0;
    %load/vec4 v0x55558287d400_0;
    %add;
    %assign/vec4 v0x55558287eb80_0, 0;
    %pushi/vec4 1, 0, 1;
    %store/vec4 v0x55558287f080_0, 0, 1;
T_21.110 ;
    %load/vec4 v0x555582882570_0;
    %nor/r;
    %flag_set/vec4 9;
    %flag_get/vec4 9;
    %jmp/0 T_21.120, 9;
    %load/vec4 v0x555582882870_0;
    %and;
T_21.120;
    %flag_set/vec4 8;
    %jmp/0xz  T_21.118, 8;
    %pushi/vec4 1, 0, 1;
    %dup/vec4;
    %load/vec4 v0x555582881f70_0;
    %cmp/u;
    %jmp/1 T_21.121, 6;
    %dup/vec4;
    %load/vec4 v0x555582881eb0_0;
    %cmp/u;
    %jmp/1 T_21.122, 6;
    %dup/vec4;
    %load/vec4 v0x555582881df0_0;
    %cmp/u;
    %jmp/1 T_21.123, 6;
    %jmp T_21.124;
T_21.121 ;
    %load/vec4 v0x5555828835f0_0;
    %assign/vec4 v0x55558287ed40_0, 0;
    %jmp T_21.124;
T_21.122 ;
    %load/vec4 v0x5555828835f0_0;
    %parti/s 16, 0, 2;
    %pad/s 32;
    %assign/vec4 v0x55558287ed40_0, 0;
    %jmp T_21.124;
T_21.123 ;
    %load/vec4 v0x5555828835f0_0;
    %parti/s 8, 0, 2;
    %pad/s 32;
    %assign/vec4 v0x55558287ed40_0, 0;
    %jmp T_21.124;
T_21.124 ;
    %pop/vec4 1;
    %pushi/vec4 1, 0, 1;
    %assign/vec4 v0x55558287dac0_0, 0;
    %pushi/vec4 1, 0, 1;
    %assign/vec4 v0x55558287d940_0, 0;
    %pushi/vec4 64, 0, 8;
    %assign/vec4 v0x55558287b8a0_0, 0;
T_21.118 ;
T_21.107 ;
    %jmp T_21.15;
T_21.15 ;
    %pop/vec4 1;
T_21.6 ;
    %pushi/vec4 1, 0, 1;
    %flag_set/vec4 11;
    %flag_get/vec4 11;
    %jmp/0 T_21.129, 11;
    %load/vec4 v0x55558287db80_0;
    %and;
T_21.129;
    %flag_set/vec4 10;
    %flag_get/vec4 10;
    %jmp/0 T_21.128, 10;
    %load/vec4 v0x55558287da00_0;
    %nor/r;
    %and;
T_21.128;
    %flag_set/vec4 9;
    %flag_get/vec4 9;
    %jmp/0 T_21.127, 9;
    %load/vec4 v0x55558287e620_0;
    %and;
T_21.127;
    %flag_set/vec4 8;
    %jmp/0xz  T_21.125, 8;
    %pushi/vec4 128, 0, 8;
    %assign/vec4 v0x55558287b8a0_0, 0;
T_21.125 ;
    %load/vec4 v0x55558287efe0_0;
    %nor/r;
    %flag_set/vec4 8;
    %jmp/1 T_21.132, 8;
    %load/vec4 v0x555582882870_0;
    %flag_set/vec4 9;
    %flag_or 8, 9;
T_21.132;
    %jmp/0xz  T_21.130, 8;
    %pushi/vec4 0, 0, 1;
    %assign/vec4 v0x555582882570_0, 0;
    %pushi/vec4 0, 0, 1;
    %assign/vec4 v0x5555828826f0_0, 0;
    %pushi/vec4 0, 0, 1;
    %assign/vec4 v0x555582882630_0, 0;
    %pushi/vec4 0, 0, 1;
    %assign/vec4 v0x5555828827b0_0, 0;
T_21.130 ;
    %load/vec4 v0x55558287f140_0;
    %flag_set/vec4 8;
    %jmp/0xz  T_21.133, 8;
    %pushi/vec4 1, 0, 1;
    %assign/vec4 v0x5555828826f0_0, 0;
T_21.133 ;
    %load/vec4 v0x55558287f080_0;
    %flag_set/vec4 8;
    %jmp/0xz  T_21.135, 8;
    %pushi/vec4 1, 0, 1;
    %assign/vec4 v0x555582882630_0, 0;
T_21.135 ;
    %load/vec4 v0x55558287f200_0;
    %flag_set/vec4 8;
    %jmp/0xz  T_21.137, 8;
    %pushi/vec4 1, 0, 1;
    %assign/vec4 v0x5555828827b0_0, 0;
T_21.137 ;
    %load/vec4 v0x555582883e10_0;
    %pushi/vec4 4294967295, 0, 32;
    %and;
    %assign/vec4 v0x555582880eb0_0, 0;
    %pushi/vec4 0, 0, 2;
    %ix/load 5, 0, 0;
    %ix/load 4, 0, 0;
    %flag_set/imm 4, 0;
    %assign/vec4/off/d v0x55558287ee20_0, 4, 5;
    %pushi/vec4 0, 0, 2;
    %ix/load 5, 0, 0;
    %ix/load 4, 0, 0;
    %flag_set/imm 4, 0;
    %assign/vec4/off/d v0x555582885670_0, 4, 5;
    %pushi/vec4 4294967295, 4294967295, 32;
    %store/vec4 v0x55558287c1a0_0, 0, 32;
    %jmp T_21;
    .thread T_21;
    .scope S_0x5555828708c0;
T_22 ;
    %pushi/vec4 0, 0, 1;
    %store/vec4 v0x555582888cd0_0, 0, 1;
    %pushi/vec4 0, 0, 32;
    %store/vec4 v0x555582888910_0, 0, 32;
    %pushi/vec4 0, 0, 1;
    %store/vec4 v0x555582888c30_0, 0, 1;
    %pushi/vec4 0, 0, 1;
    %store/vec4 v0x5555828889b0_0, 0, 1;
    %end;
    .thread T_22, $init;
    .scope S_0x55558285b4e0;
T_23 ;
    %wait E_0x55558253cc00;
    %load/vec4 v0x555582869550_0;
    %nor/r;
    %flag_set/vec4 8;
    %jmp/0xz  T_23.0, 8;
    %pushi/vec4 0, 0, 2;
    %assign/vec4 v0x55558286d510_0, 0;
    %pushi/vec4 0, 0, 2;
    %assign/vec4 v0x55558286d470_0, 0;
    %pushi/vec4 0, 0, 32;
    %assign/vec4 v0x55558286d330_0, 0;
    %pushi/vec4 0, 0, 3;
    %assign/vec4 v0x55558286d3d0_0, 0;
    %jmp T_23.1;
T_23.0 ;
    %load/vec4 v0x55558286d510_0;
    %dup/vec4;
    %pushi/vec4 0, 0, 2;
    %cmp/u;
    %jmp/1 T_23.2, 6;
    %dup/vec4;
    %pushi/vec4 1, 0, 2;
    %cmp/u;
    %jmp/1 T_23.3, 6;
    %dup/vec4;
    %pushi/vec4 2, 0, 2;
    %cmp/u;
    %jmp/1 T_23.4, 6;
    %dup/vec4;
    %pushi/vec4 3, 0, 2;
    %cmp/u;
    %jmp/1 T_23.5, 6;
    %jmp T_23.6;
T_23.2 ;
    %load/vec4 v0x555582867fe0_0;
    %flag_set/vec4 9;
    %flag_get/vec4 9;
    %jmp/0 T_23.9, 9;
    %load/vec4 v0x555582868080_0;
    %and;
T_23.9;
    %flag_set/vec4 8;
    %jmp/0xz  T_23.7, 8;
    %load/vec4 v0x555582867ae0_0;
    %assign/vec4 v0x55558286d470_0, 0;
    %load/vec4 v0x555582867ea0_0;
    %assign/vec4 v0x55558286d330_0, 0;
    %load/vec4 v0x555582867f40_0;
    %assign/vec4 v0x55558286d3d0_0, 0;
    %load/vec4 v0x555582867a40_0;
    %flag_set/vec4 8;
    %jmp/0xz  T_23.10, 8;
    %pushi/vec4 3, 0, 2;
    %assign/vec4 v0x55558286d510_0, 0;
    %jmp T_23.11;
T_23.10 ;
    %pushi/vec4 1, 0, 2;
    %assign/vec4 v0x55558286d510_0, 0;
T_23.11 ;
T_23.7 ;
    %jmp T_23.6;
T_23.3 ;
    %load/vec4 v0x555582868760_0;
    %flag_set/vec4 9;
    %flag_get/vec4 9;
    %jmp/0 T_23.14, 9;
    %load/vec4 v0x555582868900_0;
    %and;
T_23.14;
    %flag_set/vec4 8;
    %jmp/0xz  T_23.12, 8;
    %pushi/vec4 2, 0, 2;
    %assign/vec4 v0x55558286d510_0, 0;
T_23.12 ;
    %jmp T_23.6;
T_23.4 ;
    %load/vec4 v0x555582868280_0;
    %flag_set/vec4 9;
    %flag_get/vec4 9;
    %jmp/0 T_23.17, 9;
    %load/vec4 v0x555582868120_0;
    %and;
T_23.17;
    %flag_set/vec4 8;
    %jmp/0xz  T_23.15, 8;
    %pushi/vec4 0, 0, 2;
    %assign/vec4 v0x55558286d510_0, 0;
T_23.15 ;
    %jmp T_23.6;
T_23.5 ;
    %load/vec4 v0x555582868120_0;
    %flag_set/vec4 8;
    %jmp/0xz  T_23.18, 8;
    %pushi/vec4 0, 0, 2;
    %assign/vec4 v0x55558286d510_0, 0;
T_23.18 ;
    %jmp T_23.6;
T_23.6 ;
    %pop/vec4 1;
T_23.1 ;
    %jmp T_23;
    .thread T_23;
    .scope S_0x55558285b4e0;
T_24 ;
    %wait E_0x55558253cc00;
    %load/vec4 v0x555582869550_0;
    %nor/r;
    %flag_set/vec4 8;
    %jmp/0xz  T_24.0, 8;
    %pushi/vec4 0, 0, 2;
    %assign/vec4 v0x555582869470_0, 0;
    %pushi/vec4 0, 0, 2;
    %assign/vec4 v0x555582868b80_0, 0;
    %pushi/vec4 0, 0, 32;
    %assign/vec4 v0x5555828689c0_0, 0;
    %pushi/vec4 0, 0, 3;
    %assign/vec4 v0x555582868aa0_0, 0;
    %jmp T_24.1;
T_24.0 ;
    %load/vec4 v0x555582869470_0;
    %dup/vec4;
    %pushi/vec4 0, 0, 2;
    %cmp/u;
    %jmp/1 T_24.2, 6;
    %dup/vec4;
    %pushi/vec4 1, 0, 2;
    %cmp/u;
    %jmp/1 T_24.3, 6;
    %dup/vec4;
    %pushi/vec4 2, 0, 2;
    %cmp/u;
    %jmp/1 T_24.4, 6;
    %jmp T_24.5;
T_24.2 ;
    %load/vec4 v0x555582867d60_0;
    %flag_set/vec4 9;
    %flag_get/vec4 9;
    %jmp/0 T_24.8, 9;
    %load/vec4 v0x555582867e00_0;
    %and;
T_24.8;
    %flag_set/vec4 8;
    %jmp/0xz  T_24.6, 8;
    %load/vec4 v0x5555828679a0_0;
    %assign/vec4 v0x555582868b80_0, 0;
    %load/vec4 v0x555582867c20_0;
    %assign/vec4 v0x5555828689c0_0, 0;
    %load/vec4 v0x555582867cc0_0;
    %assign/vec4 v0x555582868aa0_0, 0;
    %load/vec4 v0x555582867900_0;
    %flag_set/vec4 8;
    %jmp/0xz  T_24.9, 8;
    %pushi/vec4 2, 0, 2;
    %assign/vec4 v0x555582869470_0, 0;
    %jmp T_24.10;
T_24.9 ;
    %pushi/vec4 1, 0, 2;
    %assign/vec4 v0x555582869470_0, 0;
T_24.10 ;
T_24.6 ;
    %jmp T_24.5;
T_24.3 ;
    %load/vec4 v0x5555828685c0_0;
    %flag_set/vec4 9;
    %flag_get/vec4 9;
    %jmp/0 T_24.13, 9;
    %load/vec4 v0x555582868420_0;
    %and;
T_24.13;
    %flag_set/vec4 8;
    %jmp/0xz  T_24.11, 8;
    %pushi/vec4 0, 0, 2;
    %assign/vec4 v0x555582869470_0, 0;
T_24.11 ;
    %jmp T_24.5;
T_24.4 ;
    %load/vec4 v0x555582868420_0;
    %flag_set/vec4 8;
    %jmp/0xz  T_24.14, 8;
    %pushi/vec4 0, 0, 2;
    %assign/vec4 v0x555582869470_0, 0;
T_24.14 ;
    %jmp T_24.5;
T_24.5 ;
    %pop/vec4 1;
T_24.1 ;
    %jmp T_24;
    .thread T_24;
    .scope S_0x55558285b4e0;
T_25 ;
Ewait_10 .event/or E_0x5555827b5db0, E_0x0;
    %wait Ewait_10;
    %pushi/vec4 0, 0, 1;
    %store/vec4 v0x555582869c00_0, 0, 1;
    %pushi/vec4 0, 0, 32;
    %store/vec4 v0x555582869980_0, 0, 32;
    %pushi/vec4 0, 0, 3;
    %store/vec4 v0x555582869a60_0, 0, 3;
    %pushi/vec4 0, 0, 1;
    %store/vec4 v0x55558286ab60_0, 0, 1;
    %pushi/vec4 0, 0, 32;
    %store/vec4 v0x55558286a8e0_0, 0, 32;
    %pushi/vec4 0, 0, 3;
    %store/vec4 v0x55558286a9c0_0, 0, 3;
    %pushi/vec4 0, 0, 1;
    %store/vec4 v0x55558286bac0_0, 0, 1;
    %pushi/vec4 0, 0, 32;
    %store/vec4 v0x55558286b840_0, 0, 32;
    %pushi/vec4 0, 0, 3;
    %store/vec4 v0x55558286b920_0, 0, 3;
    %pushi/vec4 0, 0, 1;
    %store/vec4 v0x55558286c970_0, 0, 1;
    %pushi/vec4 0, 0, 32;
    %store/vec4 v0x55558286c700_0, 0, 32;
    %pushi/vec4 0, 0, 3;
    %store/vec4 v0x55558286c7d0_0, 0, 3;
    %pushi/vec4 0, 0, 1;
    %store/vec4 v0x555582867fe0_0, 0, 1;
    %load/vec4 v0x55558286d510_0;
    %cmpi/e 0, 0, 2;
    %flag_get/vec4 4;
    %jmp/0 T_25.3, 4;
    %load/vec4 v0x555582868080_0;
    %and;
T_25.3;
    %flag_set/vec4 9;
    %flag_get/vec4 9;
    %jmp/0 T_25.2, 9;
    %load/vec4 v0x555582867a40_0;
    %nor/r;
    %and;
T_25.2;
    %flag_set/vec4 8;
    %jmp/0xz  T_25.0, 8;
    %load/vec4 v0x555582867ae0_0;
    %dup/vec4;
    %pushi/vec4 0, 0, 2;
    %cmp/u;
    %jmp/1 T_25.4, 6;
    %dup/vec4;
    %pushi/vec4 1, 0, 2;
    %cmp/u;
    %jmp/1 T_25.5, 6;
    %dup/vec4;
    %pushi/vec4 2, 0, 2;
    %cmp/u;
    %jmp/1 T_25.6, 6;
    %dup/vec4;
    %pushi/vec4 3, 0, 2;
    %cmp/u;
    %jmp/1 T_25.7, 6;
    %jmp T_25.8;
T_25.4 ;
    %pushi/vec4 1, 0, 1;
    %store/vec4 v0x555582869c00_0, 0, 1;
    %load/vec4 v0x555582867ea0_0;
    %store/vec4 v0x555582869980_0, 0, 32;
    %load/vec4 v0x555582867f40_0;
    %store/vec4 v0x555582869a60_0, 0, 3;
    %load/vec4 v0x555582869b40_0;
    %store/vec4 v0x555582867fe0_0, 0, 1;
    %jmp T_25.8;
T_25.5 ;
    %pushi/vec4 1, 0, 1;
    %store/vec4 v0x55558286ab60_0, 0, 1;
    %load/vec4 v0x555582867ea0_0;
    %store/vec4 v0x55558286a8e0_0, 0, 32;
    %load/vec4 v0x555582867f40_0;
    %store/vec4 v0x55558286a9c0_0, 0, 3;
    %load/vec4 v0x55558286aaa0_0;
    %store/vec4 v0x555582867fe0_0, 0, 1;
    %jmp T_25.8;
T_25.6 ;
    %pushi/vec4 1, 0, 1;
    %store/vec4 v0x55558286bac0_0, 0, 1;
    %load/vec4 v0x555582867ea0_0;
    %store/vec4 v0x55558286b840_0, 0, 32;
    %load/vec4 v0x555582867f40_0;
    %store/vec4 v0x55558286b920_0, 0, 3;
    %load/vec4 v0x55558286ba00_0;
    %store/vec4 v0x555582867fe0_0, 0, 1;
    %jmp T_25.8;
T_25.7 ;
    %pushi/vec4 1, 0, 1;
    %store/vec4 v0x55558286c970_0, 0, 1;
    %load/vec4 v0x555582867ea0_0;
    %store/vec4 v0x55558286c700_0, 0, 32;
    %load/vec4 v0x555582867f40_0;
    %store/vec4 v0x55558286c7d0_0, 0, 3;
    %load/vec4 v0x55558286c8a0_0;
    %store/vec4 v0x555582867fe0_0, 0, 1;
    %jmp T_25.8;
T_25.8 ;
    %pop/vec4 1;
    %jmp T_25.1;
T_25.0 ;
    %load/vec4 v0x55558286d510_0;
    %cmpi/e 0, 0, 2;
    %flag_get/vec4 4;
    %jmp/0 T_25.12, 4;
    %load/vec4 v0x555582868080_0;
    %and;
T_25.12;
    %flag_set/vec4 9;
    %flag_get/vec4 9;
    %jmp/0 T_25.11, 9;
    %load/vec4 v0x555582867a40_0;
    %and;
T_25.11;
    %flag_set/vec4 8;
    %jmp/0xz  T_25.9, 8;
    %pushi/vec4 1, 0, 1;
    %store/vec4 v0x555582867fe0_0, 0, 1;
T_25.9 ;
T_25.1 ;
    %jmp T_25;
    .thread T_25, $push;
    .scope S_0x55558285b4e0;
T_26 ;
Ewait_11 .event/or E_0x5555827b5cf0, E_0x0;
    %wait Ewait_11;
    %pushi/vec4 0, 0, 1;
    %store/vec4 v0x55558286a4e0_0, 0, 1;
    %pushi/vec4 0, 0, 32;
    %store/vec4 v0x55558286a260_0, 0, 32;
    %pushi/vec4 0, 0, 4;
    %store/vec4 v0x55558286a400_0, 0, 4;
    %pushi/vec4 0, 0, 1;
    %store/vec4 v0x55558286b440_0, 0, 1;
    %pushi/vec4 0, 0, 32;
    %store/vec4 v0x55558286b1c0_0, 0, 32;
    %pushi/vec4 0, 0, 4;
    %store/vec4 v0x55558286b360_0, 0, 4;
    %pushi/vec4 0, 0, 1;
    %store/vec4 v0x55558286c3a0_0, 0, 1;
    %pushi/vec4 0, 0, 32;
    %store/vec4 v0x55558286c120_0, 0, 32;
    %pushi/vec4 0, 0, 4;
    %store/vec4 v0x55558286c2c0_0, 0, 4;
    %pushi/vec4 0, 0, 1;
    %store/vec4 v0x55558286d260_0, 0, 1;
    %pushi/vec4 0, 0, 32;
    %store/vec4 v0x55558286cff0_0, 0, 32;
    %pushi/vec4 0, 0, 4;
    %store/vec4 v0x55558286d190_0, 0, 4;
    %pushi/vec4 0, 0, 1;
    %store/vec4 v0x555582868760_0, 0, 1;
    %load/vec4 v0x55558286d510_0;
    %cmpi/e 1, 0, 2;
    %jmp/0xz  T_26.0, 4;
    %load/vec4 v0x55558286d470_0;
    %dup/vec4;
    %pushi/vec4 0, 0, 2;
    %cmp/u;
    %jmp/1 T_26.2, 6;
    %dup/vec4;
    %pushi/vec4 1, 0, 2;
    %cmp/u;
    %jmp/1 T_26.3, 6;
    %dup/vec4;
    %pushi/vec4 2, 0, 2;
    %cmp/u;
    %jmp/1 T_26.4, 6;
    %dup/vec4;
    %pushi/vec4 3, 0, 2;
    %cmp/u;
    %jmp/1 T_26.5, 6;
    %jmp T_26.6;
T_26.2 ;
    %load/vec4 v0x555582868900_0;
    %store/vec4 v0x55558286a4e0_0, 0, 1;
    %load/vec4 v0x555582868680_0;
    %store/vec4 v0x55558286a260_0, 0, 32;
    %load/vec4 v0x555582868820_0;
    %store/vec4 v0x55558286a400_0, 0, 4;
    %load/vec4 v0x55558286a340_0;
    %store/vec4 v0x555582868760_0, 0, 1;
    %jmp T_26.6;
T_26.3 ;
    %load/vec4 v0x555582868900_0;
    %store/vec4 v0x55558286b440_0, 0, 1;
    %load/vec4 v0x555582868680_0;
    %store/vec4 v0x55558286b1c0_0, 0, 32;
    %load/vec4 v0x555582868820_0;
    %store/vec4 v0x55558286b360_0, 0, 4;
    %load/vec4 v0x55558286b2a0_0;
    %store/vec4 v0x555582868760_0, 0, 1;
    %jmp T_26.6;
T_26.4 ;
    %load/vec4 v0x555582868900_0;
    %store/vec4 v0x55558286c3a0_0, 0, 1;
    %load/vec4 v0x555582868680_0;
    %store/vec4 v0x55558286c120_0, 0, 32;
    %load/vec4 v0x555582868820_0;
    %store/vec4 v0x55558286c2c0_0, 0, 4;
    %load/vec4 v0x55558286c200_0;
    %store/vec4 v0x555582868760_0, 0, 1;
    %jmp T_26.6;
T_26.5 ;
    %load/vec4 v0x555582868900_0;
    %store/vec4 v0x55558286d260_0, 0, 1;
    %load/vec4 v0x555582868680_0;
    %store/vec4 v0x55558286cff0_0, 0, 32;
    %load/vec4 v0x555582868820_0;
    %store/vec4 v0x55558286d190_0, 0, 4;
    %load/vec4 v0x55558286d0c0_0;
    %store/vec4 v0x555582868760_0, 0, 1;
    %jmp T_26.6;
T_26.6 ;
    %pop/vec4 1;
    %jmp T_26.1;
T_26.0 ;
    %load/vec4 v0x55558286d510_0;
    %cmpi/e 3, 0, 2;
    %jmp/0xz  T_26.7, 4;
    %load/vec4 v0x555582868900_0;
    %store/vec4 v0x555582868760_0, 0, 1;
T_26.7 ;
T_26.1 ;
    %jmp T_26;
    .thread T_26, $push;
    .scope S_0x55558285b4e0;
T_27 ;
Ewait_12 .event/or E_0x5555827b6a20, E_0x0;
    %wait Ewait_12;
    %pushi/vec4 0, 0, 1;
    %store/vec4 v0x555582868280_0, 0, 1;
    %pushi/vec4 0, 0, 2;
    %store/vec4 v0x5555828681c0_0, 0, 2;
    %pushi/vec4 0, 0, 1;
    %store/vec4 v0x555582869cc0_0, 0, 1;
    %pushi/vec4 0, 0, 1;
    %store/vec4 v0x55558286ac20_0, 0, 1;
    %pushi/vec4 0, 0, 1;
    %store/vec4 v0x55558286bb80_0, 0, 1;
    %pushi/vec4 0, 0, 1;
    %store/vec4 v0x55558286ca40_0, 0, 1;
    %load/vec4 v0x55558286d510_0;
    %cmpi/e 2, 0, 2;
    %jmp/0xz  T_27.0, 4;
    %load/vec4 v0x55558286d470_0;
    %dup/vec4;
    %pushi/vec4 0, 0, 2;
    %cmp/u;
    %jmp/1 T_27.2, 6;
    %dup/vec4;
    %pushi/vec4 1, 0, 2;
    %cmp/u;
    %jmp/1 T_27.3, 6;
    %dup/vec4;
    %pushi/vec4 2, 0, 2;
    %cmp/u;
    %jmp/1 T_27.4, 6;
    %dup/vec4;
    %pushi/vec4 3, 0, 2;
    %cmp/u;
    %jmp/1 T_27.5, 6;
    %jmp T_27.6;
T_27.2 ;
    %load/vec4 v0x555582869e60_0;
    %store/vec4 v0x555582868280_0, 0, 1;
    %load/vec4 v0x555582869d80_0;
    %store/vec4 v0x5555828681c0_0, 0, 2;
    %load/vec4 v0x555582868120_0;
    %store/vec4 v0x555582869cc0_0, 0, 1;
    %jmp T_27.6;
T_27.3 ;
    %load/vec4 v0x55558286adc0_0;
    %store/vec4 v0x555582868280_0, 0, 1;
    %load/vec4 v0x55558286ace0_0;
    %store/vec4 v0x5555828681c0_0, 0, 2;
    %load/vec4 v0x555582868120_0;
    %store/vec4 v0x55558286ac20_0, 0, 1;
    %jmp T_27.6;
T_27.4 ;
    %load/vec4 v0x55558286bd20_0;
    %store/vec4 v0x555582868280_0, 0, 1;
    %load/vec4 v0x55558286bc40_0;
    %store/vec4 v0x5555828681c0_0, 0, 2;
    %load/vec4 v0x555582868120_0;
    %store/vec4 v0x55558286bb80_0, 0, 1;
    %jmp T_27.6;
T_27.5 ;
    %load/vec4 v0x55558286cbe0_0;
    %store/vec4 v0x555582868280_0, 0, 1;
    %load/vec4 v0x55558286cb10_0;
    %store/vec4 v0x5555828681c0_0, 0, 2;
    %load/vec4 v0x555582868120_0;
    %store/vec4 v0x55558286ca40_0, 0, 1;
    %jmp T_27.6;
T_27.6 ;
    %pop/vec4 1;
    %jmp T_27.1;
T_27.0 ;
    %load/vec4 v0x55558286d510_0;
    %cmpi/e 3, 0, 2;
    %jmp/0xz  T_27.7, 4;
    %pushi/vec4 1, 0, 1;
    %store/vec4 v0x555582868280_0, 0, 1;
    %pushi/vec4 3, 0, 2;
    %store/vec4 v0x5555828681c0_0, 0, 2;
T_27.7 ;
T_27.1 ;
    %jmp T_27;
    .thread T_27, $push;
    .scope S_0x55558285b4e0;
T_28 ;
Ewait_13 .event/or E_0x5555828644b0, E_0x0;
    %wait Ewait_13;
    %pushi/vec4 0, 0, 1;
    %store/vec4 v0x5555828698c0_0, 0, 1;
    %pushi/vec4 0, 0, 32;
    %store/vec4 v0x555582869640_0, 0, 32;
    %pushi/vec4 0, 0, 3;
    %store/vec4 v0x555582869720_0, 0, 3;
    %pushi/vec4 0, 0, 1;
    %store/vec4 v0x55558286a820_0, 0, 1;
    %pushi/vec4 0, 0, 32;
    %store/vec4 v0x55558286a5a0_0, 0, 32;
    %pushi/vec4 0, 0, 3;
    %store/vec4 v0x55558286a680_0, 0, 3;
    %pushi/vec4 0, 0, 1;
    %store/vec4 v0x55558286b780_0, 0, 1;
    %pushi/vec4 0, 0, 32;
    %store/vec4 v0x55558286b500_0, 0, 32;
    %pushi/vec4 0, 0, 3;
    %store/vec4 v0x55558286b5e0_0, 0, 3;
    %pushi/vec4 0, 0, 1;
    %store/vec4 v0x55558286c660_0, 0, 1;
    %pushi/vec4 0, 0, 32;
    %store/vec4 v0x55558286c460_0, 0, 32;
    %pushi/vec4 0, 0, 3;
    %store/vec4 v0x55558286c520_0, 0, 3;
    %pushi/vec4 0, 0, 1;
    %store/vec4 v0x555582867d60_0, 0, 1;
    %load/vec4 v0x555582869470_0;
    %cmpi/e 0, 0, 2;
    %flag_get/vec4 4;
    %jmp/0 T_28.3, 4;
    %load/vec4 v0x555582867e00_0;
    %and;
T_28.3;
    %flag_set/vec4 9;
    %flag_get/vec4 9;
    %jmp/0 T_28.2, 9;
    %load/vec4 v0x555582867900_0;
    %nor/r;
    %and;
T_28.2;
    %flag_set/vec4 8;
    %jmp/0xz  T_28.0, 8;
    %load/vec4 v0x5555828679a0_0;
    %dup/vec4;
    %pushi/vec4 0, 0, 2;
    %cmp/u;
    %jmp/1 T_28.4, 6;
    %dup/vec4;
    %pushi/vec4 1, 0, 2;
    %cmp/u;
    %jmp/1 T_28.5, 6;
    %dup/vec4;
    %pushi/vec4 2, 0, 2;
    %cmp/u;
    %jmp/1 T_28.6, 6;
    %dup/vec4;
    %pushi/vec4 3, 0, 2;
    %cmp/u;
    %jmp/1 T_28.7, 6;
    %jmp T_28.8;
T_28.4 ;
    %pushi/vec4 1, 0, 1;
    %store/vec4 v0x5555828698c0_0, 0, 1;
    %load/vec4 v0x555582867c20_0;
    %store/vec4 v0x555582869640_0, 0, 32;
    %load/vec4 v0x555582867cc0_0;
    %store/vec4 v0x555582869720_0, 0, 3;
    %load/vec4 v0x555582869800_0;
    %store/vec4 v0x555582867d60_0, 0, 1;
    %jmp T_28.8;
T_28.5 ;
    %pushi/vec4 1, 0, 1;
    %store/vec4 v0x55558286a820_0, 0, 1;
    %load/vec4 v0x555582867c20_0;
    %store/vec4 v0x55558286a5a0_0, 0, 32;
    %load/vec4 v0x555582867cc0_0;
    %store/vec4 v0x55558286a680_0, 0, 3;
    %load/vec4 v0x55558286a760_0;
    %store/vec4 v0x555582867d60_0, 0, 1;
    %jmp T_28.8;
T_28.6 ;
    %pushi/vec4 1, 0, 1;
    %store/vec4 v0x55558286b780_0, 0, 1;
    %load/vec4 v0x555582867c20_0;
    %store/vec4 v0x55558286b500_0, 0, 32;
    %load/vec4 v0x555582867cc0_0;
    %store/vec4 v0x55558286b5e0_0, 0, 3;
    %load/vec4 v0x55558286b6c0_0;
    %store/vec4 v0x555582867d60_0, 0, 1;
    %jmp T_28.8;
T_28.7 ;
    %pushi/vec4 1, 0, 1;
    %store/vec4 v0x55558286c660_0, 0, 1;
    %load/vec4 v0x555582867c20_0;
    %store/vec4 v0x55558286c460_0, 0, 32;
    %load/vec4 v0x555582867cc0_0;
    %store/vec4 v0x55558286c520_0, 0, 3;
    %load/vec4 v0x55558286c5c0_0;
    %store/vec4 v0x555582867d60_0, 0, 1;
    %jmp T_28.8;
T_28.8 ;
    %pop/vec4 1;
    %jmp T_28.1;
T_28.0 ;
    %load/vec4 v0x555582869470_0;
    %cmpi/e 1, 0, 2;
    %jmp/0xz  T_28.9, 4;
    %load/vec4 v0x555582868b80_0;
    %dup/vec4;
    %pushi/vec4 0, 0, 2;
    %cmp/u;
    %jmp/1 T_28.11, 6;
    %dup/vec4;
    %pushi/vec4 1, 0, 2;
    %cmp/u;
    %jmp/1 T_28.12, 6;
    %dup/vec4;
    %pushi/vec4 2, 0, 2;
    %cmp/u;
    %jmp/1 T_28.13, 6;
    %dup/vec4;
    %pushi/vec4 3, 0, 2;
    %cmp/u;
    %jmp/1 T_28.14, 6;
    %jmp T_28.15;
T_28.11 ;
    %load/vec4 v0x555582868aa0_0;
    %store/vec4 v0x555582869720_0, 0, 3;
    %jmp T_28.15;
T_28.12 ;
    %load/vec4 v0x555582868aa0_0;
    %store/vec4 v0x55558286a680_0, 0, 3;
    %jmp T_28.15;
T_28.13 ;
    %load/vec4 v0x555582868aa0_0;
    %store/vec4 v0x55558286b5e0_0, 0, 3;
    %jmp T_28.15;
T_28.14 ;
    %load/vec4 v0x555582868aa0_0;
    %store/vec4 v0x55558286c520_0, 0, 3;
    %jmp T_28.15;
T_28.15 ;
    %pop/vec4 1;
    %jmp T_28.10;
T_28.9 ;
    %load/vec4 v0x555582869470_0;
    %cmpi/e 0, 0, 2;
    %flag_get/vec4 4;
    %jmp/0 T_28.19, 4;
    %load/vec4 v0x555582867e00_0;
    %and;
T_28.19;
    %flag_set/vec4 9;
    %flag_get/vec4 9;
    %jmp/0 T_28.18, 9;
    %load/vec4 v0x555582867900_0;
    %and;
T_28.18;
    %flag_set/vec4 8;
    %jmp/0xz  T_28.16, 8;
    %pushi/vec4 1, 0, 1;
    %store/vec4 v0x555582867d60_0, 0, 1;
T_28.16 ;
T_28.10 ;
T_28.1 ;
    %jmp T_28;
    .thread T_28, $push;
    .scope S_0x55558285b4e0;
T_29 ;
Ewait_14 .event/or E_0x5555828638c0, E_0x0;
    %wait Ewait_14;
    %pushi/vec4 3735928559, 0, 32;
    %store/vec4 v0x555582868340_0, 0, 32;
    %pushi/vec4 0, 0, 2;
    %store/vec4 v0x5555828684e0_0, 0, 2;
    %pushi/vec4 0, 0, 1;
    %store/vec4 v0x5555828685c0_0, 0, 1;
    %pushi/vec4 0, 0, 1;
    %store/vec4 v0x55558286a000_0, 0, 1;
    %pushi/vec4 0, 0, 1;
    %store/vec4 v0x55558286af60_0, 0, 1;
    %pushi/vec4 0, 0, 1;
    %store/vec4 v0x55558286bec0_0, 0, 1;
    %pushi/vec4 0, 0, 1;
    %store/vec4 v0x55558286cd80_0, 0, 1;
    %load/vec4 v0x555582869470_0;
    %cmpi/e 1, 0, 2;
    %jmp/0xz  T_29.0, 4;
    %load/vec4 v0x555582868b80_0;
    %dup/vec4;
    %pushi/vec4 0, 0, 2;
    %cmp/u;
    %jmp/1 T_29.2, 6;
    %dup/vec4;
    %pushi/vec4 1, 0, 2;
    %cmp/u;
    %jmp/1 T_29.3, 6;
    %dup/vec4;
    %pushi/vec4 2, 0, 2;
    %cmp/u;
    %jmp/1 T_29.4, 6;
    %dup/vec4;
    %pushi/vec4 3, 0, 2;
    %cmp/u;
    %jmp/1 T_29.5, 6;
    %jmp T_29.6;
T_29.2 ;
    %load/vec4 v0x555582869f20_0;
    %store/vec4 v0x555582868340_0, 0, 32;
    %load/vec4 v0x55558286a0c0_0;
    %store/vec4 v0x5555828684e0_0, 0, 2;
    %load/vec4 v0x55558286a1a0_0;
    %store/vec4 v0x5555828685c0_0, 0, 1;
    %load/vec4 v0x555582868420_0;
    %store/vec4 v0x55558286a000_0, 0, 1;
    %jmp T_29.6;
T_29.3 ;
    %load/vec4 v0x55558286ae80_0;
    %store/vec4 v0x555582868340_0, 0, 32;
    %load/vec4 v0x55558286b020_0;
    %store/vec4 v0x5555828684e0_0, 0, 2;
    %load/vec4 v0x55558286b100_0;
    %store/vec4 v0x5555828685c0_0, 0, 1;
    %load/vec4 v0x555582868420_0;
    %store/vec4 v0x55558286af60_0, 0, 1;
    %jmp T_29.6;
T_29.4 ;
    %load/vec4 v0x55558286bde0_0;
    %store/vec4 v0x555582868340_0, 0, 32;
    %load/vec4 v0x55558286bf80_0;
    %store/vec4 v0x5555828684e0_0, 0, 2;
    %load/vec4 v0x55558286c060_0;
    %store/vec4 v0x5555828685c0_0, 0, 1;
    %load/vec4 v0x555582868420_0;
    %store/vec4 v0x55558286bec0_0, 0, 1;
    %jmp T_29.6;
T_29.5 ;
    %load/vec4 v0x55558286ccb0_0;
    %store/vec4 v0x555582868340_0, 0, 32;
    %load/vec4 v0x55558286ce50_0;
    %store/vec4 v0x5555828684e0_0, 0, 2;
    %load/vec4 v0x55558286cf20_0;
    %store/vec4 v0x5555828685c0_0, 0, 1;
    %load/vec4 v0x555582868420_0;
    %store/vec4 v0x55558286cd80_0, 0, 1;
    %jmp T_29.6;
T_29.6 ;
    %pop/vec4 1;
    %jmp T_29.1;
T_29.0 ;
    %load/vec4 v0x555582869470_0;
    %cmpi/e 2, 0, 2;
    %jmp/0xz  T_29.7, 4;
    %pushi/vec4 3735936685, 0, 32;
    %store/vec4 v0x555582868340_0, 0, 32;
    %pushi/vec4 3, 0, 2;
    %store/vec4 v0x5555828684e0_0, 0, 2;
    %pushi/vec4 1, 0, 1;
    %store/vec4 v0x5555828685c0_0, 0, 1;
T_29.7 ;
T_29.1 ;
    %jmp T_29;
    .thread T_29, $push;
    .scope S_0x55558286e170;
T_30 ;
    %end;
    .thread T_30;
    .scope S_0x55558286e170;
T_31 ;
    %fork t_1, S_0x55558286e7f0;
    %jmp t_0;
    .scope S_0x55558286e7f0;
t_1 ;
    %pushi/vec4 0, 0, 32;
    %store/vec4 v0x55558286e9f0_0, 0, 32;
T_31.0 ; Top of for-loop
    %load/vec4 v0x55558286e9f0_0;
    %cmpi/s 16384, 0, 32;
	  %jmp/0xz T_31.1, 5;
    %pushi/vec4 0, 0, 32;
    %ix/getv/s 4, v0x55558286e9f0_0;
    %store/vec4a v0x5555828701a0, 4, 0;
T_31.2 ; for-loop step statement
    ; show_stmt_assign_vector: Get l-value for compressed += operand
    %load/vec4 v0x55558286e9f0_0;
    %pushi/vec4 1, 0, 32;
    %add;
    %cast2;
    %store/vec4 v0x55558286e9f0_0, 0, 32;
    %jmp T_31.0;
T_31.1 ; for-loop exit label
    %end;
    .scope S_0x55558286e170;
t_0 %join;
    %end;
    .thread T_31;
    .scope S_0x55558286e170;
T_32 ;
    %wait E_0x55558253cc00;
    %load/vec4 v0x5555828702e0_0;
    %nor/r;
    %flag_set/vec4 8;
    %jmp/0xz  T_32.0, 8;
    %pushi/vec4 0, 0, 1;
    %assign/vec4 v0x55558286ef50_0, 0;
    %pushi/vec4 0, 0, 1;
    %assign/vec4 v0x5555828704c0_0, 0;
    %pushi/vec4 0, 0, 1;
    %assign/vec4 v0x555582870060_0, 0;
    %pushi/vec4 0, 0, 14;
    %assign/vec4 v0x55558286ee20_0, 0;
    %pushi/vec4 0, 0, 32;
    %assign/vec4 v0x555582870420_0, 0;
    %pushi/vec4 0, 0, 4;
    %assign/vec4 v0x555582870560_0, 0;
    %jmp T_32.1;
T_32.0 ;
    %load/vec4 v0x55558286f590_0;
    %flag_set/vec4 9;
    %flag_get/vec4 9;
    %jmp/0 T_32.4, 9;
    %load/vec4 v0x55558286f4c0_0;
    %and;
T_32.4;
    %flag_set/vec4 8;
    %jmp/0xz  T_32.2, 8;
    %load/vec4 v0x55558286f350_0;
    %parti/s 14, 2, 3;
    %assign/vec4 v0x55558286ee20_0, 0;
    %pushi/vec4 1, 0, 1;
    %assign/vec4 v0x55558286ef50_0, 0;
T_32.2 ;
    %load/vec4 v0x55558286ff90_0;
    %flag_set/vec4 9;
    %flag_get/vec4 9;
    %jmp/0 T_32.7, 9;
    %load/vec4 v0x55558286fdf0_0;
    %and;
T_32.7;
    %flag_set/vec4 8;
    %jmp/0xz  T_32.5, 8;
    %load/vec4 v0x55558286fd20_0;
    %assign/vec4 v0x555582870420_0, 0;
    %load/vec4 v0x55558286fec0_0;
    %assign/vec4 v0x555582870560_0, 0;
    %pushi/vec4 1, 0, 1;
    %assign/vec4 v0x5555828704c0_0, 0;
T_32.5 ;
    %load/vec4 v0x55558286ef50_0;
    %flag_set/vec4 10;
    %flag_get/vec4 10;
    %jmp/0 T_32.11, 10;
    %load/vec4 v0x5555828704c0_0;
    %and;
T_32.11;
    %flag_set/vec4 9;
    %flag_get/vec4 9;
    %jmp/0 T_32.10, 9;
    %load/vec4 v0x555582870060_0;
    %nor/r;
    %and;
T_32.10;
    %flag_set/vec4 8;
    %jmp/0xz  T_32.8, 8;
    %load/vec4 v0x555582870560_0;
    %parti/s 1, 0, 2;
    %flag_set/vec4 8;
    %jmp/0xz  T_32.12, 8;
    %load/vec4 v0x555582870420_0;
    %parti/s 8, 0, 2;
    %load/vec4 v0x55558286ee20_0;
    %pad/u 16;
    %ix/vec4 3;
    %ix/load 4, 0, 0; Constant delay
    %assign/vec4/a/d v0x5555828701a0, 0, 4;
T_32.12 ;
    %load/vec4 v0x555582870560_0;
    %parti/s 1, 1, 2;
    %flag_set/vec4 8;
    %jmp/0xz  T_32.14, 8;
    %load/vec4 v0x555582870420_0;
    %parti/s 8, 8, 5;
    %load/vec4 v0x55558286ee20_0;
    %pad/u 16;
    %ix/vec4 3;
    %ix/load 4, 8, 0; part off
    %ix/load 5, 0, 0; Constant delay
    %assign/vec4/a/d v0x5555828701a0, 4, 5;
T_32.14 ;
    %load/vec4 v0x555582870560_0;
    %parti/s 1, 2, 3;
    %flag_set/vec4 8;
    %jmp/0xz  T_32.16, 8;
    %load/vec4 v0x555582870420_0;
    %parti/s 8, 16, 6;
    %load/vec4 v0x55558286ee20_0;
    %pad/u 16;
    %ix/vec4 3;
    %ix/load 4, 16, 0; part off
    %ix/load 5, 0, 0; Constant delay
    %assign/vec4/a/d v0x5555828701a0, 4, 5;
T_32.16 ;
    %load/vec4 v0x555582870560_0;
    %parti/s 1, 3, 3;
    %flag_set/vec4 8;
    %jmp/0xz  T_32.18, 8;
    %load/vec4 v0x555582870420_0;
    %parti/s 8, 24, 6;
    %load/vec4 v0x55558286ee20_0;
    %pad/u 16;
    %ix/vec4 3;
    %ix/load 4, 24, 0; part off
    %ix/load 5, 0, 0; Constant delay
    %assign/vec4/a/d v0x5555828701a0, 4, 5;
T_32.18 ;
    %pushi/vec4 1, 0, 1;
    %assign/vec4 v0x555582870060_0, 0;
T_32.8 ;
    %load/vec4 v0x555582870060_0;
    %flag_set/vec4 9;
    %flag_get/vec4 9;
    %jmp/0 T_32.22, 9;
    %load/vec4 v0x55558286f660_0;
    %and;
T_32.22;
    %flag_set/vec4 8;
    %jmp/0xz  T_32.20, 8;
    %pushi/vec4 0, 0, 1;
    %assign/vec4 v0x555582870060_0, 0;
    %pushi/vec4 0, 0, 1;
    %assign/vec4 v0x55558286ef50_0, 0;
    %pushi/vec4 0, 0, 1;
    %assign/vec4 v0x5555828704c0_0, 0;
T_32.20 ;
T_32.1 ;
    %jmp T_32;
    .thread T_32;
    .scope S_0x55558286e170;
T_33 ;
    %wait E_0x55558253cc00;
    %load/vec4 v0x5555828702e0_0;
    %nor/r;
    %flag_set/vec4 8;
    %jmp/0xz  T_33.0, 8;
    %pushi/vec4 0, 0, 1;
    %assign/vec4 v0x555582870380_0, 0;
    %pushi/vec4 0, 0, 32;
    %assign/vec4 v0x555582870240_0, 0;
    %jmp T_33.1;
T_33.0 ;
    %load/vec4 v0x55558286f280_0;
    %flag_set/vec4 9;
    %flag_get/vec4 9;
    %jmp/0 T_33.4, 9;
    %load/vec4 v0x55558286f1b0_0;
    %and;
T_33.4;
    %flag_set/vec4 8;
    %jmp/0xz  T_33.2, 8;
    %load/vec4 v0x55558286f010_0;
    %parti/s 14, 2, 3;
    %pad/u 16;
    %ix/vec4 4;
    %load/vec4a v0x5555828701a0, 4;
    %assign/vec4 v0x555582870240_0, 0;
    %pushi/vec4 1, 0, 1;
    %assign/vec4 v0x555582870380_0, 0;
T_33.2 ;
    %load/vec4 v0x555582870380_0;
    %flag_set/vec4 9;
    %flag_get/vec4 9;
    %jmp/0 T_33.7, 9;
    %load/vec4 v0x55558286fab0_0;
    %and;
T_33.7;
    %flag_set/vec4 8;
    %jmp/0xz  T_33.5, 8;
    %pushi/vec4 0, 0, 1;
    %assign/vec4 v0x555582870380_0, 0;
T_33.5 ;
T_33.1 ;
    %jmp T_33;
    .thread T_33;
    .scope S_0x55558288b970;
T_34 ;
    %end;
    .thread T_34;
    .scope S_0x55558288b970;
T_35 ;
    %fork t_3, S_0x55558288bfa0;
    %jmp t_2;
    .scope S_0x55558288bfa0;
t_3 ;
    %pushi/vec4 0, 0, 32;
    %store/vec4 v0x55558288c1a0_0, 0, 32;
T_35.0 ; Top of for-loop
    %load/vec4 v0x55558288c1a0_0;
    %cmpi/s 32768, 0, 32;
	  %jmp/0xz T_35.1, 5;
    %pushi/vec4 0, 0, 32;
    %ix/getv/s 4, v0x55558288c1a0_0;
    %store/vec4a v0x55558288da60, 4, 0;
T_35.2 ; for-loop step statement
    ; show_stmt_assign_vector: Get l-value for compressed += operand
    %load/vec4 v0x55558288c1a0_0;
    %pushi/vec4 1, 0, 32;
    %add;
    %cast2;
    %store/vec4 v0x55558288c1a0_0, 0, 32;
    %jmp T_35.0;
T_35.1 ; for-loop exit label
    %end;
    .scope S_0x55558288b970;
t_2 %join;
    %end;
    .thread T_35;
    .scope S_0x55558288b970;
T_36 ;
    %wait E_0x55558253cc00;
    %load/vec4 v0x55558288dba0_0;
    %nor/r;
    %flag_set/vec4 8;
    %jmp/0xz  T_36.0, 8;
    %pushi/vec4 0, 0, 1;
    %assign/vec4 v0x55558288c700_0, 0;
    %pushi/vec4 0, 0, 1;
    %assign/vec4 v0x55558288de90_0, 0;
    %pushi/vec4 0, 0, 1;
    %assign/vec4 v0x55558288d810_0, 0;
    %pushi/vec4 0, 0, 15;
    %assign/vec4 v0x55558288c5d0_0, 0;
    %pushi/vec4 0, 0, 32;
    %assign/vec4 v0x55558288ddf0_0, 0;
    %pushi/vec4 0, 0, 4;
    %assign/vec4 v0x55558288e140_0, 0;
    %jmp T_36.1;
T_36.0 ;
    %load/vec4 v0x55558288cd40_0;
    %flag_set/vec4 9;
    %flag_get/vec4 9;
    %jmp/0 T_36.4, 9;
    %load/vec4 v0x55558288cc70_0;
    %and;
T_36.4;
    %flag_set/vec4 8;
    %jmp/0xz  T_36.2, 8;
    %load/vec4 v0x55558288cb00_0;
    %parti/s 15, 2, 3;
    %assign/vec4 v0x55558288c5d0_0, 0;
    %pushi/vec4 1, 0, 1;
    %assign/vec4 v0x55558288c700_0, 0;
T_36.2 ;
    %load/vec4 v0x55558288d740_0;
    %flag_set/vec4 9;
    %flag_get/vec4 9;
    %jmp/0 T_36.7, 9;
    %load/vec4 v0x55558288d5a0_0;
    %and;
T_36.7;
    %flag_set/vec4 8;
    %jmp/0xz  T_36.5, 8;
    %load/vec4 v0x55558288d4d0_0;
    %assign/vec4 v0x55558288ddf0_0, 0;
    %load/vec4 v0x55558288d670_0;
    %assign/vec4 v0x55558288e140_0, 0;
    %pushi/vec4 1, 0, 1;
    %assign/vec4 v0x55558288de90_0, 0;
T_36.5 ;
    %load/vec4 v0x55558288c700_0;
    %flag_set/vec4 10;
    %flag_get/vec4 10;
    %jmp/0 T_36.11, 10;
    %load/vec4 v0x55558288de90_0;
    %and;
T_36.11;
    %flag_set/vec4 9;
    %flag_get/vec4 9;
    %jmp/0 T_36.10, 9;
    %load/vec4 v0x55558288d810_0;
    %nor/r;
    %and;
T_36.10;
    %flag_set/vec4 8;
    %jmp/0xz  T_36.8, 8;
    %load/vec4 v0x55558288e140_0;
    %parti/s 1, 0, 2;
    %flag_set/vec4 8;
    %jmp/0xz  T_36.12, 8;
    %load/vec4 v0x55558288ddf0_0;
    %parti/s 8, 0, 2;
    %load/vec4 v0x55558288c5d0_0;
    %pad/u 17;
    %ix/vec4 3;
    %ix/load 4, 0, 0; Constant delay
    %assign/vec4/a/d v0x55558288da60, 0, 4;
T_36.12 ;
    %load/vec4 v0x55558288e140_0;
    %parti/s 1, 1, 2;
    %flag_set/vec4 8;
    %jmp/0xz  T_36.14, 8;
    %load/vec4 v0x55558288ddf0_0;
    %parti/s 8, 8, 5;
    %load/vec4 v0x55558288c5d0_0;
    %pad/u 17;
    %ix/vec4 3;
    %ix/load 4, 8, 0; part off
    %ix/load 5, 0, 0; Constant delay
    %assign/vec4/a/d v0x55558288da60, 4, 5;
T_36.14 ;
    %load/vec4 v0x55558288e140_0;
    %parti/s 1, 2, 3;
    %flag_set/vec4 8;
    %jmp/0xz  T_36.16, 8;
    %load/vec4 v0x55558288ddf0_0;
    %parti/s 8, 16, 6;
    %load/vec4 v0x55558288c5d0_0;
    %pad/u 17;
    %ix/vec4 3;
    %ix/load 4, 16, 0; part off
    %ix/load 5, 0, 0; Constant delay
    %assign/vec4/a/d v0x55558288da60, 4, 5;
T_36.16 ;
    %load/vec4 v0x55558288e140_0;
    %parti/s 1, 3, 3;
    %flag_set/vec4 8;
    %jmp/0xz  T_36.18, 8;
    %load/vec4 v0x55558288ddf0_0;
    %parti/s 8, 24, 6;
    %load/vec4 v0x55558288c5d0_0;
    %pad/u 17;
    %ix/vec4 3;
    %ix/load 4, 24, 0; part off
    %ix/load 5, 0, 0; Constant delay
    %assign/vec4/a/d v0x55558288da60, 4, 5;
T_36.18 ;
    %pushi/vec4 1, 0, 1;
    %assign/vec4 v0x55558288d810_0, 0;
T_36.8 ;
    %load/vec4 v0x55558288d810_0;
    %flag_set/vec4 9;
    %flag_get/vec4 9;
    %jmp/0 T_36.22, 9;
    %load/vec4 v0x55558288ce10_0;
    %and;
T_36.22;
    %flag_set/vec4 8;
    %jmp/0xz  T_36.20, 8;
    %pushi/vec4 0, 0, 1;
    %assign/vec4 v0x55558288d810_0, 0;
    %pushi/vec4 0, 0, 1;
    %assign/vec4 v0x55558288c700_0, 0;
    %pushi/vec4 0, 0, 1;
    %assign/vec4 v0x55558288de90_0, 0;
T_36.20 ;
T_36.1 ;
    %jmp T_36;
    .thread T_36;
    .scope S_0x55558288b970;
T_37 ;
    %wait E_0x55558253cc00;
    %load/vec4 v0x55558288dba0_0;
    %nor/r;
    %flag_set/vec4 8;
    %jmp/0xz  T_37.0, 8;
    %pushi/vec4 0, 0, 1;
    %assign/vec4 v0x55558288dd50_0, 0;
    %pushi/vec4 0, 0, 32;
    %assign/vec4 v0x55558288db00_0, 0;
    %jmp T_37.1;
T_37.0 ;
    %load/vec4 v0x55558288ca30_0;
    %flag_set/vec4 9;
    %flag_get/vec4 9;
    %jmp/0 T_37.4, 9;
    %load/vec4 v0x55558288c960_0;
    %and;
T_37.4;
    %flag_set/vec4 8;
    %jmp/0xz  T_37.2, 8;
    %load/vec4 v0x55558288c7c0_0;
    %parti/s 15, 2, 3;
    %pad/u 17;
    %ix/vec4 4;
    %load/vec4a v0x55558288da60, 4;
    %assign/vec4 v0x55558288db00_0, 0;
    %pushi/vec4 1, 0, 1;
    %assign/vec4 v0x55558288dd50_0, 0;
T_37.2 ;
    %load/vec4 v0x55558288dd50_0;
    %flag_set/vec4 9;
    %flag_get/vec4 9;
    %jmp/0 T_37.7, 9;
    %load/vec4 v0x55558288d260_0;
    %and;
T_37.7;
    %flag_set/vec4 8;
    %jmp/0xz  T_37.5, 8;
    %pushi/vec4 0, 0, 1;
    %assign/vec4 v0x55558288dd50_0, 0;
T_37.5 ;
T_37.1 ;
    %jmp T_37;
    .thread T_37;
    .scope S_0x555582889230;
T_38 ;
    %end;
    .thread T_38;
    .scope S_0x555582889230;
T_39 ;
    %fork t_5, S_0x555582889820;
    %jmp t_4;
    .scope S_0x555582889820;
t_5 ;
    %pushi/vec4 0, 0, 32;
    %store/vec4 v0x555582889a20_0, 0, 32;
T_39.0 ; Top of for-loop
    %load/vec4 v0x555582889a20_0;
    %cmpi/s 4194304, 0, 32;
	  %jmp/0xz T_39.1, 5;
    %pushi/vec4 0, 0, 32;
    %ix/getv/s 4, v0x555582889a20_0;
    %store/vec4a v0x55558288af90, 4, 0;
T_39.2 ; for-loop step statement
    ; show_stmt_assign_vector: Get l-value for compressed += operand
    %load/vec4 v0x555582889a20_0;
    %pushi/vec4 1, 0, 32;
    %add;
    %cast2;
    %store/vec4 v0x555582889a20_0, 0, 32;
    %jmp T_39.0;
T_39.1 ; for-loop exit label
    %end;
    .scope S_0x555582889230;
t_4 %join;
    %end;
    .thread T_39;
    .scope S_0x555582889230;
T_40 ;
    %wait E_0x55558253cc00;
    %load/vec4 v0x55558288b0d0_0;
    %nor/r;
    %flag_set/vec4 8;
    %jmp/0xz  T_40.0, 8;
    %pushi/vec4 0, 0, 1;
    %assign/vec4 v0x555582889f50_0, 0;
    %pushi/vec4 0, 0, 1;
    %assign/vec4 v0x55558288b2b0_0, 0;
    %pushi/vec4 0, 0, 1;
    %assign/vec4 v0x55558288ae50_0, 0;
    %pushi/vec4 0, 0, 22;
    %assign/vec4 v0x555582889e20_0, 0;
    %pushi/vec4 0, 0, 32;
    %assign/vec4 v0x55558288b210_0, 0;
    %pushi/vec4 0, 0, 4;
    %assign/vec4 v0x55558288b560_0, 0;
    %jmp T_40.1;
T_40.0 ;
    %load/vec4 v0x55558288a4d0_0;
    %flag_set/vec4 9;
    %flag_get/vec4 9;
    %jmp/0 T_40.4, 9;
    %load/vec4 v0x55558288a430_0;
    %and;
T_40.4;
    %flag_set/vec4 8;
    %jmp/0xz  T_40.2, 8;
    %load/vec4 v0x55558288a2f0_0;
    %parti/s 22, 2, 3;
    %assign/vec4 v0x555582889e20_0, 0;
    %pushi/vec4 1, 0, 1;
    %assign/vec4 v0x555582889f50_0, 0;
T_40.2 ;
    %load/vec4 v0x55558288ad80_0;
    %flag_set/vec4 9;
    %flag_get/vec4 9;
    %jmp/0 T_40.7, 9;
    %load/vec4 v0x55558288abe0_0;
    %and;
T_40.7;
    %flag_set/vec4 8;
    %jmp/0xz  T_40.5, 8;
    %load/vec4 v0x55558288ab10_0;
    %assign/vec4 v0x55558288b210_0, 0;
    %load/vec4 v0x55558288acb0_0;
    %assign/vec4 v0x55558288b560_0, 0;
    %pushi/vec4 1, 0, 1;
    %assign/vec4 v0x55558288b2b0_0, 0;
T_40.5 ;
    %load/vec4 v0x555582889f50_0;
    %flag_set/vec4 10;
    %flag_get/vec4 10;
    %jmp/0 T_40.11, 10;
    %load/vec4 v0x55558288b2b0_0;
    %and;
T_40.11;
    %flag_set/vec4 9;
    %flag_get/vec4 9;
    %jmp/0 T_40.10, 9;
    %load/vec4 v0x55558288ae50_0;
    %nor/r;
    %and;
T_40.10;
    %flag_set/vec4 8;
    %jmp/0xz  T_40.8, 8;
    %load/vec4 v0x55558288b560_0;
    %parti/s 1, 0, 2;
    %flag_set/vec4 8;
    %jmp/0xz  T_40.12, 8;
    %load/vec4 v0x55558288b210_0;
    %parti/s 8, 0, 2;
    %load/vec4 v0x555582889e20_0;
    %pad/u 24;
    %ix/vec4 3;
    %ix/load 4, 0, 0; Constant delay
    %assign/vec4/a/d v0x55558288af90, 0, 4;
T_40.12 ;
    %load/vec4 v0x55558288b560_0;
    %parti/s 1, 1, 2;
    %flag_set/vec4 8;
    %jmp/0xz  T_40.14, 8;
    %load/vec4 v0x55558288b210_0;
    %parti/s 8, 8, 5;
    %load/vec4 v0x555582889e20_0;
    %pad/u 24;
    %ix/vec4 3;
    %ix/load 4, 8, 0; part off
    %ix/load 5, 0, 0; Constant delay
    %assign/vec4/a/d v0x55558288af90, 4, 5;
T_40.14 ;
    %load/vec4 v0x55558288b560_0;
    %parti/s 1, 2, 3;
    %flag_set/vec4 8;
    %jmp/0xz  T_40.16, 8;
    %load/vec4 v0x55558288b210_0;
    %parti/s 8, 16, 6;
    %load/vec4 v0x555582889e20_0;
    %pad/u 24;
    %ix/vec4 3;
    %ix/load 4, 16, 0; part off
    %ix/load 5, 0, 0; Constant delay
    %assign/vec4/a/d v0x55558288af90, 4, 5;
T_40.16 ;
    %load/vec4 v0x55558288b560_0;
    %parti/s 1, 3, 3;
    %flag_set/vec4 8;
    %jmp/0xz  T_40.18, 8;
    %load/vec4 v0x55558288b210_0;
    %parti/s 8, 24, 6;
    %load/vec4 v0x555582889e20_0;
    %pad/u 24;
    %ix/vec4 3;
    %ix/load 4, 24, 0; part off
    %ix/load 5, 0, 0; Constant delay
    %assign/vec4/a/d v0x55558288af90, 4, 5;
T_40.18 ;
    %pushi/vec4 1, 0, 1;
    %assign/vec4 v0x55558288ae50_0, 0;
T_40.8 ;
    %load/vec4 v0x55558288ae50_0;
    %flag_set/vec4 9;
    %flag_get/vec4 9;
    %jmp/0 T_40.22, 9;
    %load/vec4 v0x55558288a570_0;
    %and;
T_40.22;
    %flag_set/vec4 8;
    %jmp/0xz  T_40.20, 8;
    %pushi/vec4 0, 0, 1;
    %assign/vec4 v0x55558288ae50_0, 0;
    %pushi/vec4 0, 0, 1;
    %assign/vec4 v0x555582889f50_0, 0;
    %pushi/vec4 0, 0, 1;
    %assign/vec4 v0x55558288b2b0_0, 0;
T_40.20 ;
T_40.1 ;
    %jmp T_40;
    .thread T_40;
    .scope S_0x555582889230;
T_41 ;
    %wait E_0x55558253cc00;
    %load/vec4 v0x55558288b0d0_0;
    %nor/r;
    %flag_set/vec4 8;
    %jmp/0xz  T_41.0, 8;
    %pushi/vec4 0, 0, 1;
    %assign/vec4 v0x55558288b170_0, 0;
    %pushi/vec4 0, 0, 32;
    %assign/vec4 v0x55558288b030_0, 0;
    %jmp T_41.1;
T_41.0 ;
    %load/vec4 v0x55558288a250_0;
    %flag_set/vec4 9;
    %flag_get/vec4 9;
    %jmp/0 T_41.4, 9;
    %load/vec4 v0x55558288a1b0_0;
    %and;
T_41.4;
    %flag_set/vec4 8;
    %jmp/0xz  T_41.2, 8;
    %load/vec4 v0x55558288a010_0;
    %parti/s 22, 2, 3;
    %pad/u 24;
    %ix/vec4 4;
    %load/vec4a v0x55558288af90, 4;
    %assign/vec4 v0x55558288b030_0, 0;
    %pushi/vec4 1, 0, 1;
    %assign/vec4 v0x55558288b170_0, 0;
T_41.2 ;
    %load/vec4 v0x55558288b170_0;
    %flag_set/vec4 9;
    %flag_get/vec4 9;
    %jmp/0 T_41.7, 9;
    %load/vec4 v0x55558288a900_0;
    %and;
T_41.7;
    %flag_set/vec4 8;
    %jmp/0xz  T_41.5, 8;
    %pushi/vec4 0, 0, 1;
    %assign/vec4 v0x55558288b170_0, 0;
T_41.5 ;
T_41.1 ;
    %jmp T_41;
    .thread T_41;
    .scope S_0x5555827a2880;
T_42 ;
    %wait E_0x55558253cc00;
    %load/vec4 v0x555582858980_0;
    %nor/r;
    %flag_set/vec4 8;
    %jmp/0xz  T_42.0, 8;
    %pushi/vec4 0, 0, 3;
    %assign/vec4 v0x555582858a20_0, 0;
    %pushi/vec4 0, 0, 1;
    %assign/vec4 v0x55558285e7e0_0, 0;
    %pushi/vec4 0, 0, 1;
    %assign/vec4 v0x55558285bca0_0, 0;
    %pushi/vec4 0, 0, 32;
    %assign/vec4 v0x55558285e740_0, 0;
    %pushi/vec4 0, 0, 3;
    %assign/vec4 v0x555582858d90_0, 0;
    %pushi/vec4 0, 0, 32;
    %assign/vec4 v0x55558285bd60_0, 0;
    %pushi/vec4 0, 0, 4;
    %assign/vec4 v0x55558285b8c0_0, 0;
    %pushi/vec4 0, 0, 32;
    %assign/vec4 v0x55558285eb20_0, 0;
    %pushi/vec4 0, 0, 1;
    %assign/vec4 v0x55558285ebc0_0, 0;
    %pushi/vec4 0, 0, 1;
    %assign/vec4 v0x55558285c150_0, 0;
    %pushi/vec4 0, 0, 1;
    %assign/vec4 v0x55558285f760_0, 0;
    %pushi/vec4 0, 0, 1;
    %assign/vec4 v0x555582859650_0, 0;
    %pushi/vec4 0, 0, 1;
    %assign/vec4 v0x55558285efd0_0, 0;
    %pushi/vec4 0, 0, 32;
    %assign/vec4 v0x5555828595b0_0, 0;
    %pushi/vec4 0, 0, 32;
    %assign/vec4 v0x55558285ef00_0, 0;
    %pushi/vec4 0, 0, 4;
    %assign/vec4 v0x55558285f380_0, 0;
    %pushi/vec4 0, 0, 3;
    %assign/vec4 v0x5555828591a0_0, 0;
    %pushi/vec4 0, 0, 1;
    %assign/vec4 v0x55558285d4c0_0, 0;
    %pushi/vec4 0, 0, 2;
    %assign/vec4 v0x55558285d3e0_0, 0;
    %pushi/vec4 0, 0, 1;
    %assign/vec4 v0x55558285cd00_0, 0;
    %pushi/vec4 0, 0, 32;
    %assign/vec4 v0x55558285d000_0, 0;
    %pushi/vec4 0, 0, 2;
    %assign/vec4 v0x55558285cc20_0, 0;
    %jmp T_42.1;
T_42.0 ;
    %load/vec4 v0x555582858a20_0;
    %dup/vec4;
    %pushi/vec4 0, 0, 3;
    %cmp/u;
    %jmp/1 T_42.2, 6;
    %dup/vec4;
    %pushi/vec4 1, 0, 3;
    %cmp/u;
    %jmp/1 T_42.3, 6;
    %dup/vec4;
    %pushi/vec4 2, 0, 3;
    %cmp/u;
    %jmp/1 T_42.4, 6;
    %dup/vec4;
    %pushi/vec4 3, 0, 3;
    %cmp/u;
    %jmp/1 T_42.5, 6;
    %dup/vec4;
    %pushi/vec4 4, 0, 3;
    %cmp/u;
    %jmp/1 T_42.6, 6;
    %pushi/vec4 0, 0, 3;
    %assign/vec4 v0x555582858a20_0, 0;
    %jmp T_42.8;
T_42.2 ;
    %load/vec4 v0x55558285d7c0_0;
    %flag_set/vec4 9;
    %flag_get/vec4 9;
    %jmp/0 T_42.11, 9;
    %load/vec4 v0x55558285dc60_0;
    %and;
T_42.11;
    %flag_set/vec4 8;
    %jmp/0xz  T_42.9, 8;
    %pushi/vec4 1, 0, 1;
    %assign/vec4 v0x55558285e7e0_0, 0;
    %load/vec4 v0x55558285e020_0;
    %assign/vec4 v0x55558285e740_0, 0;
    %load/vec4 v0x55558285dba0_0;
    %assign/vec4 v0x555582858d90_0, 0;
T_42.9 ;
    %load/vec4 v0x55558285c540_0;
    %flag_set/vec4 9;
    %flag_get/vec4 9;
    %jmp/0 T_42.14, 9;
    %load/vec4 v0x55558285c920_0;
    %and;
T_42.14;
    %flag_set/vec4 8;
    %jmp/0xz  T_42.12, 8;
    %pushi/vec4 1, 0, 1;
    %assign/vec4 v0x55558285bca0_0, 0;
    %load/vec4 v0x55558285c840_0;
    %assign/vec4 v0x55558285bd60_0, 0;
    %load/vec4 v0x55558285c460_0;
    %assign/vec4 v0x55558285b8c0_0, 0;
T_42.12 ;
    %load/vec4 v0x55558285e7e0_0;
    %flag_set/vec4 9;
    %jmp/1 T_42.19, 9;
    %load/vec4 v0x55558285d7c0_0;
    %flag_set/vec4 11;
    %flag_get/vec4 11;
    %jmp/0 T_42.20, 11;
    %load/vec4 v0x55558285dc60_0;
    %and;
T_42.20;
    %flag_set/vec4 10;
    %flag_or 9, 10;
T_42.19;
    %flag_get/vec4 9;
    %jmp/0 T_42.18, 9;
    %load/vec4 v0x55558285bca0_0;
    %and;
T_42.18;
    %flag_set/vec4 8;
    %jmp/1 T_42.17, 8;
    %load/vec4 v0x55558285c540_0;
    %flag_set/vec4 10;
    %flag_get/vec4 10;
    %jmp/0 T_42.21, 10;
    %load/vec4 v0x55558285c920_0;
    %and;
T_42.21;
    %flag_set/vec4 9;
    %flag_or 8, 9;
T_42.17;
    %jmp/0xz  T_42.15, 8;
    %pushi/vec4 1, 0, 3;
    %assign/vec4 v0x555582858a20_0, 0;
    %pushi/vec4 1, 0, 1;
    %assign/vec4 v0x55558285c150_0, 0;
    %pushi/vec4 1, 0, 1;
    %assign/vec4 v0x55558285f760_0, 0;
    %pushi/vec4 0, 0, 1;
    %assign/vec4 v0x555582859650_0, 0;
    %pushi/vec4 1, 0, 1;
    %assign/vec4 v0x55558285efd0_0, 0;
    %load/vec4 v0x55558285d7c0_0;
    %flag_set/vec4 9;
    %flag_get/vec4 9;
    %jmp/0 T_42.24, 9;
    %load/vec4 v0x55558285dc60_0;
    %and;
T_42.24;
    %flag_set/vec4 8;
    %jmp/0 T_42.22, 8;
    %load/vec4 v0x55558285e020_0;
    %jmp/1 T_42.23, 8;
T_42.22 ; End of true expr.
    %load/vec4 v0x55558285e740_0;
    %jmp/0 T_42.23, 8;
 ; End of false expr.
    %blend;
T_42.23;
    %assign/vec4 v0x5555828595b0_0, 0;
    %load/vec4 v0x55558285c540_0;
    %flag_set/vec4 9;
    %flag_get/vec4 9;
    %jmp/0 T_42.27, 9;
    %load/vec4 v0x55558285c920_0;
    %and;
T_42.27;
    %flag_set/vec4 8;
    %jmp/0 T_42.25, 8;
    %load/vec4 v0x55558285c840_0;
    %jmp/1 T_42.26, 8;
T_42.25 ; End of true expr.
    %load/vec4 v0x55558285bd60_0;
    %jmp/0 T_42.26, 8;
 ; End of false expr.
    %blend;
T_42.26;
    %assign/vec4 v0x55558285ef00_0, 0;
    %load/vec4 v0x55558285c540_0;
    %flag_set/vec4 9;
    %flag_get/vec4 9;
    %jmp/0 T_42.30, 9;
    %load/vec4 v0x55558285c920_0;
    %and;
T_42.30;
    %flag_set/vec4 8;
    %jmp/0 T_42.28, 8;
    %load/vec4 v0x55558285c460_0;
    %jmp/1 T_42.29, 8;
T_42.28 ; End of true expr.
    %load/vec4 v0x55558285b8c0_0;
    %jmp/0 T_42.29, 8;
 ; End of false expr.
    %blend;
T_42.29;
    %assign/vec4 v0x55558285f380_0, 0;
    %load/vec4 v0x55558285d7c0_0;
    %flag_set/vec4 9;
    %flag_get/vec4 9;
    %jmp/0 T_42.33, 9;
    %load/vec4 v0x55558285dc60_0;
    %and;
T_42.33;
    %flag_set/vec4 8;
    %jmp/0 T_42.31, 8;
    %load/vec4 v0x55558285dba0_0;
    %jmp/1 T_42.32, 8;
T_42.31 ; End of true expr.
    %load/vec4 v0x555582858d90_0;
    %jmp/0 T_42.32, 8;
 ; End of false expr.
    %blend;
T_42.32;
    %assign/vec4 v0x5555828591a0_0, 0;
    %jmp T_42.16;
T_42.15 ;
    %load/vec4 v0x55558285df80_0;
    %flag_set/vec4 9;
    %flag_get/vec4 9;
    %jmp/0 T_42.36, 9;
    %load/vec4 v0x55558285e420_0;
    %and;
T_42.36;
    %flag_set/vec4 8;
    %jmp/0xz  T_42.34, 8;
    %pushi/vec4 1, 0, 3;
    %assign/vec4 v0x555582858a20_0, 0;
    %pushi/vec4 0, 0, 1;
    %assign/vec4 v0x55558285c150_0, 0;
    %pushi/vec4 1, 0, 1;
    %assign/vec4 v0x55558285f760_0, 0;
    %pushi/vec4 0, 0, 1;
    %assign/vec4 v0x555582859650_0, 0;
    %pushi/vec4 0, 0, 1;
    %assign/vec4 v0x55558285efd0_0, 0;
    %load/vec4 v0x555582858e70_0;
    %assign/vec4 v0x5555828595b0_0, 0;
    %pushi/vec4 0, 0, 32;
    %assign/vec4 v0x55558285ef00_0, 0;
    %pushi/vec4 0, 0, 4;
    %assign/vec4 v0x55558285f380_0, 0;
    %load/vec4 v0x55558285e360_0;
    %assign/vec4 v0x5555828591a0_0, 0;
T_42.34 ;
T_42.16 ;
    %jmp T_42.8;
T_42.3 ;
    %pushi/vec4 2, 0, 3;
    %assign/vec4 v0x555582858a20_0, 0;
    %pushi/vec4 1, 0, 1;
    %assign/vec4 v0x555582859650_0, 0;
    %jmp T_42.8;
T_42.4 ;
    %load/vec4 v0x55558285f6c0_0;
    %flag_set/vec4 8;
    %jmp/0xz  T_42.37, 8;
    %load/vec4 v0x555582859240_0;
    %assign/vec4 v0x55558285eb20_0, 0;
    %load/vec4 v0x55558285f2e0_0;
    %assign/vec4 v0x55558285ebc0_0, 0;
    %pushi/vec4 0, 0, 1;
    %assign/vec4 v0x55558285f760_0, 0;
    %pushi/vec4 0, 0, 1;
    %assign/vec4 v0x555582859650_0, 0;
    %load/vec4 v0x55558285c150_0;
    %flag_set/vec4 8;
    %jmp/0xz  T_42.39, 8;
    %pushi/vec4 1, 0, 1;
    %assign/vec4 v0x55558285d4c0_0, 0;
    %load/vec4 v0x55558285f2e0_0;
    %flag_set/vec4 8;
    %jmp/0 T_42.41, 8;
    %pushi/vec4 2, 0, 2;
    %jmp/1 T_42.42, 8;
T_42.41 ; End of true expr.
    %pushi/vec4 0, 0, 2;
    %jmp/0 T_42.42, 8;
 ; End of false expr.
    %blend;
T_42.42;
    %assign/vec4 v0x55558285d3e0_0, 0;
    %pushi/vec4 3, 0, 3;
    %assign/vec4 v0x555582858a20_0, 0;
    %pushi/vec4 0, 0, 1;
    %assign/vec4 v0x55558285e7e0_0, 0;
    %pushi/vec4 0, 0, 1;
    %assign/vec4 v0x55558285bca0_0, 0;
    %jmp T_42.40;
T_42.39 ;
    %pushi/vec4 1, 0, 1;
    %assign/vec4 v0x55558285cd00_0, 0;
    %load/vec4 v0x555582859240_0;
    %assign/vec4 v0x55558285d000_0, 0;
    %load/vec4 v0x55558285f2e0_0;
    %flag_set/vec4 8;
    %jmp/0 T_42.43, 8;
    %pushi/vec4 2, 0, 2;
    %jmp/1 T_42.44, 8;
T_42.43 ; End of true expr.
    %pushi/vec4 0, 0, 2;
    %jmp/0 T_42.44, 8;
 ; End of false expr.
    %blend;
T_42.44;
    %assign/vec4 v0x55558285cc20_0, 0;
    %pushi/vec4 4, 0, 3;
    %assign/vec4 v0x555582858a20_0, 0;
T_42.40 ;
T_42.37 ;
    %jmp T_42.8;
T_42.5 ;
    %load/vec4 v0x55558285d860_0;
    %flag_set/vec4 9;
    %flag_get/vec4 9;
    %jmp/0 T_42.47, 9;
    %load/vec4 v0x55558285d4c0_0;
    %and;
T_42.47;
    %flag_set/vec4 8;
    %jmp/0xz  T_42.45, 8;
    %pushi/vec4 0, 0, 1;
    %assign/vec4 v0x55558285d4c0_0, 0;
    %pushi/vec4 0, 0, 3;
    %assign/vec4 v0x555582858a20_0, 0;
T_42.45 ;
    %jmp T_42.8;
T_42.6 ;
    %load/vec4 v0x55558285d0e0_0;
    %flag_set/vec4 9;
    %flag_get/vec4 9;
    %jmp/0 T_42.50, 9;
    %load/vec4 v0x55558285cd00_0;
    %and;
T_42.50;
    %flag_set/vec4 8;
    %jmp/0xz  T_42.48, 8;
    %pushi/vec4 0, 0, 1;
    %assign/vec4 v0x55558285cd00_0, 0;
    %pushi/vec4 0, 0, 3;
    %assign/vec4 v0x555582858a20_0, 0;
T_42.48 ;
    %jmp T_42.8;
T_42.8 ;
    %pop/vec4 1;
T_42.1 ;
    %jmp T_42;
    .thread T_42;
    .scope S_0x5555828407c0;
T_43 ;
Ewait_15 .event/or E_0x555582711840, E_0x0;
    %wait Ewait_15;
    %load/vec4 v0x55558283d510_0;
    %cmpi/u 536870912, 0, 32;
    %flag_inv 5; GE is !LT
    %flag_get/vec4 5;
    %jmp/0 T_43.2, 5;
    %load/vec4 v0x55558283d510_0;
    %cmpi/u 536875007, 0, 32;
    %flag_get/vec4 4;
    %flag_get/vec4 5;
    %or;
    %and;
T_43.2;
    %flag_set/vec4 8;
    %jmp/0xz  T_43.0, 8;
    %pushi/vec4 0, 0, 3;
    %store/vec4 v0x5555827aa300_0, 0, 3;
    %jmp T_43.1;
T_43.0 ;
    %load/vec4 v0x55558283d510_0;
    %cmpi/u 536875008, 0, 32;
    %flag_inv 5; GE is !LT
    %flag_get/vec4 5;
    %jmp/0 T_43.5, 5;
    %load/vec4 v0x55558283d510_0;
    %cmpi/u 536879103, 0, 32;
    %flag_get/vec4 4;
    %flag_get/vec4 5;
    %or;
    %and;
T_43.5;
    %flag_set/vec4 8;
    %jmp/0xz  T_43.3, 8;
    %pushi/vec4 1, 0, 3;
    %store/vec4 v0x5555827aa300_0, 0, 3;
    %jmp T_43.4;
T_43.3 ;
    %load/vec4 v0x55558283d510_0;
    %cmpi/u 536879104, 0, 32;
    %flag_inv 5; GE is !LT
    %flag_get/vec4 5;
    %jmp/0 T_43.8, 5;
    %load/vec4 v0x55558283d510_0;
    %cmpi/u 536883199, 0, 32;
    %flag_get/vec4 4;
    %flag_get/vec4 5;
    %or;
    %and;
T_43.8;
    %flag_set/vec4 8;
    %jmp/0xz  T_43.6, 8;
    %pushi/vec4 2, 0, 3;
    %store/vec4 v0x5555827aa300_0, 0, 3;
    %jmp T_43.7;
T_43.6 ;
    %load/vec4 v0x55558283d510_0;
    %cmpi/u 536883200, 0, 32;
    %flag_inv 5; GE is !LT
    %flag_get/vec4 5;
    %jmp/0 T_43.11, 5;
    %load/vec4 v0x55558283d510_0;
    %cmpi/u 536887295, 0, 32;
    %flag_get/vec4 4;
    %flag_get/vec4 5;
    %or;
    %and;
T_43.11;
    %flag_set/vec4 8;
    %jmp/0xz  T_43.9, 8;
    %pushi/vec4 3, 0, 3;
    %store/vec4 v0x5555827aa300_0, 0, 3;
    %jmp T_43.10;
T_43.9 ;
    %load/vec4 v0x55558283d510_0;
    %cmpi/u 536887296, 0, 32;
    %flag_inv 5; GE is !LT
    %flag_get/vec4 5;
    %jmp/0 T_43.14, 5;
    %load/vec4 v0x55558283d510_0;
    %cmpi/u 536891391, 0, 32;
    %flag_get/vec4 4;
    %flag_get/vec4 5;
    %or;
    %and;
T_43.14;
    %flag_set/vec4 8;
    %jmp/0xz  T_43.12, 8;
    %pushi/vec4 4, 0, 3;
    %store/vec4 v0x5555827aa300_0, 0, 3;
    %jmp T_43.13;
T_43.12 ;
    %pushi/vec4 7, 0, 3;
    %store/vec4 v0x5555827aa300_0, 0, 3;
T_43.13 ;
T_43.10 ;
T_43.7 ;
T_43.4 ;
T_43.1 ;
    %jmp T_43;
    .thread T_43, $push;
    .scope S_0x5555828407c0;
T_44 ;
Ewait_16 .event/or E_0x555582711920, E_0x0;
    %wait Ewait_16;
    %pushi/vec4 0, 0, 1;
    %store/vec4 v0x5555827a4af0_0, 0, 1;
    %pushi/vec4 0, 0, 1;
    %store/vec4 v0x5555827a4a30_0, 0, 1;
    %pushi/vec4 0, 0, 1;
    %store/vec4 v0x5555827a5340_0, 0, 1;
    %pushi/vec4 0, 0, 1;
    %store/vec4 v0x5555827a4f60_0, 0, 1;
    %pushi/vec4 0, 0, 1;
    %store/vec4 v0x5555827a5280_0, 0, 1;
    %load/vec4 v0x5555827a4ea0_0;
    %flag_set/vec4 8;
    %jmp/0xz  T_44.0, 8;
    %load/vec4 v0x5555827aa300_0;
    %dup/vec4;
    %pushi/vec4 0, 0, 3;
    %cmp/u;
    %jmp/1 T_44.2, 6;
    %dup/vec4;
    %pushi/vec4 1, 0, 3;
    %cmp/u;
    %jmp/1 T_44.3, 6;
    %dup/vec4;
    %pushi/vec4 2, 0, 3;
    %cmp/u;
    %jmp/1 T_44.4, 6;
    %dup/vec4;
    %pushi/vec4 3, 0, 3;
    %cmp/u;
    %jmp/1 T_44.5, 6;
    %dup/vec4;
    %pushi/vec4 4, 0, 3;
    %cmp/u;
    %jmp/1 T_44.6, 6;
    %jmp T_44.8;
T_44.2 ;
    %pushi/vec4 1, 0, 1;
    %store/vec4 v0x5555827a4af0_0, 0, 1;
    %jmp T_44.8;
T_44.3 ;
    %pushi/vec4 1, 0, 1;
    %store/vec4 v0x5555827a4a30_0, 0, 1;
    %jmp T_44.8;
T_44.4 ;
    %pushi/vec4 1, 0, 1;
    %store/vec4 v0x5555827a5340_0, 0, 1;
    %jmp T_44.8;
T_44.5 ;
    %pushi/vec4 1, 0, 1;
    %store/vec4 v0x5555827a4f60_0, 0, 1;
    %jmp T_44.8;
T_44.6 ;
    %pushi/vec4 1, 0, 1;
    %store/vec4 v0x5555827a5280_0, 0, 1;
    %jmp T_44.8;
T_44.8 ;
    %pop/vec4 1;
T_44.0 ;
    %jmp T_44;
    .thread T_44, $push;
    .scope S_0x5555828407c0;
T_45 ;
Ewait_17 .event/or E_0x5555827119e0, E_0x0;
    %wait Ewait_17;
    %load/vec4 v0x5555827aa300_0;
    %dup/vec4;
    %pushi/vec4 0, 0, 3;
    %cmp/u;
    %jmp/1 T_45.0, 6;
    %dup/vec4;
    %pushi/vec4 1, 0, 3;
    %cmp/u;
    %jmp/1 T_45.1, 6;
    %dup/vec4;
    %pushi/vec4 2, 0, 3;
    %cmp/u;
    %jmp/1 T_45.2, 6;
    %dup/vec4;
    %pushi/vec4 3, 0, 3;
    %cmp/u;
    %jmp/1 T_45.3, 6;
    %dup/vec4;
    %pushi/vec4 4, 0, 3;
    %cmp/u;
    %jmp/1 T_45.4, 6;
    %pushi/vec4 0, 0, 32;
    %store/vec4 v0x5555827a8df0_0, 0, 32;
    %pushi/vec4 1, 0, 1;
    %store/vec4 v0x5555827a5a80_0, 0, 1;
    %pushi/vec4 1, 0, 1;
    %store/vec4 v0x5555827baa50_0, 0, 1;
    %jmp T_45.6;
T_45.0 ;
    %load/vec4 v0x5555827a6360_0;
    %store/vec4 v0x5555827a8df0_0, 0, 32;
    %load/vec4 v0x5555827a5740_0;
    %store/vec4 v0x5555827a5a80_0, 0, 1;
    %load/vec4 v0x5555827b8c30_0;
    %store/vec4 v0x5555827baa50_0, 0, 1;
    %jmp T_45.6;
T_45.1 ;
    %load/vec4 v0x5555827a6760_0;
    %store/vec4 v0x5555827a8df0_0, 0, 32;
    %load/vec4 v0x5555827a5680_0;
    %store/vec4 v0x5555827a5a80_0, 0, 1;
    %load/vec4 v0x5555827b8b70_0;
    %store/vec4 v0x5555827baa50_0, 0, 1;
    %jmp T_45.6;
T_45.2 ;
    %load/vec4 v0x55558276f2f0_0;
    %store/vec4 v0x5555827a8df0_0, 0, 32;
    %load/vec4 v0x5555827a6040_0;
    %store/vec4 v0x5555827a5a80_0, 0, 1;
    %load/vec4 v0x555582836640_0;
    %store/vec4 v0x5555827baa50_0, 0, 1;
    %jmp T_45.6;
T_45.3 ;
    %load/vec4 v0x5555827b9910_0;
    %store/vec4 v0x5555827a8df0_0, 0, 32;
    %load/vec4 v0x5555827a5b40_0;
    %store/vec4 v0x5555827a5a80_0, 0, 1;
    %load/vec4 v0x5555827bab10_0;
    %store/vec4 v0x5555827baa50_0, 0, 1;
    %jmp T_45.6;
T_45.4 ;
    %load/vec4 v0x555582774af0_0;
    %store/vec4 v0x5555827a8df0_0, 0, 32;
    %load/vec4 v0x5555827a5f80_0;
    %store/vec4 v0x5555827a5a80_0, 0, 1;
    %load/vec4 v0x555582836580_0;
    %store/vec4 v0x5555827baa50_0, 0, 1;
    %jmp T_45.6;
T_45.6 ;
    %pop/vec4 1;
    %jmp T_45;
    .thread T_45, $push;
# The file index is used to find the file name in the following table.
:file_names 11;
    "N/A";
    "<interactive>";
    "-";
    "rtl/asic/soc_core.sv";
    "rtl/interconnect/apb_interconnect.sv";
    "rtl/interconnect/axi2apb_bridge.sv";
    "rtl/interconnect/axi_interconnect.sv";
    "rtl/memory/axi_ram.sv";
    "rtl/core/picorv32_axi.sv";
    "rtl/core/picorv32_axi_adapter.sv";
    "rtl/core/picorv32.sv";
